filename	label	start_span	end_span	term	code	sem_rel	is_abbrev	is_composite	need_context
S0004-06142006000100010-1	PROCEDIMIENTO	216	237	ultrasonido abdominal	45036003	EXACT	False	False	False
S0004-06142006000100010-1	PROCEDIMIENTO	348	368	Urograma descendente	32265006	EXACT	False	False	False
S0004-06142006000100010-1	PROCEDIMIENTO	479	493	TAC helicoidal	116152004	EXACT	False	False	True
S0004-06142006000100010-1	PROCEDIMIENTO	681	731	estudio hormonal para la determinación de cortisol	62037009	EXACT	False	False	False
S0004-06142006000100010-1	PROCEDIMIENTO	771	798	cirugía por abordaje lumbar	74943008	NARROW	False	False	False
S0004-06142006000100010-1	PROCEDIMIENTO	804	830	hallazgos transoperatorios	387713003	EXACT	False	False	False
S0004-06142006000100014-1	PROCEDIMIENTO	1283	1308	ecografía abdominopélvica	418394000	EXACT	False	False	False
S0004-06142006000100014-1	PROCEDIMIENTO	2366	2384	drenaje percutáneo	698956007	NARROW	False	False	False
S0004-06142006000100014-1	PROCEDIMIENTO	2421	2472	nefrectomía simple derecha por lumbotomía subcostal	765473008	NARROW	False	False	False
S0004-06142006000100014-1	PROCEDIMIENTO	2473	2525	evacuando 7.800 mililitros de contenido serohemático	118441006	EXACT	False	False	False
S0004-06142006000100014-1	PROCEDIMIENTO	2539	2570	linfadenectomía hiliar ampliada	234253006	NARROW	False	False	False
S0004-06142006000100014-1	PROCEDIMIENTO	2621	2639	cultivo del fluido	61594008	EXACT	False	False	False
S0004-06142006000100014-1	PROCEDIMIENTO	999	1042	marcadores tumorales hepáticos y digestivos	250724005	NARROW	False	False	False
S0004-06142006000500002-2	PROCEDIMIENTO	610	638	ecografía urológica integral	302801006	EXACT	False	False	False
S0004-06142006000500002-2	PROCEDIMIENTO	783	803	TAC abdómino-pélvica	419394006	EXACT	True	False	False
S0004-06142006000500002-3	PROCEDIMIENTO	1530	1574	biopsia del testículo izquierdo vía inguinal	116170001	EXACT	False	False	False
S0004-06142006000500002-3	PROCEDIMIENTO	1985	2016	biopsia del testículo izquierdo	118958009	EXACT	False	False	False
S0004-06142006000500002-3	PROCEDIMIENTO	2389	2416	biopsia del teste izquierdo	118958009	EXACT	False	False	False
S0004-06142006000500002-3	PROCEDIMIENTO	2624	2645	evidencia radiológica	363679005	EXACT	False	False	False
S0004-06142006000500002-3	PROCEDIMIENTO	324	347	Uretrotomía endoscópica	236159000	EXACT	False	False	True
S0004-06142006000500002-3	PROCEDIMIENTO	481	485	LEOC	44345001	EXACT	True	False	False
S0004-06142006000500002-3	PROCEDIMIENTO	487	504	Ureterolitectomía	56807000	EXACT	False	False	False
S0004-06142006000500002-3	PROCEDIMIENTO	738	751	espermiograma	5025004	EXACT	False	False	False
S0004-06142006000500002-3	PROCEDIMIENTO	789	817	ecografía-doppler testicular	440495009	EXACT	False	False	False
S0004-06142006000900015-1	PROCEDIMIENTO	1222	1256	extirpación de las masas tumorales	370612006	EXACT	False	False	False
S0004-06142006000900015-1	PROCEDIMIENTO	1241	1351	masas tumorales, resecándose la adyacente al hígado así como varios implantes peritoneales y retroperitoneales	370612006	NARROW	False	False	False
S0004-06142006000900015-1	PROCEDIMIENTO	1862	1880	analgésicos suaves	52685006	EXACT	False	False	False
S0004-06142006000900015-1	PROCEDIMIENTO	364	417	nefrectomía radical derecha por laparotomía subcostal	439235001	NARROW	False	False	False
S0004-06142006000900015-1	PROCEDIMIENTO	396	417	laparotomía subcostal	86481000	NARROW	False	False	False
S0004-06142007000200017-1	PROCEDIMIENTO	1469	1510	TAC toraco-abdomino-pélvico con contraste	433761009	EXACT	True	False	False
S0004-06142007000200017-1	PROCEDIMIENTO	1676	1711	orquiectomía bilateral vía inguinal	176417003	EXACT	False	False	False
S0004-06142007000200017-1	PROCEDIMIENTO	951	978	ecografía con flujo Doppler	1187106001	EXACT	False	False	False
S0004-06142007000600012-1	PROCEDIMIENTO	1016	1047	Fasciotomía de la raíz del pene	112699005	NARROW	False	False	False
S0004-06142007000600012-1	PROCEDIMIENTO	579	596	Prueba de Mantoux	424489006	EXACT	False	False	False
S0004-06142007000600012-1	PROCEDIMIENTO	650	662	RX de cadera	408740001	EXACT	True	False	False
S0004-06142007000600012-1	PROCEDIMIENTO	689	702	U/S abdominal	45036003	EXACT	True	False	False
S0004-06142007000600012-1	PROCEDIMIENTO	737	771	TAC simple de hipogastrio y pelvis	419394006	EXACT	True	False	False
S0004-06142007000600012-1	PROCEDIMIENTO	910	945	Exploración retroperitoneal derecha	288019006	NARROW	False	False	True
S0004-06142007000600012-1	PROCEDIMIENTO	948	984	Adenectomía de ilíaca derecha y cava	40390002	EXACT	False	False	True
S0004-06142007000600012-1	PROCEDIMIENTO	987	1013	Linfangioplastia con aguja	119952002	EXACT	False	False	False
S0004-06142007000600014-1	PROCEDIMIENTO	365	373	hormonas	122445005	EXACT	False	False	True
S0004-06142007000600014-1	PROCEDIMIENTO	885	954	tumoración paratesticular derecha se procede a su exéresis quirúrgica	176430002	NARROW	False	False	False
S0004-06142007000600014-1	PROCEDIMIENTO	935	1004	exéresis quirúrgica, separándose la tumoración del conducto deferente	128303001	NARROW	False	False	False
es-S0004-06142007000900010-1	PROCEDIMIENTO	1158	1223	se introduce un uretrotomo endoscópico hasta la uretra prostática	386544003	NARROW	False	False	True
es-S0004-06142007000900010-1	PROCEDIMIENTO	1373	1410	vejiga y por último se deja una sonda	410021007	EXACT	False	False	False
es-S0004-06142007000900010-1	PROCEDIMIENTO	1482	1552	laparotomía hasta la sínfisis del pubis, se revisa de nuevo el abdomen	36519005	EXACT	False	False	False
es-S0004-06142007000900010-1	PROCEDIMIENTO	1609	1640	se diseca el espacio de Retzius	70015005	EXACT	False	False	False
es-S0004-06142007000900010-1	PROCEDIMIENTO	1643	1713	mediante control radiológico, se palpa la cara anterior de la próstata	418542003	NARROW	False	False	True
es-S0004-06142007000900010-1	PROCEDIMIENTO	1787	1883	con una pinza de anillo y siempre bajo control radiológico se consigue agarrar y extraer la bala	418542003	NARROW	False	False	False
es-S0004-06142007000900010-1	PROCEDIMIENTO	2124	2147	se cierra la colostomía	3183007	EXACT	False	False	False
es-S0004-06142007000900010-1	PROCEDIMIENTO	2178	2197	la sonda se le deja	118448000	EXACT	False	False	False
es-S0004-06142007000900010-1	PROCEDIMIENTO	640	670	se pone un catéter suprapúbico	429516009	EXACT	False	False	True
es-S0004-06142007000900010-1	PROCEDIMIENTO	763	783	colostomía izquierda	398740003	NARROW	False	False	False
es-S0004-06142007000900012-1	PROCEDIMIENTO	599	648	nefrectomía radical derecha mediante laparoscopia	1017216005	EXACT	False	False	False
es-S0004-06142007000900012-1	PROCEDIMIENTO	658	677	studio macroscópico	168126000	EXACT	False	False	False
es-S0004-06142008000300011-1	PROCEDIMIENTO	1041	1070	se coloca prótesis testicular	77171007	EXACT	False	False	False
es-S0004-06142008000300011-1	PROCEDIMIENTO	1699	1719	pruebas por imágenes	363679005	EXACT	False	False	False
es-S0004-06142008000300011-1	PROCEDIMIENTO	1768	1782	espermiogramas	252928006	EXACT	False	False	False
es-S0004-06142008000300011-1	PROCEDIMIENTO	955	976	orquiectomía inguinal	446481000	EXACT	False	False	False
es-S0004-06142008000300011-1	PROCEDIMIENTO	982	1038	raquianestesia a nivel L3-L4 con bupivacaína hiperbárica	399097000	NARROW	False	False	False
es-S0004-06142008000300012-1	PROCEDIMIENTO	1014	1024	Hemostasia	372034000	EXACT	False	False	False
es-S0004-06142008000300012-1	PROCEDIMIENTO	1453	1473	ECO abdómino-pélvica	418394000	EXACT	True	False	False
es-S0004-06142008000300012-1	PROCEDIMIENTO	2561	2597	paracentesis bajo control ecográfico	710790002	EXACT	False	False	False
es-S0004-06142008000300012-1	PROCEDIMIENTO	3218	3241	INTERVENCIÓN QUIRÚRGICA	387713003	EXACT	False	False	False
es-S0004-06142008000300012-1	PROCEDIMIENTO	3382	3429	incisión tipo Chevron y acceso a retroperitoneo	12605005	NARROW	False	False	True
es-S0004-06142008000300012-1	PROCEDIMIENTO	3509	3553	liberación ascendente del paquete intestinal	235418009	NARROW	False	False	True
es-S0004-06142008000300012-1	PROCEDIMIENTO	3566	3603	ligadura de vena mesentérica inferior	32675000	NARROW	False	False	False
es-S0004-06142008000300012-1	PROCEDIMIENTO	3639	3731	seccionando los ligamentos redondo, coronario, triangulares derecho e izquierdo y falciforme	433016000	NARROW	False	False	True
es-S0004-06142008000300012-1	PROCEDIMIENTO	3748	3787	se libera el riñón izquierdo y su hilio	38755008	NARROW	False	False	False
es-S0004-06142008000300012-1	PROCEDIMIENTO	3829	3855	liberación de la vena cava	38755008	NARROW	False	False	False
es-S0004-06142008000300012-1	PROCEDIMIENTO	4213	4242	clampaje de pedículo hepático	360158007	NARROW	False	False	True
es-S0004-06142008000300012-1	PROCEDIMIENTO	4244	4263	maniobra de Pringle	360158007	NARROW	False	False	False
es-S0004-06142008000300012-1	PROCEDIMIENTO	4311	4320	cavotomía	367425007	NARROW	False	False	False
es-S0004-06142008000300012-1	PROCEDIMIENTO	4323	4367	apertura VRI, extracción completa del trombo	43810009	NARROW	True	False	True
es-S0004-06142008000300012-1	PROCEDIMIENTO	4394	4413	ANATOMÍA PATOLÓGICA	108257001	EXACT	False	False	False
es-S0004-06142008000300013-1	PROCEDIMIENTO	1569	1593	litotricia extracorpórea	44345001	EXACT	False	False	False
es-S0004-06142008000300013-1	PROCEDIMIENTO	1888	1898	Ecografías	16310003	EXACT	False	False	False
es-S0004-06142008000300013-1	PROCEDIMIENTO	966	984	drenaje percutáneo	122462000	NARROW	False	False	False
es-S0004-06142008000400011-2	PROCEDIMIENTO	268	286	cirugía prostática	741007	EXACT	False	False	False
es-S0004-06142008000400011-2	PROCEDIMIENTO	463	478	estudio doppler	1187106001	EXACT	False	False	False
es-S0004-06142008000400011-2	PROCEDIMIENTO	558	579	TAC post orquiectomía	446564006	NARROW	True	False	False
es-S0004-06142008000400011-2	PROCEDIMIENTO	68	94	linfadenectomía obturatriz	58347006	NARROW	False	False	True
es-S0004-06142008000400011-2	PROCEDIMIENTO	689	710	orquiectomía inguinal	446481000	EXACT	False	False	False
es-S0004-06142008000400011-2	PROCEDIMIENTO	822	871	quimioterapia citorreductiva según esquema R-CHOP	722491009	EXACT	False	False	False
es-S0004-06142008000400011-2	PROCEDIMIENTO	979	999	esquema IFOVM / DHAP	367336001	NARROW	True	False	False
es-S0004-06142008000400013-1	PROCEDIMIENTO	1148	1187	histerectomía total y doble anexectomía	86477000	EXACT	False	False	False
es-S0004-06142008000400013-1	PROCEDIMIENTO	1170	1187	doble anexectomía	450669005	EXACT	False	False	False
es-S0004-06142008000400013-1	PROCEDIMIENTO	1262	1322	estudio histológico intraoperatorio de la estructura ovárica	4849008	EXACT	False	False	False
es-S0004-06142008000400013-1	PROCEDIMIENTO	1396	1425	diagnóstico histológico renal	252416005	NARROW	False	False	False
es-S0004-06142008000400013-1	PROCEDIMIENTO	456	481	estudio de estadificación	15886004	NARROW	False	False	True
es-S0004-06142008000400016-1	PROCEDIMIENTO	1274	1316	análisis anatomopatológico intraoperatorio	108257001	NARROW	False	False	False
es-S0004-06142008000400016-1	PROCEDIMIENTO	1555	1574	penectomía subtotal	80855002	NARROW	False	False	False
es-S0004-06142008000400016-1	PROCEDIMIENTO	1655	1701	linfadenectomía inguinal superficial bilateral	234256003	EXACT	False	False	False
es-S0004-06142008000400016-1	PROCEDIMIENTO	1753	1772	TAC tóracoabdominal	418891003	EXACT	True	False	False
es-S0004-06142008000400016-1	PROCEDIMIENTO	1861	1871	penectomía	80855002	EXACT	False	False	False
es-S0004-06142008000400016-1	PROCEDIMIENTO	322	341	bloqueo androgénico	707266006	EXACT	False	False	False
es-S0004-06142008000400016-1	PROCEDIMIENTO	948	959	se palpaban	113011001	EXACT	False	False	False
es-S0004-06142008000400016-1	PROCEDIMIENTO	960	976	linfadenectomías	58347006	EXACT	False	False	False
es-S0004-06142008000500009-1	PROCEDIMIENTO	1038	1075	ligadura o sección del uréter derecho	7556002	EXACT	False	False	False
es-S0004-06142008000500009-1	PROCEDIMIENTO	1129	1141	ureterolisis	15761001	EXACT	False	False	False
es-S0004-06142008000500009-1	PROCEDIMIENTO	1144	1164	exéresis del urinoma	392022002	NARROW	False	False	False
es-S0004-06142008000500009-1	PROCEDIMIENTO	1170	1209	anastomosis termino-terminal del uréter	62779009	NARROW	False	False	False
es-S0004-06142008000500009-1	PROCEDIMIENTO	1276	1321	Se deja catéter doble J tutorizando el uréter	736683003	EXACT	False	False	False
es-S0004-06142008000500009-1	PROCEDIMIENTO	482	523	palpación profunda de fosa lumbar derecha	315316004	NARROW	False	False	False
es-S0004-06142008000500009-1	PROCEDIMIENTO	544	590	percusión y palpación de fosa lumbar izquierda	284365007	NARROW	False	False	False
es-S0004-06142008000500009-1	PROCEDIMIENTO	673	697	Tomografía computerizada	77477000	EXACT	False	False	False
es-S0004-06142008000500009-1	PROCEDIMIENTO	92	137	histerectomía abdominal con doble anexectomía	86477000	EXACT	False	False	False
es-S0004-06142008000700003-1	PROCEDIMIENTO	1166	1176	Rx. simple	168537006	EXACT	True	False	False
es-S0004-06142008000700003-1	PROCEDIMIENTO	1437	1454	uretrocistoscopia	386745004	EXACT	False	False	False
es-S0004-06142008000700003-1	PROCEDIMIENTO	1661	1671	TC pélvico	169071000	EXACT	True	False	False
es-S0004-06142008000700003-1	PROCEDIMIENTO	1887	1935	extracción de la misma mediante cistoslitectomía	123678003	NARROW	False	False	False
es-S0004-06142008000700003-1	PROCEDIMIENTO	1957	2017	"cistogasomectomía"" mediante apertura vesical a cielo abierto"	236218001	EXACT	False	False	True
es-S0004-06142008000700003-1	PROCEDIMIENTO	237	262	histerectomía vía vaginal	265056007	EXACT	False	False	False
es-S0004-06142008000700003-1	PROCEDIMIENTO	808	834	Rx aparato urinario simple	113103008	EXACT	True	False	False
es-S0004-06142009000400011-1	PROCEDIMIENTO	2613	2624	RMN pélvica	2690005	EXACT	True	False	False
es-S0004-06142009000400011-1	PROCEDIMIENTO	2695	2721	radioterapia locorregional	429685005	EXACT	False	False	False
es-S0004-06142009000400011-1	PROCEDIMIENTO	2724	2752	quimioterapia complementaria	367336001	EXACT	False	False	False
es-S0004-06142009000400011-1	PROCEDIMIENTO	2774	2800	radioterapia locorregional	429685005	EXACT	False	False	False
es-S0004-06142009000400011-1	PROCEDIMIENTO	3103	3121	citología urinaria	167354004	EXACT	False	False	False
es-S0004-06142009000400011-1	PROCEDIMIENTO	3124	3151	TAC toraco-abdomino-pélvico	418023006	EXACT	True	False	False
es-S0004-06142009000400011-1	PROCEDIMIENTO	399	415	sondaje urinario	720649006	EXACT	False	False	False
es-S0004-06142009000400011-1	PROCEDIMIENTO	417	444	se colocó talla suprapúbica	443425001	NARROW	False	False	False
es-S0004-06142010000100015-1	PROCEDIMIENTO	374	387	orquidectomia	236334001	EXACT	False	False	True
es-S0004-06142010000100015-1	PROCEDIMIENTO	460	483	estudio histopatologico	252416005	EXACT	False	False	False
es-S0210-48062003000900009-1	PROCEDIMIENTO	402	423	T.C. abdomino-pélvico	419394006	EXACT	True	False	False
es-S0210-48062003000900009-1	PROCEDIMIENTO	716	746	renograma isotópico con Tc-99m	241362005	EXACT	False	False	False
es-S0210-48062004000200011-1	PROCEDIMIENTO	1313	1338	Ecografía renal y vesical	303917008	EXACT	False	False	False
es-S0210-48062004000200011-1	PROCEDIMIENTO	1744	1781	orquiectomía radical por vía inguinal	116171002	EXACT	False	False	False
es-S0210-48062004000200011-1	PROCEDIMIENTO	1786	1833	anatomía patológica informa, en la macroscópica	168126000	EXACT	False	False	False
es-S0210-48062004000200011-1	PROCEDIMIENTO	2254	2289	TAC de cuerpo completo de estadiaje	169072007	EXACT	True	False	False
es-S0210-48062004000200011-1	PROCEDIMIENTO	2630	2665	fórmula leucocitaria y linfocitaria	302560003	EXACT	False	False	False
es-S0210-48062004000200011-1	PROCEDIMIENTO	2765	2787	biopsia de medula ósea	234326005	EXACT	False	False	False
es-S0210-48062004000200011-1	PROCEDIMIENTO	3103	3119	frotis sanguíneo	104130000	EXACT	False	False	False
es-S0210-48062004000200011-1	PROCEDIMIENTO	3419	3430	fibroscopia	423827005	EXACT	False	False	False
es-S0210-48062004000200011-1	PROCEDIMIENTO	3597	3601	CHOP	367336001	NARROW	True	False	True
es-S0210-48062004000200011-1	PROCEDIMIENTO	3597	3658	CHOP (ciclofosfamida, doxorrubicina, vincristina, prednisona)	367336001	NARROW	True	False	False
es-S0210-48062004000200011-1	PROCEDIMIENTO	3766	3811	quimioterapia pautándosele 6 ciclos de R-CHOP	722491009	EXACT	False	False	False
es-S0210-48062004000200011-1	PROCEDIMIENTO	3805	3811	R-CHOP	722491009	EXACT	True	False	False
es-S0210-48062004000200011-1	PROCEDIMIENTO	3830	3862	radioterapia genital coadyuvante	428831001	EXACT	False	False	True
es-S0210-48062004000200011-1	PROCEDIMIENTO	3865	3890	quimioprofilaxis cerebral	420965003	NARROW	False	False	False
es-S0210-48062004000200011-1	PROCEDIMIENTO	407	418	inhaladores	243132000	EXACT	False	False	False
es-S0210-48062004000200011-1	PROCEDIMIENTO	421	449	oxígeno crónico domiciliario	426990007	EXACT	False	False	False
es-S0210-48062004000200011-1	PROCEDIMIENTO	660	705	exploración genital en el hemiescroto derecho	363117004	EXACT	False	False	False
es-S0210-48062004000500009-1	PROCEDIMIENTO	1509	1528	exéresis de la masa	392022002	EXACT	False	False	False
es-S0210-48062004000500009-1	PROCEDIMIENTO	1602	1622	lumbotomía izquierda	260661008	NARROW	False	False	False
es-S0210-48062004000500009-1	PROCEDIMIENTO	1659	1674	disección renal	122459003	NARROW	False	False	True
es-S0210-48062004000500009-1	PROCEDIMIENTO	1979	2020	exéresis de la totalidad de la tumoración	370612006	EXACT	False	False	False
es-S0210-48062004000500009-1	PROCEDIMIENTO	2071	2090	exéresis de la masa	392022002	EXACT	False	False	False
es-S0210-48062004000500009-1	PROCEDIMIENTO	2237	2292	análisis anatomopatológico de la pared de la tumoración	108257001	NARROW	False	False	False
es-S0210-48062004000500009-1	PROCEDIMIENTO	492	527	intervención sobre el ojo izquierdo	59959006	EXACT	False	False	True
es-S0210-48062004000500009-1	PROCEDIMIENTO	593	641	ureterolitectomía del tercio superior del uréter	82667005	EXACT	False	False	False
es-S0210-48062004000500009-1	PROCEDIMIENTO	688	698	lumbotomía	260661008	EXACT	False	False	False
es-S0210-48062004000800009-1	PROCEDIMIENTO	1316	1371	mediante incisión en el flanco practicamos tumorectomía	370612006	NARROW	False	False	False
es-S0210-48062004000800009-1	PROCEDIMIENTO	605	616	Eco-doppler	1187106001	EXACT	False	False	False
es-S0210-48062004000800009-1	PROCEDIMIENTO	678	697	TC abdomino-pélvica	419394006	EXACT	True	False	False
es-S0210-48062004000800009-1	PROCEDIMIENTO	840	853	RNM abdominal	241621009	EXACT	True	False	False
es-S0210-48062005000300014-1	PROCEDIMIENTO	1353	1375	embolización selectiva	57238002	EXACT	False	False	True
es-S0210-48062005000300014-1	PROCEDIMIENTO	1436	1468	arteriografía de aorta abdominal	168941001	EXACT	False	False	False
es-S0210-48062005000300014-1	PROCEDIMIENTO	1486	1584	se cateteriza selectivamente la arteria renal derecha con un catéter angiográfico visceral Cobra 2	287581009	NARROW	False	False	False
es-S0210-48062005000300014-1	PROCEDIMIENTO	1630	1715	emboliza la arteria que irriga al tumor con partículas de alcohol de polivinilo (PVA)	57238002	NARROW	True	False	False
es-S0210-48062005000300014-1	PROCEDIMIENTO	2422	2427	IECAS	410682003	EXACT	True	False	False
es-S0210-48062005000300014-1	PROCEDIMIENTO	2430	2449	calcio antagonistas	722047001	EXACT	False	False	False
es-S0210-48062005000300014-1	PROCEDIMIENTO	685	705	estudio cistoscópico	24139008	EXACT	False	False	False
es-S0210-48062005000300014-1	PROCEDIMIENTO	772	780	Rx torax	399208008	EXACT	True	False	False
es-S0210-48062005000300014-1	PROCEDIMIENTO	782	801	bioquímica hemática	412890008	EXACT	False	False	False
es-S0210-48062005000400012-1	PROCEDIMIENTO	131	161	triple by-pass aorto-coronario	67166004	EXACT	False	False	False
es-S0210-48062005000400012-1	PROCEDIMIENTO	1576	1605	neovejiga ileal tipo Camey II	67212000	EXACT	False	False	False
es-S0210-48062005000400012-1	PROCEDIMIENTO	1684	1704	análisis histológico	252416005	EXACT	False	False	False
es-S0210-48062005000400012-1	PROCEDIMIENTO	2270	2295	linfadenectomía izquierda	58347006	EXACT	False	False	False
es-S0210-48062005000400012-1	PROCEDIMIENTO	2835	2868	factores estimulantes de colonias	372559001	EXACT	False	False	False
es-S0210-48062005000400012-1	PROCEDIMIENTO	2897	2900	QMT	367336001	EXACT	True	False	False
es-S0210-48062005000400012-1	PROCEDIMIENTO	2954	2973	controles de imagen	363679005	EXACT	False	False	False
es-S0210-48062005000700012-1	PROCEDIMIENTO	1237	1286	drenaje transcutáneo de las colecciones del psoas	238271007	NARROW	False	False	False
es-S0210-48062005000700012-1	PROCEDIMIENTO	1652	1677	drenaje de ambos músculos	178273001	EXACT	False	False	False
es-S0210-48062005000700012-1	PROCEDIMIENTO	1683	1700	discectomía L5-S1	239542002	NARROW	False	False	False
es-S0210-48062005000700012-1	PROCEDIMIENTO	467	499	estudio serológico para Brucella	104279004	EXACT	False	False	False
es-S0210-48062005000700012-1	PROCEDIMIENTO	509	524	Rosa de Bengala	37926009	NARROW	False	False	False
es-S0210-48062005000700012-1	PROCEDIMIENTO	536	553	sero-aglutinación	15220000	NARROW	False	False	False
es-S0210-48062005000700012-1	PROCEDIMIENTO	573	591	antibrucela-coombs	171129002	NARROW	False	False	False
es-S0210-48062005000700012-1	PROCEDIMIENTO	848	863	signo del psoas	77069005	EXACT	False	False	True
es-S0210-48062006000200018-1	PROCEDIMIENTO	399	435	exploración de testículo y epidídimo	284425007	EXACT	False	False	False
es-S0210-48062006000200018-1	PROCEDIMIENTO	87	100	vasectomizado	22523008	EXACT	False	False	False
es-S0210-48062006000400012-1	PROCEDIMIENTO	1540	1570	se palpan dos testículos sanos	284425007	EXACT	False	False	False
es-S0210-48062006000400012-1	PROCEDIMIENTO	2016	2052	cirugía para exploración y resección	65801008	EXACT	False	False	False
es-S0210-48062006000400012-1	PROCEDIMIENTO	2167	2195	incisión escrotal transversa	359667002	NARROW	False	False	False
es-S0210-48062006000400012-1	PROCEDIMIENTO	2211	2250	disección por planos hasta la albugínea	122459003	NARROW	False	False	False
es-S0210-48062006000400012-1	PROCEDIMIENTO	2843	2877	ligadura con hemostasia exhaustiva	90010006	NARROW	False	False	True
es-S0210-48062006000400012-1	PROCEDIMIENTO	3083	3156	se realiza bolsillo en espacio subdartos donde se aloja el testículo sano	176397001	NARROW	False	False	True
es-S0210-48062006000400012-1	PROCEDIMIENTO	3106	3226	espacio subdartos donde se aloja el testículo sano y es fijado con material de sutura orgánico absorbible (poliglactina)	85419002	NARROW	False	False	False
es-S0210-48062006000400012-1	PROCEDIMIENTO	3269	3300	Se realiza un cierre por planos	118450008	EXACT	False	False	False
es-S0210-48062006000400012-1	PROCEDIMIENTO	3319	3369	bloqueo del nervio ilioinguinal del lado izquierdo	56333001	NARROW	False	False	False
es-S0210-48062006000400012-1	PROCEDIMIENTO	3544	3563	cortes histológicos	252416005	EXACT	False	False	False
es-S0210-48062006000400012-1	PROCEDIMIENTO	699	706	doppler	1187106001	EXACT	False	False	False
es-S0210-48062006000700012-1	PROCEDIMIENTO	1178	1208	drenaje percutáneo del absceso	118442004	NARROW	False	False	False
es-S0210-48062006000700012-1	PROCEDIMIENTO	1211	1247	colocación de un catéter suprapúbico	429516009	EXACT	False	False	False
es-S0210-48062006000700012-1	PROCEDIMIENTO	1264	1297	punción transperineal ecodirigida	710790002	NARROW	False	False	True
es-S0210-48062006000700012-1	PROCEDIMIENTO	1331	1374	"se deja ""pig-tail"" de 7 French como drenaje"	698956007	EXACT	False	False	False
es-S0210-48062006000700012-1	PROCEDIMIENTO	1585	1626	“pig-tail” durante 24 horas y retirándose	103715008	NARROW	False	False	False
es-S0210-48062006000700012-1	PROCEDIMIENTO	920	936	prueba de imagen	363679005	EXACT	False	False	False
es-S0210-48062006000900012-2	PROCEDIMIENTO	1079	1096	disección pélvica	122459003	NARROW	False	False	False
es-S0210-48062006000900012-2	PROCEDIMIENTO	1133	1183	Construimos una neovejiga ileal con 45 cm de íleon	67212000	EXACT	False	False	False
es-S0210-48062006000900012-2	PROCEDIMIENTO	1697	1745	autocateterismos por alto residuo post-miccional	170883007	NARROW	False	False	False
es-S0210-48062006000900012-2	PROCEDIMIENTO	1760	1806	asa de Bricker se liberó de la pared abdominal	177853001	NARROW	False	False	False
es-S0210-48062006000900012-2	PROCEDIMIENTO	1809	1867	tras acortarlo se anastomosó a la chimenea de la neovejiga	25466008	NARROW	False	False	True
es-S0210-48062006000900012-2	PROCEDIMIENTO	1886	1905	reimplante ureteral	387701008	EXACT	False	False	False
es-S0210-48062006000900012-2	PROCEDIMIENTO	1910	1933	sonda vesical se retiró	286738000	EXACT	False	False	False
es-S0210-48062006000900012-2	PROCEDIMIENTO	2056	2077	derivación ortotópica	387713003	NARROW	False	False	False
es-S0210-48062006000900012-2	PROCEDIMIENTO	246	257	RTU-biopsia	8889005	NARROW	True	False	False
es-S0210-48062006000900012-2	PROCEDIMIENTO	417	458	cistoprostatectomía radical laparoscópica	81232004	NARROW	False	False	False
es-S0210-48062007000300014-1	PROCEDIMIENTO	1051	1069	Biometría hemática	412990009	EXACT	False	False	True
es-S0210-48062007000300014-1	PROCEDIMIENTO	114	126	circuncidado	72310004	EXACT	False	False	False
es-S0210-48062007000300014-1	PROCEDIMIENTO	1155	1172	Química sanguínea	412890008	EXACT	False	False	False
es-S0210-48062007000300014-1	PROCEDIMIENTO	1341	1349	Hormonas	122445005	EXACT	False	False	True
es-S0210-48062007000300014-1	PROCEDIMIENTO	1583	1600	Análisis de semen	11900001	EXACT	False	False	False
es-S0210-48062007000300014-1	PROCEDIMIENTO	1901	1921	Ultrasonido escrotal	24737001	EXACT	False	False	False
es-S0210-48062007000300014-1	PROCEDIMIENTO	2080	2149	técnica de reacción en cadena polimerasa múltiplex de STS cromosoma Y	252370006	NARROW	True	False	False
es-S0210-48062007000300014-1	PROCEDIMIENTO	2151	2162	Múltiplex A	444091001	EXACT	False	False	False
es-S0210-48062007000300014-1	PROCEDIMIENTO	2234	2245	Múltiplex B	444091001	EXACT	False	False	False
es-S0210-48062007000300014-1	PROCEDIMIENTO	998	1019	estudio de fertilidad	87727006	EXACT	False	False	False
es-S0210-48062007000700014-1	PROCEDIMIENTO	910	929	punción con cultivo	61594008	NARROW	False	False	True
es-S0210-48062007000700014-1	PROCEDIMIENTO	952	986	tratamiento antiagregante vía oral	840595002	EXACT	False	False	False
es-S0210-48062007001000004-1	PROCEDIMIENTO	1047	1076	orquiectomia inguinal derecha	767336008	EXACT	False	False	False
es-S0210-48062007001000004-1	PROCEDIMIENTO	1378	1450	quimioterapia según el esquema BEP (bleom<icina, etopósido y cisplatino)	367336001	NARROW	False	False	False
es-S0210-48062007001000004-1	PROCEDIMIENTO	1409	1412	BEP	367336001	NARROW	True	False	True
es-S0210-48062007001000004-1	PROCEDIMIENTO	2193	2247	Tomografía Axial Computerizada toraco-abdomino-pélvico	418023006	EXACT	False	False	False
es-S0210-48062007001000004-1	PROCEDIMIENTO	2436	2479	orquiectomía radical izquierda vía inguinal	767335007	EXACT	False	False	False
es-S0210-48062007001000004-1	PROCEDIMIENTO	2750	2771	tratamiento adyuvante	394895009	EXACT	False	False	False
es-S0210-48062007001000004-1	PROCEDIMIENTO	286	317	Herniorrafia inguinal bilateral	177866001	EXACT	False	False	False
es-S0210-48062007001000004-1	PROCEDIMIENTO	2938	2968	Tomografía Axial Computerizada	77477000	EXACT	False	False	False
es-S0210-48062007001000004-1	PROCEDIMIENTO	3177	3198	analíticas sanguíneas	396550006	EXACT	False	False	False
es-S0210-48062007001000004-1	PROCEDIMIENTO	784	814	Tomografía axial computerizada	77477000	EXACT	False	False	False
es-S0210-48062009000200019-1	PROCEDIMIENTO	1059	1115	quiste de uraco infectado, se realiza drenaje percutáneo	443741001	NARROW	False	False	False
es-S0210-48062009000200019-1	PROCEDIMIENTO	1120	1155	toma de muestras para microbiología	31507001	EXACT	False	False	False
es-S0210-48062009000200019-1	PROCEDIMIENTO	1224	1241	cultivos seriados	61594008	EXACT	False	False	False
es-S0210-48062009000200019-1	PROCEDIMIENTO	1938	1946	exéresis	65801008	EXACT	False	False	False
es-S0210-48062009000200019-1	PROCEDIMIENTO	2061	2103	estudio anátomo-patológico intraoperatorio	108257001	NARROW	False	False	False
es-S0210-48062009000200019-1	PROCEDIMIENTO	2157	2194	linfadenectomía ilio-ceco-apendicular	234253006	NARROW	False	False	False
es-S0210-48062009000200019-1	PROCEDIMIENTO	2200	2243	diagnóstico intraoperatorio por congelación	27872000	NARROW	False	False	True
es-S0210-48062009000200019-1	PROCEDIMIENTO	2273	2309	resección segmentaria apéndico-cecal	80146002	NARROW	False	False	False
es-S0210-48062009000200019-1	PROCEDIMIENTO	2314	2336	diagnóstico patológico	108257001	EXACT	False	False	False
es-S0210-48062009000200019-1	PROCEDIMIENTO	525	556	análisis del sedimento urinario	27171005	EXACT	False	False	False
es-S0210-48062009000200019-1	PROCEDIMIENTO	773	792	TC abdómino-pélvica	419394006	EXACT	True	False	False
es-S0210-48062009000300013-1	PROCEDIMIENTO	1162	1173	lumbotomías	260661008	EXACT	False	False	False
es-S0210-48062009000300013-1	PROCEDIMIENTO	259	264	LEOCH	44345001	EXACT	True	False	False
es-S0210-48062009000300013-1	PROCEDIMIENTO	266	271	Leoch	44345001	EXACT	True	False	False
es-S0210-48062009000300013-1	PROCEDIMIENTO	42	66	Adenomectomia prostática	90470006	EXACT	False	False	False
es-S0210-48062009000300013-1	PROCEDIMIENTO	446	472	analgesia IV suplementaria	52685006	NARROW	False	False	False
es-S0210-48062009000300013-1	PROCEDIMIENTO	530	535	Leoch	44345001	EXACT	True	False	False
es-S0210-48062009000300013-1	PROCEDIMIENTO	660	663	eco	373671009	EXACT	False	False	False
es-S0210-48062009000300013-1	PROCEDIMIENTO	666	669	Tac	77477000	EXACT	True	False	False
es-S0210-48062009000300013-1	PROCEDIMIENTO	743	748	Leoch	44345001	EXACT	True	False	False
es-S0210-48062009000300013-1	PROCEDIMIENTO	785	829	administración de 3 concentrados de hematíes	116863004	EXACT	False	False	False
es-S0210-48062009000300013-1	PROCEDIMIENTO	912	957	drenaje del hematoma mediante incisión lumbar	443385002	NARROW	False	False	False
es-S0210-48062009000400015-2	PROCEDIMIENTO	263	283	soporte ventilatorio	40617009	EXACT	False	False	False
es-S0210-48062009000400015-2	PROCEDIMIENTO	293	324	estudios de imagen de la pelvis	715959009	EXACT	False	False	False
es-S0210-48062009000400015-2	PROCEDIMIENTO	671	744	Por un acceso suprapúbico se reparó la vejiga y extirpó el fragmento óseo	74146001	NARROW	False	False	False
es-S0210-48062009000400020-1	PROCEDIMIENTO	1198	1241	Se toman biopsias prostáticas por sextantes	65575008	EXACT	False	False	False
es-S0210-48062009000400020-1	PROCEDIMIENTO	661	677	analítica de PSA	63476009	EXACT	True	False	False
es-S0210-48062009000400020-1	PROCEDIMIENTO	766	786	biopsias prostáticas	65575008	EXACT	False	False	False
es-S0210-48062009000600012-1	PROCEDIMIENTO	1238	1279	resección transuretral (RTU.) de próstata	90199006	EXACT	False	False	False
es-S0210-48062009000600012-1	PROCEDIMIENTO	1361	1379	biopsia ganglionar	21911005	EXACT	False	False	False
es-S0210-48062009000600012-1	PROCEDIMIENTO	1495	1513	R.T.U. de próstata	90199006	EXACT	True	False	False
es-S0210-48062009000600012-1	PROCEDIMIENTO	176	199	by-pass aorto-coronario	67166004	EXACT	False	False	False
es-S0210-48062009000600012-1	PROCEDIMIENTO	214	239	tratamiento antiagregante	840595002	EXACT	False	False	False
es-S0210-48062009000600012-1	PROCEDIMIENTO	2231	2260	técnicas de inmunohisoquímica	117617002	EXACT	False	False	False
es-S0210-48062009000600012-1	PROCEDIMIENTO	2406	2436	estudio molecular mediante PCR	9718006	EXACT	False	False	False
es-S0210-48062009000600012-1	PROCEDIMIENTO	2818	2838	TAC tóraco-abdominal	418891003	EXACT	True	False	False
es-S0210-48062009000600012-1	PROCEDIMIENTO	3183	3206	Se realizó un cariotipo	312948004	EXACT	False	False	False
es-S0210-48062009000600012-1	PROCEDIMIENTO	3350	3453	poliquimioterápia de primera linea con FMD 6 ciclos/ 4 semanas (Fludarabin, Mitoxantrone, Dexametasona)	367336001	NARROW	False	False	False
es-S0210-48062009000600012-1	PROCEDIMIENTO	336	373	H. Pylori, tratada con triple terapia	182977008	EXACT	False	False	False
es-S0210-48062009000600012-1	PROCEDIMIENTO	3389	3392	FMD	367336001	NARROW	True	False	True
es-S0210-48062009000600012-1	PROCEDIMIENTO	3467	3501	anticuerpos monoclonales anti-CD20	49616005	NARROW	False	False	False
es-S0210-48062009000600012-1	PROCEDIMIENTO	3520	3567	tratamiento profiláctico del Neumocisti carinii	865899005	EXACT	False	False	False
es-S0210-48062009000600012-1	PROCEDIMIENTO	404	420	test del aliento	164790002	EXACT	False	False	False
es-S0210-48062009000600012-1	PROCEDIMIENTO	574	587	a-bloqueantes	373275009	EXACT	False	False	False
es-S0210-48062009000600012-1	PROCEDIMIENTO	715	719	CPAP	47545007	EXACT	True	False	False
es-S0210-56912008000200007-1	PROCEDIMIENTO	1543	1553	depuración	70443007	EXACT	False	False	True
es-S0210-56912008000200007-1	PROCEDIMIENTO	1778	1787	dializado	108241001	EXACT	False	False	False
es-S0210-56912008000200007-1	PROCEDIMIENTO	1814	1845	se retiró el catéter peritoneal	10848006	EXACT	False	False	True
es-S0210-56912008000200007-1	PROCEDIMIENTO	276	279	DPA	428648006	EXACT	True	False	True
es-S0210-56912008000400007-3	PROCEDIMIENTO	464	552	se le colocó una endoprótesis en la aorta torácica descendente por vía femoral izquierda	233407007	NARROW	False	False	False
es-S0210-56912008000400007-3	PROCEDIMIENTO	673	678	TACHT	303698001	NARROW	True	False	True
es-S0210-56912008000400007-3	PROCEDIMIENTO	69	74	TACHT	77477000	NARROW	True	False	False
es-S0210-56912008000400007-3	PROCEDIMIENTO	845	850	TACHT	303698001	NARROW	True	False	True
es-S0210-56912009000800006-3	PROCEDIMIENTO	175	188	sedoanalgesia	410011004	EXACT	False	False	False
es-S0210-56912009000800006-3	PROCEDIMIENTO	203	212	osmóticos	702386002	NARROW	False	False	True
es-S0210-56912009000800006-3	PROCEDIMIENTO	475	477	DS	1230176002	EXACT	True	False	True
es-S0210-56912009000800006-3	PROCEDIMIENTO	659	683	monitorización de la PIC	230937006	EXACT	True	False	False
es-S0210-56912009000800006-3	PROCEDIMIENTO	92	118	evacuación neuroquirúrgica	122461007	NARROW	False	False	False
es-S0210-56912009000800006-3	PROCEDIMIENTO	991	993	DS	1230176002	EXACT	True	False	True
es-S0210-56912011000200009-1	PROCEDIMIENTO	1115	1142	análisis para VIH por ELISA	74915004	EXACT	False	False	False
es-S0210-56912011000200009-1	PROCEDIMIENTO	1173	1185	Western Blot	39304009	EXACT	False	False	False
es-S0210-56912011000200009-1	PROCEDIMIENTO	1201	1240	broncoscopia con biopsia transbronquial	243685008	EXACT	False	False	False
es-S0210-56912011000200009-1	PROCEDIMIENTO	1632	1655	exámenes de laboratorio	15220000	EXACT	False	False	False
es-S0210-56912011000200009-1	PROCEDIMIENTO	1988	1995	extubar	309812005	EXACT	False	False	False
es-S0210-56912011000200009-1	PROCEDIMIENTO	2171	2197	Swan-Ganz se mide una POAP	65677008	NARROW	True	False	True
es-S0210-56912011000200009-1	PROCEDIMIENTO	2379	2385	rt-PCR	444077007	EXACT	True	False	False
es-S0210-56912011000200009-1	PROCEDIMIENTO	2702	2713	carga viral	395058002	EXACT	False	False	False
es-S0210-56912011000200009-1	PROCEDIMIENTO	383	404	exploración del tórax	268925001	EXACT	False	False	True
es-S0210-56912011000200009-1	PROCEDIMIENTO	747	770	exámenes de laboratorio	15220000	EXACT	False	False	False
es-S0211-57352011000400009-1	PROCEDIMIENTO	1028	1043	benzodiacepinas	770571009	EXACT	False	False	False
es-S0211-57352011000400009-1	PROCEDIMIENTO	2388	2412	medicación antidepresiva	698456001	EXACT	False	False	False
es-S0211-57352011000400009-1	PROCEDIMIENTO	2710	2720	RM craneal	29567006	EXACT	True	False	False
es-S0211-57352011000400009-1	PROCEDIMIENTO	3568	3587	estímulos dolorosos	274796008	EXACT	False	False	True
es-S0211-57352011000400009-1	PROCEDIMIENTO	4267	4288	tratamiento tiazídico	722048006	NARROW	False	False	False
es-S0211-57352011000400009-1	PROCEDIMIENTO	4300	4304	ISRS	698456001	NARROW	True	False	True
es-S0211-57352011000400009-1	PROCEDIMIENTO	4609	4648	tratamiento farmacológico antidepresivo	698456001	EXACT	False	False	False
es-S0211-57352011000400009-1	PROCEDIMIENTO	5313	5334	diuréticos tiazídicos	722048006	NARROW	False	False	False
es-S0211-57352011000400009-1	PROCEDIMIENTO	908	949	Hipotiroidismo en tratamiento sustitutivo	724166004	EXACT	False	False	False
es-S0211-57352013000300011-1	PROCEDIMIENTO	1033	1054	tratamiento con Litio	68852009	EXACT	False	False	False
es-S0211-57352013000300011-1	PROCEDIMIENTO	3169	3179	tiacídicos	722048006	EXACT	False	False	False
es-S0211-57352013000300011-1	PROCEDIMIENTO	3186	3214	exploración neuropsicológica	307808008	EXACT	False	False	False
es-S0211-57352013000300011-1	PROCEDIMIENTO	3650	3676	Evaluación psicopatológica	405783006	EXACT	False	False	False
es-S0211-57352013000300011-1	PROCEDIMIENTO	4397	4416	Complejo Vitamina B	709543002	NARROW	False	False	False
es-S0211-69952009000600023-1	PROCEDIMIENTO	1217	1230	Colagenograma	275707000	NARROW	False	False	False
es-S0211-69952009000600023-1	PROCEDIMIENTO	1233	1245	coagulograma	3116009	EXACT	False	False	False
es-S0211-69952009000600023-1	PROCEDIMIENTO	1664	1676	Fondo de ojo	53524009	EXACT	False	False	False
es-S0211-69952009000600023-1	PROCEDIMIENTO	1775	1797	RMN de cerebro y bulbo	29567006	EXACT	False	False	False
es-S0211-69952009000600023-1	PROCEDIMIENTO	1806	1846	Potenciales evocados visuales en OD y OI	63107007	EXACT	False	False	False
es-S0211-69952009000600023-1	PROCEDIMIENTO	2037	2048	Campimetría	86944008	EXACT	False	False	False
es-S0211-69952009000600023-1	PROCEDIMIENTO	338	355	ecocardiográficas	40701008	EXACT	False	False	False
es-S0211-69952009000600023-1	PROCEDIMIENTO	368	393	ecografía de paratiroides	241454001	EXACT	False	False	False
es-S0211-69952009000600023-1	PROCEDIMIENTO	414	439	centelleo con 99Tc y MIBI	373205008	NARROW	True	False	True
es-S0211-69952009000600023-1	PROCEDIMIENTO	563	583	quelantes del calcio	416608005	NARROW	False	False	False
es-S0211-69952009000600023-1	PROCEDIMIENTO	859	871	Coagulograma	3116009	EXACT	False	False	False
es-S0211-69952009000600023-1	PROCEDIMIENTO	880	903	Biopsia de paratiroides	87451000	EXACT	False	False	False
es-S0211-69952011000100019-1	PROCEDIMIENTO	1162	1165	DPA	428648006	EXACT	True	False	True
es-S0211-69952011000100019-1	PROCEDIMIENTO	1363	1366	DPA	428648006	EXACT	True	False	True
es-S0211-69952011000100019-1	PROCEDIMIENTO	208	242	implantación de catéter peritoneal	428118009	EXACT	False	False	True
es-S0211-69952011000100019-1	PROCEDIMIENTO	475	494	radiografía detórax	399208008	EXACT	False	False	False
es-S0211-69952011000100019-1	PROCEDIMIENTO	632	659	drenaje del derrame pleural	278296000	EXACT	False	False	False
es-S0211-69952011000100019-1	PROCEDIMIENTO	868	900	punción de fístula arteriovenosa	22778000	NARROW	False	False	True
es-S0211-69952012000500025-1	PROCEDIMIENTO	1281	1298	FAV radiocefálica	27929005	NARROW	True	False	True
es-S0211-69952012000500025-1	PROCEDIMIENTO	1375	1446	incisiones a nivel de la flexura del brazo y distalmente a nivel radial	120217006	NARROW	False	False	False
es-S0211-69952012000500025-1	PROCEDIMIENTO	1465	1524	disección y control de la arteria humeral, radial y cubital	107866007	NARROW	False	False	False
es-S0211-69952012000500025-1	PROCEDIMIENTO	1621	1653	resección completa del aneurisma	112803004	EXACT	False	False	False
es-S0211-69952012000500025-1	PROCEDIMIENTO	1655	1706	ligando la arteria radial a nivel proximal y distal	25381003	EXACT	False	False	False
es-S0211-69952012000500025-1	PROCEDIMIENTO	305	336	fístula radiocefálica izquierda	88834003	NARROW	False	False	True
es-S0211-69952012000500025-1	PROCEDIMIENTO	739	749	ecodoppler	1187106001	EXACT	False	False	False
es-S0211-69952012000500025-1	PROCEDIMIENTO	908	943	angiotomografía computarizada axial	418272005	EXACT	False	False	False
es-S0211-69952012000500025-1	PROCEDIMIENTO	945	954	angio-TAC	418272005	EXACT	False	False	False
es-S0211-69952012000700028-1	PROCEDIMIENTO	100	128	prótesis de cadera izquierda	430688009	EXACT	False	False	False
es-S0211-69952012000700028-1	PROCEDIMIENTO	1097	1116	analítica en sangre	396550006	EXACT	False	False	False
es-S0211-69952012000700028-1	PROCEDIMIENTO	1624	1648	electroforesis en sangre	82962001	EXACT	False	False	True
es-S0211-69952012000700028-1	PROCEDIMIENTO	1931	1979	cuantificación de proteínas en orina de 24 horas	19518008	EXACT	False	False	False
es-S0211-69952012000700028-1	PROCEDIMIENTO	2048	2071	electroforesis en orina	73718004	EXACT	False	False	False
es-S0211-69952012000700028-1	PROCEDIMIENTO	2346	2386	tomografía axial computarizada abdominal	169070004	EXACT	False	False	False
es-S0211-69952012000700028-1	PROCEDIMIENTO	2691	2727	biopsia renal percutánea ecodirigida	408071000119106	EXACT	False	False	False
es-S0211-69952012000700028-1	PROCEDIMIENTO	3370	3409	terapia de mantenimiento con prednisona	297279009	NARROW	False	False	False
es-S0211-69952013000200018-1	PROCEDIMIENTO	127	147	oxígeno domiciliario	426990007	EXACT	False	False	False
es-S0211-69952013000200018-1	PROCEDIMIENTO	2005	2044	tomografía axial computarizada cerebral	34227000	EXACT	False	False	False
es-S0211-69952013000200018-1	PROCEDIMIENTO	2276	2342	hemodiálisis urgente a través de catéter en vena femoral izquierda	302497006	NARROW	False	False	False
es-S0211-69952013000200018-1	PROCEDIMIENTO	2535	2553	sesión de diálisis	108241001	EXACT	False	False	False
es-S0211-69952013000200018-1	PROCEDIMIENTO	2645	2663	sesión de diálisis	108241001	EXACT	False	False	False
es-S0211-69952013000200018-1	PROCEDIMIENTO	402	425	curas de úlceras mixtas	440461005	EXACT	False	False	False
es-S0211-69952013000200018-1	PROCEDIMIENTO	58	68	sulfamidas	281789004	NARROW	False	False	False
es-S0211-69952013000200018-1	PROCEDIMIENTO	613	632	analítica en sangre	396550006	EXACT	False	False	False
es-S0211-69952013000200018-1	PROCEDIMIENTO	71	79	tiazidas	722048006	EXACT	False	False	False
es-S0211-69952013000200018-1	PROCEDIMIENTO	840	874	cultivo del exudado de las úlceras	104190003	NARROW	False	False	False
es-S0211-69952013000200019-2	PROCEDIMIENTO	283	338	se inserta catéter peritoneal recto no autoposicionante	428118009	EXACT	False	False	True
es-S0211-69952013000200019-2	PROCEDIMIENTO	380	384	DPCA	238318009	EXACT	True	False	True
es-S0211-69952013000200019-2	PROCEDIMIENTO	484	503	Diálisis Peritoneal	71192002	EXACT	False	False	False
es-S0211-69952013000200019-2	PROCEDIMIENTO	613	632	TAC-peritoneografía	431946006	EXACT	False	False	False
es-S0211-69952013000200019-2	PROCEDIMIENTO	758	775	reposo peritoneal	118846005	NARROW	False	False	True
es-S0211-69952013000200019-2	PROCEDIMIENTO	837	884	cierre quirúrgico del conducto peritoneovaginal	176456009	EXACT	False	False	True
es-S0211-69952013000200019-2	PROCEDIMIENTO	898	902	DPCA	238318009	EXACT	True	False	True
es-S0211-69952014000400019-1	PROCEDIMIENTO	1034	1071	resonancia magnética nuclear cerebral	29567006	EXACT	False	False	False
es-S0211-69952014000400019-1	PROCEDIMIENTO	1240	1311	hemodiálisis a través de catéter provisional en la vena yugular derecha	302497006	NARROW	False	False	False
es-S0211-69952014000400019-1	PROCEDIMIENTO	156	167	autosondaje	236240005	EXACT	False	False	True
es-S0211-69952014000400019-1	PROCEDIMIENTO	578	616	tomografía axial computarizada craneal	169066007	EXACT	False	False	False
es-S0211-69952014000400019-1	PROCEDIMIENTO	658	678	Electroencefalograma	54550000	EXACT	False	False	False
es-S0211-69952014000600016-1	PROCEDIMIENTO	103	143	Mantenimiento: tacrolimus-MMF-esteroides	86553008	NARROW	False	False	False
es-S0211-69952014000600016-1	PROCEDIMIENTO	31	52	trasplante cadavérico	77465005	NARROW	False	False	False
es-S0211-69952014000600016-1	PROCEDIMIENTO	536	562	medicación inmunosupresora	86553008	EXACT	False	False	False
es-S0211-69952014000600016-1	PROCEDIMIENTO	54	101	Inducción: daclizumab-tacrolimus-MMF-esteroides	86553008	NARROW	False	False	False
es-S0211-69952015000500015-2	PROCEDIMIENTO	1036	1072	RNA por ultracentrifugación en suero	50812008	NARROW	False	False	False
es-S0211-69952015000500015-2	PROCEDIMIENTO	1078	1123	anticuerpo anti-VHC core de alta sensibilidad	64411004	NARROW	True	False	False
es-S0211-69952015000500015-2	PROCEDIMIENTO	227	264	transfusión de 2 unidades de hematíes	116863004	EXACT	False	False	False
es-S0211-69952015000500015-2	PROCEDIMIENTO	458	494	RNA en suero por ultracentrifugación	50812008	NARROW	False	False	False
es-S0211-69952015000500015-2	PROCEDIMIENTO	497	542	anticuerpo anti-VHC core de alta sensibilidad	64411004	NARROW	True	False	False
es-S0211-69952015000500015-2	PROCEDIMIENTO	568	577	FibroScan	16310003	NARROW	False	False	True
es-S0211-69952015000500015-2	PROCEDIMIENTO	968	987	carga viral en CMSP	395058002	EXACT	True	False	True
es-S0211-69952015000600014-2	PROCEDIMIENTO	319	339	se retiró el catéter	103715008	EXACT	False	False	False
es-S0211-69952016000200176-1	PROCEDIMIENTO	1361	1399	tratamiento empírico con levofloxacino	371070000	NARROW	False	False	False
es-S0211-69952016000200176-1	PROCEDIMIENTO	143	184	bolos intravenosos de 6-metilprednisolona	433215005	NARROW	False	False	False
es-S0211-69952016000200176-1	PROCEDIMIENTO	1680	1707	parámetros de autoinmunidad	165877005	EXACT	False	False	False
es-S0211-69952016000200176-1	PROCEDIMIENTO	1876	1901	biopsia del injerto renal	7246002	EXACT	False	False	False
es-S0211-69952016000200176-1	PROCEDIMIENTO	197	221	corticoides por vía oral	297280007	EXACT	False	False	False
es-S0211-69952016000200176-1	PROCEDIMIENTO	2601	2631	estudio de inmunofluorescencia	30662005	EXACT	False	False	False
es-S0211-69952016000200176-1	PROCEDIMIENTO	2782	2833	bolos intravenosos de 500 mg de 6-metilprednisolona	433215005	NARROW	False	False	False
es-S0211-69952016000200176-1	PROCEDIMIENTO	443	465	hemodiálisis periódica	302497006	EXACT	False	False	False
es-S0211-69952016000200176-1	PROCEDIMIENTO	520	555	recibió un injerto renal de cadáver	175902000	EXACT	False	False	False
es-S0211-69952016000200176-1	PROCEDIMIENTO	577	602	tacrolinus en monoterapia	724160005	EXACT	False	False	False
es-S0211-69952016000200176-1	PROCEDIMIENTO	673	704	combinación de inmunosupresores	707311008	EXACT	False	False	False
es-S0211-69952016000200176-1	PROCEDIMIENTO	802	848	implantación de una válvula aórtica percutánea	443623001	EXACT	False	False	False
es-S0211-69952016000600552-1	PROCEDIMIENTO	1395	1419	electroforesis en sangre	82962001	EXACT	False	False	True
es-S0211-69952016000600552-1	PROCEDIMIENTO	3108	3127	analítica en sangre	396550006	EXACT	False	False	False
es-S0211-69952016000600552-1	PROCEDIMIENTO	3430	3447	test de edrofonio	789680000	EXACT	False	False	False
es-S0211-69952016000600552-1	PROCEDIMIENTO	3460	3486	TAC cerebral sin contraste	383371000119108	EXACT	False	False	False
es-S0211-69952016000600552-1	PROCEDIMIENTO	4342	4358	Estudio genético	395157005	EXACT	False	False	False
es-S0211-69952016000600552-1	PROCEDIMIENTO	4716	4785	análisis de todos los genes asociados a enfermedad tubulointersticial	473200002	NARROW	False	False	False
es-S0211-69952016000600552-1	PROCEDIMIENTO	6011	6035	Estudio de cosegregación	395157005	NARROW	False	False	False
es-S0211-69952016000600552-1	PROCEDIMIENTO	6090	6114	trasplante renal de vivo	175901007	EXACT	False	False	False
es-S0211-69952016000600552-1	PROCEDIMIENTO	6130	6176	estudio de cosegregación en ambos progenitores	395157005	NARROW	False	False	False
es-S0211-69952016000600552-1	PROCEDIMIENTO	778	797	analítica en sangre	396550006	EXACT	False	False	False
es-S0212-16112007000100015-1	PROCEDIMIENTO	1583	1612	reposición hidroelectrolítica	702386002	EXACT	False	False	False
es-S0212-16112007000100015-1	PROCEDIMIENTO	1614	1641	estabilización hemodinámica	288176006	EXACT	False	False	False
es-S0212-16112007000100015-1	PROCEDIMIENTO	1785	1825	administración endovenosa de bicarbonato	386358000	NARROW	False	False	False
es-S0212-16112009000600018-1	PROCEDIMIENTO	1216	1247	linfadenectomía retroperitoneal	935441000168106	EXACT	False	False	False
es-S0212-16112009000600018-1	PROCEDIMIENTO	1315	1338	paracentesis evacuadora	89305009	EXACT	False	False	False
es-S0212-16112009000600018-1	PROCEDIMIENTO	1343	1385	extracción de 8.000 cc de líquido ascítico	89305009	EXACT	False	False	False
es-S0212-16112009000600018-1	PROCEDIMIENTO	1572	1593	adenopatías resecadas	234253006	EXACT	False	False	False
es-S0212-16112009000600018-1	PROCEDIMIENTO	1706	1730	paracentesis evacuadoras	89305009	EXACT	False	False	False
es-S0212-16112009000600018-1	PROCEDIMIENTO	2398	2413	perfil hepático	26958001	EXACT	False	False	False
es-S0212-16112009000600018-1	PROCEDIMIENTO	3435	3466	linfadenectomía retroperitoneal	935441000168106	EXACT	False	False	False
es-S0212-16112009000600018-1	PROCEDIMIENTO	3478	3536	dieta hiperproteica con restricción de grasa y fraccionada	278846007	NARROW	False	False	False
es-S0212-16112009000600018-1	PROCEDIMIENTO	3627	3651	complejo multivitamínico	435631000124104	EXACT	False	False	False
es-S0212-16112009000600018-1	PROCEDIMIENTO	3679	3719	suplemento específico enriquecido en MCT	709542007	EXACT	False	False	False
es-S0212-16112009000600018-1	PROCEDIMIENTO	3865	3888	paracentesis evacuadora	89305009	EXACT	False	False	False
es-S0212-16112009000600018-1	PROCEDIMIENTO	450	551	protocolo BEP (3 ciclos de Bleomicina-Cisplatino-Etopósido y un cuarto ciclo de Cisplatino-Etopósido)	367336001	NARROW	False	False	False
es-S0212-16112009000600018-1	PROCEDIMIENTO	771	802	linfadenectomía retroperitoneal	935441000168106	EXACT	False	False	False
es-S0212-16112010000100017-1	PROCEDIMIENTO	1404	1422	Historia dietética	278846007	NARROW	False	False	False
es-S0212-16112010000100017-1	PROCEDIMIENTO	1612	1645	reposo el tracto gastrointestinal	792805006	EXACT	False	False	False
es-S0212-16112010000100017-1	PROCEDIMIENTO	164	188	metastasectomía hepática	307616002	EXACT	False	False	False
es-S0212-16112010000100017-1	PROCEDIMIENTO	1746	1761	drenaje pleural	278296000	EXACT	False	False	False
es-S0212-16112010000100017-1	PROCEDIMIENTO	1794	1865	necesidades calóricas estimadas mediante la ecuación de Harris-Benedict	710847006	EXACT	False	False	False
es-S0212-16112010000100017-1	PROCEDIMIENTO	2097	2108	aminoácidos	52518006	EXACT	False	False	False
es-S0212-16112010000100017-1	PROCEDIMIENTO	2136	2153	lípidos (MCT/LCT)	1055204001	NARROW	False	False	True
es-S0212-16112010000100017-1	PROCEDIMIENTO	2262	2277	drenaje pleural	278296000	EXACT	False	False	False
es-S0212-16112010000100017-1	PROCEDIMIENTO	2444	2513	urokinasa durante dos días consecutivos por el tubo de toracocentesis	439823007	NARROW	False	False	False
es-S0212-16112010000100017-1	PROCEDIMIENTO	3309	3324	drenaje pleural	278296000	EXACT	False	False	False
es-S0212-16112010000100017-1	PROCEDIMIENTO	3439	3457	alimentación mixta	278846007	EXACT	False	False	False
es-S0212-16112010000100017-1	PROCEDIMIENTO	3468	3532	nutrición enteral (NE) por vía oral con fórmula exenta de grasas	278846007	NARROW	True	False	False
es-S0212-16112010000100017-1	PROCEDIMIENTO	3487	3489	NE	1217195001	EXACT	True	False	True
es-S0212-16112010000100017-1	PROCEDIMIENTO	3534	3549	Clinutren Fruit	435591000124104	NARROW	False	False	False
es-S0212-16112010000100017-1	PROCEDIMIENTO	3769	3771	NE	1217195001	EXACT	True	False	True
es-S0212-16112010000100017-1	PROCEDIMIENTO	4015	4025	aceite MCT	1055204001	NARROW	False	False	True
es-S0212-16112010000100017-1	PROCEDIMIENTO	4171	4186	drenaje pleural	278296000	EXACT	False	False	False
es-S0212-16112010000100017-1	PROCEDIMIENTO	427	443	radiológicamente	363679005	EXACT	False	False	False
es-S0212-16112010000100017-1	PROCEDIMIENTO	529	544	drenaje pleural	278296000	EXACT	False	False	False
es-S0212-16112010000100017-1	PROCEDIMIENTO	937	967	soporte nutricional parenteral	876825002	EXACT	False	False	False
es-S0212-16112010000600024-1	PROCEDIMIENTO	1111	1197	resección del segmento intestinal isquémico y perforado con anastomosis latero-lateral	367453007	NARROW	False	False	False
es-S0212-16112010000600024-1	PROCEDIMIENTO	2299	2326	estabilización hemodinámica	288176006	EXACT	False	False	False
es-S0212-16112010000600024-1	PROCEDIMIENTO	2328	2358	soporte nutricional por vía iv	327838005	EXACT	False	False	False
es-S0212-16112010000600024-1	PROCEDIMIENTO	2471	2496	aporte de macronutrientes	278846007	NARROW	False	False	False
es-S0212-16112010000600024-1	PROCEDIMIENTO	2977	2996	soporte nutricional	278906000	EXACT	False	False	False
es-S0212-16112010000600024-1	PROCEDIMIENTO	3010	3035	aporte de macronutrientes	278846007	NARROW	False	False	False
es-S0212-16112010000600024-1	PROCEDIMIENTO	3186	3224	administración profiláctica de tiamina	275933002	NARROW	False	False	False
es-S0212-16112010000600024-1	PROCEDIMIENTO	3535	3555	iones intracelulares	312474003	EXACT	False	False	False
es-S0212-16112010000600024-1	PROCEDIMIENTO	4323	4360	parámetros analíticos y nutricionales	1759002	EXACT	False	False	False
es-S0212-16112010000600024-1	PROCEDIMIENTO	4668	4703	limitación del esfuerzo terapéutico	143021000119109	EXACT	False	False	False
es-S0212-16112011000300031-1	PROCEDIMIENTO	1319	1337	manejo nutricional	386372009	EXACT	False	False	False
es-S0212-16112011000300031-1	PROCEDIMIENTO	1342	1367	modificaciones dietéticas	445341000124100	EXACT	False	False	False
es-S0212-16112011000300031-1	PROCEDIMIENTO	1369	1387	medidas posturales	229068006	EXACT	False	False	False
es-S0212-16112011000300031-1	PROCEDIMIENTO	1406	1417	suplementos	709542007	EXACT	False	False	False
es-S0212-16112011000300031-1	PROCEDIMIENTO	1609	1644	colocación de sonda de alimentación	87750000	EXACT	False	False	False
es-S0212-16112011000300031-1	PROCEDIMIENTO	1754	1756	NE	1217195001	EXACT	True	False	True
es-S0212-16112011000300031-1	PROCEDIMIENTO	1996	2025	estudio esofagogastroduodenal	76009000	EXACT	False	False	False
es-S0212-16112011000300031-1	PROCEDIMIENTO	2361	2389	tratamiento con procinéticos	416608005	NARROW	False	False	False
es-S0212-16112011000300031-1	PROCEDIMIENTO	2526	2542	estudio baritado	302554003	NARROW	False	False	False
es-S0212-16112011000300031-1	PROCEDIMIENTO	255	273	estudio bioquímico	412890008	EXACT	False	False	False
es-S0212-16112011000300031-1	PROCEDIMIENTO	2840	2865	suplementos nutricionales	709542007	EXACT	False	False	False
es-S0212-16112011000300031-1	PROCEDIMIENTO	408	443	determinación de parásitos en heces	66719001	EXACT	False	False	False
es-S0212-16112011000300031-1	PROCEDIMIENTO	704	733	estudio gastroesofagoduodenal	315292000	EXACT	False	False	True
es-S0212-16112011000300031-1	PROCEDIMIENTO	918	952	angioTAC de la arteria mesentérica	709553001	EXACT	False	False	False
es-S0212-16112013000400053-1	PROCEDIMIENTO	1096	1116	NED por yeyunostomía	62937006	EXACT	False	False	False
es-S0212-16112013000400053-1	PROCEDIMIENTO	381	439	transección y cierre de esófago abdominal y muñón gástrico	119879002	NARROW	False	False	False
es-S0212-16112013000400053-1	PROCEDIMIENTO	441	487	exclusión esofágica con esofagostomía cervical	60954008	EXACT	False	False	False
es-S0212-16112013000400053-1	PROCEDIMIENTO	500	528	yeyunostomía de alimentación	62937006	EXACT	False	False	False
es-S0212-16112013000400053-1	PROCEDIMIENTO	542	544	NE	1217195001	EXACT	True	False	True
es-S0212-16112013000400053-1	PROCEDIMIENTO	592	612	NED por yeyunostomía	62937006	EXACT	True	False	True
es-S0212-16112013000400053-1	PROCEDIMIENTO	646	679	reconstruir el tránsito digestivo	118156007	EXACT	False	False	True
es-S0212-16112013000400053-1	PROCEDIMIENTO	88	141	gastrectomía subtotal con reconstrucción en Y de Roux	173747005	EXACT	False	False	False
es-S0212-16112014000300032-1	PROCEDIMIENTO	1543	1554	Antibiótico	281789004	EXACT	False	False	False
es-S0212-16112014000300032-1	PROCEDIMIENTO	1978	1989	aminoácidos	52518006	EXACT	False	False	False
es-S0212-16112014000300032-1	PROCEDIMIENTO	211	244	resección intestinal a lo Hartman	442285009	NARROW	False	False	True
es-S0212-16112014000300032-1	PROCEDIMIENTO	2285	2308	lípidos a la parenteral	278846007	NARROW	False	False	False
es-S0212-16112014000300032-1	PROCEDIMIENTO	2523	2562	NP completa con macro y micronutrientes	876825002	EXACT	True	False	False
es-S0212-16112014000300032-1	PROCEDIMIENTO	630	679	resección ileocecal con anastomosis laterolateral	359587007	NARROW	False	False	False
es-S0212-16112014000300032-1	PROCEDIMIENTO	817	855	soporte nutricional por vía parenteral	876825002	EXACT	False	False	False
es-S0212-16112014000300032-1	PROCEDIMIENTO	978	1031	tratamiento nutricional con dieta de protección renal	278846007	EXACT	False	False	False
es-S0212-71992000001200006-1	PROCEDIMIENTO	1039	1059	bioquímica sanguínea	412890008	EXACT	False	False	False
es-S0212-71992000001200006-1	PROCEDIMIENTO	1061	1090	estudio básico de coagulación	3116009	EXACT	False	False	False
es-S0212-71992000001200006-1	PROCEDIMIENTO	1113	1131	rutinario de orina	27171005	EXACT	False	False	False
es-S0212-71992000001200006-1	PROCEDIMIENTO	1332	1344	Western Blot	39304009	EXACT	False	False	True
es-S0212-71992000001200006-1	PROCEDIMIENTO	1355	1366	Carga Viral	395058002	EXACT	False	False	False
es-S0212-71992000001200006-1	PROCEDIMIENTO	1423	1442	parásitos en fresco	609022008	EXACT	False	False	False
es-S0212-71992000001200006-1	PROCEDIMIENTO	1567	1597	biopsia de 2ª porción duodenal	235261009	EXACT	False	False	False
es-S0212-71992000001200006-1	PROCEDIMIENTO	1752	1764	Fondo de ojo	53524009	EXACT	False	False	False
es-S0212-71992000001200006-1	PROCEDIMIENTO	1797	1814	Pruebas de imagen	363679005	EXACT	False	False	False
es-S0212-71992000001200006-1	PROCEDIMIENTO	1847	1867	esofago-gastroscopia	76009000	EXACT	False	False	False
es-S0212-71992000001200006-1	PROCEDIMIENTO	1884	1909	tránsito gastrointestinal	252641007	EXACT	False	False	False
es-S0212-71992000001200006-1	PROCEDIMIENTO	2249	2279	tratamiento con Ganciclovir IV	427314002	NARROW	False	False	False
es-S0212-71992000001200006-1	PROCEDIMIENTO	2367	2380	corticoide IV	297279009	NARROW	False	False	False
es-S0212-71992004000300009-1	PROCEDIMIENTO	1498	1547	biopsia de la adenopatía laterocervical izquierda	234270003	EXACT	False	False	False
es-S0212-71992004000300009-1	PROCEDIMIENTO	176	196	toma de antibióticos	68322007	EXACT	False	False	False
es-S0212-71992004000300009-1	PROCEDIMIENTO	896	931	bioquímica con marcadores tumorales	250724005	EXACT	False	False	False
es-S0212-71992004000300009-1	PROCEDIMIENTO	950	958	RX tórax	399208008	EXACT	False	False	False
es-S0212-71992004001100006-1	PROCEDIMIENTO	1240	1266	exploración física general	25656009	EXACT	False	False	False
es-S0212-71992004001100006-1	PROCEDIMIENTO	1475	1486	se palpaban	113011001	EXACT	False	False	False
es-S0212-71992004001100006-1	PROCEDIMIENTO	2528	2531	IEF	25884002	EXACT	True	False	True
es-S0212-71992004001100006-1	PROCEDIMIENTO	2971	2987	cultivos del LCR	252399001	EXACT	False	False	False
es-S0212-71992004001100006-1	PROCEDIMIENTO	3020	3031	estudio EEG	54550000	EXACT	False	False	False
es-S0212-71992004001100006-1	PROCEDIMIENTO	306	347	tratamiento empírico con glucocorticoides	243127001	EXACT	False	False	False
es-S0212-71992004001100006-1	PROCEDIMIENTO	3343	3365	serie ósea metastásica	41747008	EXACT	False	False	False
es-S0212-71992004001100006-1	PROCEDIMIENTO	3409	3421	rastreo óseo	41747008	EXACT	False	False	False
es-S0212-71992004001100006-1	PROCEDIMIENTO	3530	3554	biopsia de cresta iliaca	234327001	EXACT	False	False	False
es-S0212-71992004001100006-1	PROCEDIMIENTO	3621	3648	TAC toraco-abdómino-pélvica	418023006	EXACT	False	False	False
es-S0212-71992004001100006-1	PROCEDIMIENTO	3787	3814	punciones lumbares seriadas	277762005	EXACT	False	False	True
es-S0212-71992004001100006-1	PROCEDIMIENTO	3942	3970	resultado anatomo-patológico	108257001	EXACT	False	False	False
es-S0212-71992004001100006-1	PROCEDIMIENTO	4080	4105	perfil inmunohistoquímico	117617002	EXACT	False	False	False
es-S0212-71992004001100006-1	PROCEDIMIENTO	4163	4196	tratamiento radioterápico craneal	428412000	EXACT	False	False	False
es-S0212-71992004001100006-1	PROCEDIMIENTO	423	447	biopsia de dicha arteria	274373006	EXACT	False	False	False
es-S0212-71992004001100006-1	PROCEDIMIENTO	4234	4270	tratamiento paliativo con tamoxifeno	724161009	EXACT	False	False	False
es-S0212-71992004001100006-1	PROCEDIMIENTO	4372	4399	TAC toraco-abdomino-pélvico	418023006	EXACT	False	False	False
es-S0212-71992004001100006-1	PROCEDIMIENTO	4570	4588	estudio necrópsico	29240004	EXACT	False	False	False
es-S0212-71992004001100006-1	PROCEDIMIENTO	744	760	análisis del LCR	167699000	EXACT	False	False	False
es-S0212-71992005000400007-1	PROCEDIMIENTO	0	9	Anamnesis	201495001	EXACT	False	False	False
es-S0212-71992005000400007-1	PROCEDIMIENTO	1164	1191	Frotis de sangre periférica	104130000	EXACT	False	False	False
es-S0212-71992005000400007-1	PROCEDIMIENTO	2561	2594	aspirado y biopsia de médula ósea	234326005	EXACT	False	False	False
es-S0212-71992005000400007-1	PROCEDIMIENTO	2701	2721	soporte hemoterápico	116762002	EXACT	False	False	False
es-S0212-71992005000400007-1	PROCEDIMIENTO	2925	2948	Aspirado de médula ósea	49401003	EXACT	False	False	False
es-S0212-71992005000400007-1	PROCEDIMIENTO	2995	3017	Biopsia de médula ósea	56241004	EXACT	False	False	False
es-S0212-71992005000500009-1	PROCEDIMIENTO	1380	1420	colocación de un tubo de drenaje pleural	264957007	EXACT	False	False	False
es-S0212-71992005000500009-1	PROCEDIMIENTO	1425	1444	anatomia patológica	108257001	EXACT	False	False	False
es-S0212-71992005000500009-1	PROCEDIMIENTO	1549	1584	PCR para Mycobacterium tuberculosis	122384004	EXACT	False	False	False
es-S0212-71992005000500009-1	PROCEDIMIENTO	830	859	intradermoreacción de Mantoux	424489006	EXACT	False	False	False
es-S0212-71992005000500009-1	PROCEDIMIENTO	964	1001	cultivo en medio de Löwenstein-Jensen	104178000	NARROW	False	False	False
es-S0212-71992005000600008-1	PROCEDIMIENTO	1761	1783	uricosuria de 24 horas	313663007	EXACT	False	False	False
es-S0212-71992005000600008-1	PROCEDIMIENTO	1788	1817	PAAF del nódulo periumbilical	87780005	EXACT	False	False	False
es-S0212-71992005000600008-1	PROCEDIMIENTO	2250	2270	TAC tóraco-abdominal	418891003	EXACT	False	False	False
es-S0212-71992005000600008-1	PROCEDIMIENTO	745	778	percusión de la columna vertebral	75180006	NARROW	False	False	False
es-S0212-71992005000600008-1	PROCEDIMIENTO	868	900	palpación en hipocondrio derecho	64908006	NARROW	False	False	False
es-S0212-71992005001100007-1	PROCEDIMIENTO	1221	1243	Examen básico de orina	27171005	EXACT	False	False	False
es-S0212-71992005001100007-1	PROCEDIMIENTO	1461	1496	Inmunofenotipo en sangre periférica	414466002	NARROW	False	False	False
es-S0212-71992005001100007-1	PROCEDIMIENTO	1649	1672	Aspirado de médula ósea	49401003	EXACT	False	False	False
es-S0212-71992005001100007-1	PROCEDIMIENTO	1871	1893	Biopsia de médula ósea	56241004	EXACT	False	False	False
es-S0212-71992005001100007-1	PROCEDIMIENTO	2100	2110	Serie ósea	41747008	EXACT	False	False	False
es-S0212-71992005001100007-1	PROCEDIMIENTO	2152	2181	Inmunoelectroforesis en suero	52440004	EXACT	False	False	False
es-S0212-71992005001100007-1	PROCEDIMIENTO	2231	2254	Inmunofijación en suero	391555000	EXACT	False	False	False
es-S0212-71992005001100007-1	PROCEDIMIENTO	2280	2309	Inmunoelectroforesis en orina	73718004	NARROW	False	False	False
es-S0212-71992005001100007-1	PROCEDIMIENTO	2441	2462	Serología VHB,VHC,VIH	88667002	NARROW	True	False	False
es-S0212-71992005001100007-1	PROCEDIMIENTO	2842	2906	trasplante autólogo de células progenitoras de sangre periférica	425983008	EXACT	False	False	False
es-S0212-71992005001100007-1	PROCEDIMIENTO	2931	2978	quimioterapia de inducción con el esquema C-VAD	450827009	NARROW	False	False	False
es-S0212-71992008000700009-1	PROCEDIMIENTO	1358	1378	palpación del cuello	113011001	NARROW	False	False	False
es-S0212-71992008000700009-1	PROCEDIMIENTO	1507	1539	palpación de los huecos axilares	113011001	NARROW	False	False	False
es-S0212-71992008000700009-1	PROCEDIMIENTO	1545	1619	exploración pulmonar, cardiaca, abdominal y de las extremidades inferiores	25656009	EXACT	False	False	False
es-S0212-71992008000700009-1	PROCEDIMIENTO	1737	1754	perfil bioquímico	412890008	EXACT	False	False	False
es-S0212-71992008000700009-1	PROCEDIMIENTO	1933	1952	TC cérvico-torácica	430448007	EXACT	False	False	False
es-S0212-71992008000700009-1	PROCEDIMIENTO	2394	2474	punción aspiración con aguja fina de la masa adenopática latero-cervical derecha	234281000	EXACT	False	False	False
es-S0212-71992008000700009-1	PROCEDIMIENTO	456	468	TC de órbita	830147001	EXACT	True	False	False
es-S0213-12852003000500002-1	PROCEDIMIENTO	1279	1309	examen estomatológico completo	122856003	EXACT	False	False	False
es-S0213-12852003000500002-1	PROCEDIMIENTO	167	185	exploración médica	162673000	EXACT	False	False	False
es-S0213-12852005000400003-1	PROCEDIMIENTO	1500	1545	biopsias de las lesiones del tronco y la boca	450623005	NARROW	False	False	False
es-S0213-12852005000400003-1	PROCEDIMIENTO	1569	1598	examen de inmunofluorescencia	30662005	EXACT	False	False	False
es-S0213-12852005000400003-1	PROCEDIMIENTO	935	992	biopsia parcial de una de las lesiones del labio inferior	173270001	NARROW	False	False	False
es-S0213-12852006000600002-1	PROCEDIMIENTO	1959	1970	ECO doppler	1187106001	EXACT	False	False	False
es-S0213-12852006000600002-1	PROCEDIMIENTO	1973	1982	angio TAC	418272005	EXACT	False	False	False
es-S0213-12852006000600002-1	PROCEDIMIENTO	2009	2040	biopsias de la tumoración bucal	708739005	EXACT	False	False	False
es-S0213-12852006000600002-1	PROCEDIMIENTO	2900	2930	tinción por inmunohistoquímica	117617002	EXACT	False	False	False
es-S0213-12852006000600002-1	PROCEDIMIENTO	3193	3274	ciclo de ERORH (prednisona+etopósido+ dexametasona+ ciclofosfamida + vincristina)	399042005	NARROW	True	False	False
es-S0213-12852006000600002-1	PROCEDIMIENTO	3669	3673	TARV	788075003	EXACT	True	False	True
es-S0213-12852006000600002-1	PROCEDIMIENTO	584	595	carga viral	395058002	EXACT	False	False	False
es-S0213-12852007000100002-1	PROCEDIMIENTO	1161	1185	diagnóstico radiográfico	363680008	EXACT	False	False	False
es-S0213-12852007000100002-1	PROCEDIMIENTO	1201	1254	tomografía axial computarizada con programa Dentascan	709699007	NARROW	False	False	False
es-S0213-12852007000100002-1	PROCEDIMIENTO	1419	1437	hemi-maxillectomia	239338004	EXACT	False	False	False
es-S0213-12852007000100002-1	PROCEDIMIENTO	1683	1703	análisis histológico	252416005	EXACT	False	False	False
es-S0213-12852007000100002-1	PROCEDIMIENTO	1802	1824	tratamiento porotésico	82305005	EXACT	False	False	False
es-S0213-12852007000100002-1	PROCEDIMIENTO	1846	1888	se realizaron impresiones de los maxilares	234759006	NARROW	False	False	False
es-S0213-12852007000100002-1	PROCEDIMIENTO	2137	2185	correcto posicionamiento de la prótesis palatina	234813002	EXACT	False	False	False
es-S0213-12852007000100002-1	PROCEDIMIENTO	2191	2269	prótesis de obturación palatina era mucosoportada y dento-retenida con ganchos	234830000	NARROW	False	False	False
es-S0213-12852007000100002-1	PROCEDIMIENTO	2790	2818	reconstrucción con implantes	782902008	EXACT	False	False	False
es-S0213-12852007000100002-1	PROCEDIMIENTO	423	439	examen extraoral	284365007	NARROW	False	False	True
es-S0213-12852007000100002-1	PROCEDIMIENTO	931	958	extracción del elemento 2.8	404198007	EXACT	False	False	True
es-S0213-12852007000100002-1	PROCEDIMIENTO	946	994	elemento 2.8 y biopsia de los tejidos adyacentes	708740007	NARROW	False	False	False
es-S0213-12852013000400006-1	PROCEDIMIENTO	1002	1058	registro de potenciales vestibulares miogénicos evocados	840285005	EXACT	False	False	False
es-S0213-12852013000400006-1	PROCEDIMIENTO	217	248	infiltración de anestesia local	44596000	EXACT	False	False	False
es-S0213-12852013000400006-1	PROCEDIMIENTO	334	369	fresado de la caries con la turbina	234733008	NARROW	False	False	False
es-S0213-12852013000400006-1	PROCEDIMIENTO	382	389	fresado	373665003	EXACT	False	False	False
es-S0213-12852013000400006-1	PROCEDIMIENTO	531	538	fresado	373665003	EXACT	False	False	False
es-S0213-12852013000400006-1	PROCEDIMIENTO	642	652	obturación	234796002	EXACT	False	False	True
es-S0213-12852013000400006-1	PROCEDIMIENTO	823	843	pruebas audiológicas	398171003	EXACT	False	False	False
es-S0213-12852013000400006-1	PROCEDIMIENTO	859	875	impedanciometría	164755005	EXACT	False	False	False
es-S0213-12852013000400006-1	PROCEDIMIENTO	892	931	registro de nistagmus vértico-rotatorio	58953000	NARROW	False	False	True
es-S0365-66912004000800009-1	PROCEDIMIENTO	1036	1067	exploración tanto oftalmológica	36228007	EXACT	False	False	False
es-S0365-66912004000800009-1	PROCEDIMIENTO	1099	1132	TAC craneal, torácico y abdominal	711278009	EXACT	False	False	False
es-S0365-66912004000800009-1	PROCEDIMIENTO	1193	1257	resección de las dos tumoraciones palpebrales mediante dos cuñas	172212009	NARROW	False	False	False
es-S0365-66912004000900009-1	PROCEDIMIENTO	1222	1248	velocidad de sedimentación	66842004	EXACT	False	False	False
es-S0365-66912004000900009-1	PROCEDIMIENTO	1483	1495	anticoagular	182764009	EXACT	False	False	False
es-S0365-66912004000900009-1	PROCEDIMIENTO	415	431	motilidad ocular	17259005	EXACT	False	False	False
es-S0365-66912004000900009-1	PROCEDIMIENTO	453	473	oftalmoscopia del OD	53524009	EXACT	False	False	False
es-S0365-66912004000900009-1	PROCEDIMIENTO	692	721	estudio básico de coagulación	3116009	EXACT	False	False	False
es-S0365-66912004000900009-1	PROCEDIMIENTO	815	837	estudio de trombofilia	314089003	EXACT	False	False	False
es-S0365-66912004000900009-1	PROCEDIMIENTO	916	933	análisis genético	395157005	EXACT	False	False	False
es-S0365-66912004000900009-1	PROCEDIMIENTO	934	1057	se amplificaron mediante PCR fragmentos de ADN que incluían los nucleótidos 1691 del gen del factor V y 20210 del factor II	405825005	NARROW	False	False	False
es-S0365-66912004001000008-1	PROCEDIMIENTO	1696	1757	iridociclectomía «ab externo» con escisión de la masa tumoral	20403000	NARROW	False	False	False
es-S0365-66912004001000008-1	PROCEDIMIENTO	681	707	exploración bajo midriasis	252841009	EXACT	False	False	False
es-S0365-66912004001000008-1	PROCEDIMIENTO	853	883	Tomografia Axial Computarizada	77477000	EXACT	False	False	False
es-S0365-66912004001100012-1	PROCEDIMIENTO	1055	1080	serología para toxoplasma	408202000	EXACT	False	False	False
es-S0365-66912004001100012-1	PROCEDIMIENTO	1725	1742	pomada lubricante	225129006	EXACT	False	False	False
es-S0365-66912004001100012-1	PROCEDIMIENTO	1859	1876	simblefaron-lisis	37271007	EXACT	False	False	False
es-S0365-66912004001100012-1	PROCEDIMIENTO	260	272	funduscópica	53524009	EXACT	False	False	False
es-S0365-66912004001200010-2	PROCEDIMIENTO	140	164	tratamiento hematológico	33468001	NARROW	False	False	False
es-S0365-66912004001200010-2	PROCEDIMIENTO	447	478	biomicroscopía de polo anterior	55468007	NARROW	False	False	False
es-S0365-66912004001200010-2	PROCEDIMIENTO	561	583	examen de fondo del OI	53524009	EXACT	False	False	False
es-S0365-66912005001100009-1	PROCEDIMIENTO	115	131	trabeculectomías	3249005	EXACT	False	False	False
es-S0365-66912005001100009-1	PROCEDIMIENTO	482	494	iridectomías	36812006	EXACT	False	False	False
es-S0365-66912005001100009-1	PROCEDIMIENTO	700	770	capsulotomía e hialoidotomía con láser de Nd-YAG a través de la pupila	172532006	NARROW	False	False	True
es-S0365-66912005001100009-2	PROCEDIMIENTO	596	646	capsulotomía e hialoidotomía a través de la pupila	85785001	NARROW	False	False	False
es-S0365-66912005001100010-2	PROCEDIMIENTO	505	566	intervención de cataratas en ambos ojos mediante técnica MICS	419767009	EXACT	False	False	True
es-S0365-66912005001100010-2	PROCEDIMIENTO	568	608	exéresis del pterigión del ojo izquierdo	38330000	EXACT	False	False	False
es-S0365-66912005001100010-2	PROCEDIMIENTO	611	640	exéresis de la lesión corneal	75588007	EXACT	False	False	False
es-S0365-66912006000100008-1	PROCEDIMIENTO	122	150	oftalmología para valoración	36228007	EXACT	False	False	False
es-S0365-66912006000100008-1	PROCEDIMIENTO	171	198	cribado de otras patologías	20135006	EXACT	False	False	False
es-S0365-66912006000100008-1	PROCEDIMIENTO	273	315	resonancia magnética nuclear (RMN) craneal	241601008	EXACT	False	False	False
es-S0365-66912006000100008-1	PROCEDIMIENTO	498	535	biomicroscópica del segmento anterior	55468007	NARROW	False	False	False
es-S0365-66912006000100008-1	PROCEDIMIENTO	560	585	funduscopia en ambos ojos	53524009	EXACT	False	False	False
es-S0365-66912006000100008-1	PROCEDIMIENTO	761	792	estudio con neuroimagen con RMN	29567006	EXACT	False	False	False
es-S0365-66912006000700009-1	PROCEDIMIENTO	796	821	cirugía de facoextracción	54885007	EXACT	False	False	True
es-S0365-66912006000700009-1	PROCEDIMIENTO	91	138	glucocorticoides tópicos, peribulbares y orales	243127001	NARROW	False	False	False
es-S0365-66912006000900010-1	PROCEDIMIENTO	1043	1075	tratamiento mediante enucleación	39250009	EXACT	False	False	False
es-S0365-66912006000900010-1	PROCEDIMIENTO	1087	1130	examen visual macroscópico del globo ocular	168126000	NARROW	False	False	False
es-S0365-66912006000900010-1	PROCEDIMIENTO	1118	1150	globo ocular, tras su extracción	172132001	EXACT	False	False	False
es-S0365-66912006000900010-1	PROCEDIMIENTO	1302	1325	prótesis ocular externa	265271003	EXACT	False	False	True
es-S0365-66912006000900010-1	PROCEDIMIENTO	1481	1536	examen macroscópico de cortes seriados del globo ocular	168126000	NARROW	False	False	True
es-S0365-66912006000900010-1	PROCEDIMIENTO	1694	1710	histológicamente	252416005	EXACT	False	False	False
es-S0365-66912006000900010-1	PROCEDIMIENTO	1972	1996	datos anatomopatológicos	108257001	EXACT	False	False	False
es-S0365-66912006000900010-1	PROCEDIMIENTO	641	669	Resonancia Nuclear Magnética	113091000	EXACT	False	False	False
es-S0365-66912006001100006-4	PROCEDIMIENTO	263	287	extracción del fragmento	118292001	EXACT	False	False	False
es-S0365-66912006001100006-4	PROCEDIMIENTO	309	323	cierre corneal	62428002	EXACT	False	False	False
es-S0365-66912006001100006-4	PROCEDIMIENTO	367	403	colocación de una lente intrasacular	69724002	NARROW	False	False	True
es-S0365-66912006001100006-4	PROCEDIMIENTO	468	511	imágenes del segmento anterior mediante OCT	392010000	EXACT	False	False	False
es-S0365-66912007000100009-1	PROCEDIMIENTO	1425	1437	campo visual	86944008	EXACT	False	False	False
es-S0365-66912007000100009-1	PROCEDIMIENTO	1536	1563	OD intervenido de cataratas	54885007	EXACT	False	False	False
es-S0365-66912007000100010-1	PROCEDIMIENTO	1110	1133	signos biomicroscópicos	104157003	EXACT	False	False	False
es-S0365-66912007000100010-1	PROCEDIMIENTO	1269	1294	exoftalmometría de Hertel	48706002	NARROW	False	False	False
es-S0365-66912007000100010-1	PROCEDIMIENTO	1375	1385	octreoscan	429800000	EXACT	False	False	False
es-S0365-66912007000100010-1	PROCEDIMIENTO	1407	1456	inyección de 6 mg de In111-octreótido intravenoso	431215000	NARROW	False	False	True
es-S0365-66912007000100010-1	PROCEDIMIENTO	1474	1546	imágenes planares con estudio mediante tomografía por emisión de fotones	371575001	NARROW	False	False	True
es-S0365-66912007000100010-1	PROCEDIMIENTO	1665	1767	método cualitativo de contraste comparando la captación respecto a la de fondo (tejido óseo occipital)	443432005	NARROW	False	False	False
es-S0365-66912007000100010-1	PROCEDIMIENTO	2163	2186	tópico hipotensor en OD	225700001	NARROW	False	False	False
es-S0365-66912007000100010-1	PROCEDIMIENTO	2189	2210	trabeculectomía en OI	3249005	NARROW	True	False	False
es-S0365-66912007000100010-1	PROCEDIMIENTO	396	412	biomicroscópicos	55468007	EXACT	False	False	True
es-S0365-66912007000100010-1	PROCEDIMIENTO	941	980	tratamiento tópico ocular oftalmológico	386353009	EXACT	False	False	False
es-S0365-66912007000200009-1	PROCEDIMIENTO	1110	1122	campo visual	86944008	EXACT	False	False	False
es-S0365-66912007000200009-1	PROCEDIMIENTO	1142	1177	test de colores, Farnsworth-Munsell	7510005	EXACT	False	False	False
es-S0365-66912007000200009-1	PROCEDIMIENTO	1355	1400	resonancia nuclear magnética cráneo-orbitaria	438834000	EXACT	False	False	False
es-S0365-66912007000200009-1	PROCEDIMIENTO	649	685	biomicroscopía del segmento anterior	55468007	NARROW	False	False	False
es-S0365-66912007000200009-1	PROCEDIMIENTO	998	1018	campimetría Humphrey	252806005	EXACT	False	False	False
es-S0365-66912007000200011-1	PROCEDIMIENTO	1628	1631	AVI	252823001	EXACT	True	False	True
es-S0365-66912007000200011-1	PROCEDIMIENTO	1697	1709	angiográfico	77343006	EXACT	False	False	False
es-S0365-66912007000200011-1	PROCEDIMIENTO	499	502	TFD	257891001	EXACT	True	False	True
es-S0365-66912007000200011-1	PROCEDIMIENTO	514	526	funduscópica	53524009	EXACT	False	False	False
es-S0365-66912007000200011-1	PROCEDIMIENTO	61	97	terapia fotodinámica con Verteporfin	257891001	NARROW	False	False	False
es-S0365-66912007000200011-1	PROCEDIMIENTO	830	833	AVI	252823001	EXACT	True	False	True
es-S0365-66912007000200011-1	PROCEDIMIENTO	99	102	TFD	257891001	EXACT	True	False	True
es-S0365-66912007000700011-1	PROCEDIMIENTO	1301	1322	tratamiento con AINEs	713443004	EXACT	False	False	False
es-S0365-66912007000700011-1	PROCEDIMIENTO	457	486	exploración del ojo izquierdo	36228007	EXACT	False	False	False
es-S0365-66912007000700011-1	PROCEDIMIENTO	743	748	AINEs	713443004	EXACT	True	False	False
es-S0365-66912007000700011-1	PROCEDIMIENTO	808	811	EOG	468523004	EXACT	True	False	True
es-S0365-66912007000700011-1	PROCEDIMIENTO	817	820	EOG	468523004	EXACT	True	False	True
es-S0365-66912007000900010-1	PROCEDIMIENTO	1579	1583	TPHA	269829001	EXACT	True	False	True
es-S0365-66912007000900010-1	PROCEDIMIENTO	2013	2027	exámen clínico	5880005	EXACT	False	False	False
es-S0365-66912007000900010-1	PROCEDIMIENTO	2029	2041	angiográfico	77343006	EXACT	False	False	False
es-S0365-66912007000900010-1	PROCEDIMIENTO	2135	2165	biopsia por vía extra-escleral	446938009	NARROW	False	False	True
es-S0365-66912007000900010-1	PROCEDIMIENTO	2185	2207	examen histopalológico	252416005	EXACT	False	False	False
es-S0365-66912007000900010-1	PROCEDIMIENTO	2359	2376	metamina de plata	104213005	EXACT	False	False	True
es-S0365-66912007000900010-1	PROCEDIMIENTO	3120	3131	ecografía B	78013004	EXACT	False	False	False
es-S0365-66912007000900010-1	PROCEDIMIENTO	522	549	exámen oftalmológico del OD	36228007	EXACT	False	False	False
es-S0365-66912007000900010-1	PROCEDIMIENTO	589	628	exámen a la lámpara de hendidura del OI	55468007	EXACT	False	False	False
es-S0365-66912007000900010-1	PROCEDIMIENTO	786	798	fondo del OI	53524009	EXACT	False	False	False
es-S0365-66912007000900010-1	PROCEDIMIENTO	882	893	ecografía B	78013004	EXACT	False	False	False
es-S0365-66912007000900011-1	PROCEDIMIENTO	1080	1095	test de colores	7510005	EXACT	False	False	False
es-S0365-66912007000900011-1	PROCEDIMIENTO	1139	1167	mapeo vascular prequirúrgico	110466009	NARROW	False	False	False
es-S0365-66912007000900011-1	PROCEDIMIENTO	558	570	campo visual	86944008	EXACT	False	False	False
es-S0365-66912007000900011-1	PROCEDIMIENTO	572	580	Humphrey	252806005	EXACT	False	False	False
es-S0365-66912007000900011-1	PROCEDIMIENTO	600	608	Humphrey	252806005	EXACT	False	False	False
es-S0365-66912007000900011-1	PROCEDIMIENTO	767	805	Tomografía computerizada (TC) cerebral	34227000	EXACT	False	False	False
es-S0365-66912007000900011-1	PROCEDIMIENTO	927	956	resonancia magnética cerebral	29567006	EXACT	False	False	False
es-S0365-66912007000900016-1	PROCEDIMIENTO	1140	1153	campimétricas	86944008	EXACT	False	False	False
es-S0365-66912007000900016-1	PROCEDIMIENTO	1480	1504	exploración funduscópica	53524009	EXACT	False	False	False
es-S0365-66912007000900016-1	PROCEDIMIENTO	1641	1683	tratamiento corticoideo tópico y sistémico	297279009	NARROW	False	False	False
es-S0365-66912007000900016-1	PROCEDIMIENTO	2423	2458	triamcinolona acetónido intravitreo	231755001	NARROW	False	False	False
es-S0365-66912007000900016-1	PROCEDIMIENTO	395	417	angiofluoresceingrafía	252822006	EXACT	False	False	True
es-S0365-66912007000900016-1	PROCEDIMIENTO	419	422	AFG	172581008	EXACT	True	False	True
es-S0365-66912007000900016-1	PROCEDIMIENTO	899	916	serología luética	40675008	EXACT	False	False	False
es-S0365-66912007001000008-1	PROCEDIMIENTO	1118	1146	radiocirugía con Gamma Knife	115959002	EXACT	False	False	False
es-S0365-66912007001000008-1	PROCEDIMIENTO	1311	1341	estudio electroencefalográfico	54550000	EXACT	False	False	False
es-S0365-66912007001000008-1	PROCEDIMIENTO	2153	2174	prueba del Cover Test	400917006	EXACT	False	False	False
es-S0365-66912007001000008-1	PROCEDIMIENTO	2245	2271	fondo de ojo de ambos ojos	53524009	EXACT	False	False	False
es-S0365-66912007001000008-1	PROCEDIMIENTO	2386	2416	estudio campimétrico (Humphrey	86944008	EXACT	False	False	False
es-S0365-66912007001000008-1	PROCEDIMIENTO	2408	2417	Humphrey,	252806005	EXACT	False	False	True
es-S0365-66912007001000008-1	PROCEDIMIENTO	2631	2648	corrección óptica	371560009	NARROW	False	False	True
es-S0365-66912007001000008-1	PROCEDIMIENTO	320	342	estudios angiográficos	77343006	EXACT	False	False	False
es-S0365-66912007001000008-1	PROCEDIMIENTO	730	743	confrontación	410560002	EXACT	False	False	True
es-S0365-66912007001000008-1	PROCEDIMIENTO	804	826	examen de fondo de ojo	53524009	EXACT	False	False	False
es-S0365-66912007001000008-1	PROCEDIMIENTO	945	1007	embolizaciones selectivas de sus dos componentes malformativos	122463005	NARROW	False	False	True
es-S0365-66912007001200009-1	PROCEDIMIENTO	320	374	panretinofotocoagulación con láser argón en ambos ojos	23541008	NARROW	False	False	False
es-S0365-66912007001200009-1	PROCEDIMIENTO	389	411	vitrectomía pars plana	75732000	EXACT	False	False	False
es-S0365-66912007001200009-1	PROCEDIMIENTO	414	450	pelado de membrana limitante interna	312712008	EXACT	False	False	True
es-S0365-66912007001200009-1	PROCEDIMIENTO	455	499	inyección de triamcinolona intravítrea en OD	231755001	NARROW	True	False	True
es-S0365-66912007001200009-1	PROCEDIMIENTO	817	844	angiografía fluoreseceínica	172581008	EXACT	False	False	False
es-S0365-66912007001200011-1	PROCEDIMIENTO	1189	1255	membrana amniótica (MA) que se suturó con el epitelio hacia arriba	426676006	NARROW	False	False	False
es-S0365-66912007001200011-1	PROCEDIMIENTO	1278	1378	fragmento circular de MA de 15 mm de diámetro que se suturó como parche, con el epitelio hacia abajo	426676006	NARROW	True	False	False
es-S0365-66912007001200011-1	PROCEDIMIENTO	1499	1512	injerto de MA	119561005	NARROW	True	False	True
es-S0365-66912007001200011-1	PROCEDIMIENTO	455	482	exploración biomicroscópica	55468007	EXACT	False	False	False
es-S0365-66912007001200011-1	PROCEDIMIENTO	980	1042	ECS del tejido fibrovascular que invadía la superficie corneal	25316003	NARROW	True	False	True
es-S0365-66912008000700010-1	PROCEDIMIENTO	1062	1064	CV	86944008	EXACT	True	False	True
es-S0365-66912008000700010-1	PROCEDIMIENTO	1157	1160	RFE	395096001	NARROW	True	False	False
es-S0365-66912008000700010-1	PROCEDIMIENTO	1249	1251	CV	86944008	EXACT	True	False	True
es-S0365-66912008000700010-1	PROCEDIMIENTO	481	492	funduscopía	53524009	EXACT	False	False	False
es-S0365-66912008000700010-1	PROCEDIMIENTO	771	783	campo visual	86944008	EXACT	False	False	False
es-S0365-66912008000700010-1	PROCEDIMIENTO	785	787	CV	86944008	EXACT	True	False	True
es-S0365-66912008000700010-1	PROCEDIMIENTO	951	965	betabloqueante	439630003	EXACT	False	False	False
es-S0365-66912009000300009-1	PROCEDIMIENTO	421	458	biomicroscopía de polo anterior de OD	55468007	NARROW	True	False	False
es-S0365-66912009000300009-1	PROCEDIMIENTO	583	637	recubrimiento corneal con membrana amniótica multicapa	426676006	EXACT	False	False	False
es-S0365-66912009000300009-1	PROCEDIMIENTO	668	698	cultivo de exudado conjuntival	419834003	EXACT	False	False	False
es-S0365-66912009000300009-1	PROCEDIMIENTO	988	1019	biomicroscopía de polo anterior	55468007	NARROW	False	False	False
es-S0365-66912009001100005-3	PROCEDIMIENTO	253	269	test de Pigassou	16830007	NARROW	False	False	False
es-S0365-66912010000700004-1	PROCEDIMIENTO	404	452	edema macular bilateral difuso tratado con láser	169425004	NARROW	False	False	False
es-S0365-66912012000300005-1	PROCEDIMIENTO	212	223	pirazolonas	770949007	EXACT	False	False	False
es-S0365-66912012000300005-1	PROCEDIMIENTO	334	358	examen del polo anterior	118908002	EXACT	False	False	False
es-S0365-66912012000300005-1	PROCEDIMIENTO	424	443	Presión intraocular	252832004	EXACT	False	False	False
es-S0365-66912012000500003-1	PROCEDIMIENTO	1036	1071	marcadores bioquímicos y sanguíneos	396550006	NARROW	False	False	False
es-S0365-66912012000500003-1	PROCEDIMIENTO	1103	1123	serología infecciosa	68793005	NARROW	False	False	False
es-S0365-66912012000500003-1	PROCEDIMIENTO	1467	1504	tratamiento farmacológico corticoideo	243127001	EXACT	False	False	False
es-S0365-66912012000500003-1	PROCEDIMIENTO	1571	1597	antihipertensivos oculares	416608005	NARROW	False	False	False
es-S0365-66912012000500003-1	PROCEDIMIENTO	2261	2273	tomográficas	371575001	EXACT	False	False	False
es-S0365-66912012000500003-1	PROCEDIMIENTO	2444	2463	rescate corticoideo	788751009	EXACT	False	False	False
es-S0365-66912012000500003-1	PROCEDIMIENTO	462	507	biomicroscopia del segmento anterior en el OD	55468007	NARROW	True	False	False
es-S0365-66912012000500003-1	PROCEDIMIENTO	566	586	fondo de ojo derecho	53524009	EXACT	False	False	False
es-S0365-66912012000500003-1	PROCEDIMIENTO	759	778	ecografía en modo B	78013004	EXACT	False	False	False
es-S0365-66912012000500003-1	PROCEDIMIENTO	973	1008	exploración por aparatos y sistemas	284366008	EXACT	False	False	False
es-S0365-66912012000700004-1	PROCEDIMIENTO	106	124	anamnesis familiar	410551005	EXACT	False	False	False
es-S0365-66912012000700004-1	PROCEDIMIENTO	471	526	tomografía de coherencia óptica (OCT) con Stratus OCT-3	392010000	EXACT	False	False	False
es-S0365-66912012000700004-1	PROCEDIMIENTO	767	784	estudio sistémico	165197003	EXACT	False	False	True
es-S0365-66912012000800005-1	PROCEDIMIENTO	1195	1220	campimetría computarizada	103753003	EXACT	False	False	False
es-S0365-66912012000800005-1	PROCEDIMIENTO	1222	1235	Humphrey 24-2	252806005	EXACT	False	False	True
es-S0365-66912012000800005-1	PROCEDIMIENTO	1445	1464	OCT sobre la mácula	392010000	EXACT	False	False	False
es-S0365-66912012000800005-1	PROCEDIMIENTO	465	484	examen fundoscópico	53524009	EXACT	False	False	False
es-S0365-66912012000800005-1	PROCEDIMIENTO	807	858	estudio de la capa de fibras nerviosas de la retina	274798009	EXACT	False	False	False
es-S0365-66912012001100004-5	PROCEDIMIENTO	400	411	funduscopia	53524009	EXACT	False	False	False
es-S0365-66912012001100004-5	PROCEDIMIENTO	559	572	OCT de mácula	700070005	EXACT	False	False	False
es-S0376-78922007000300006-3	PROCEDIMIENTO	305	366	palpación sobre el trayecto tendinoso flexor del segundo dedo	284376006	NARROW	False	False	False
es-S0376-78922007000300006-3	PROCEDIMIENTO	382	407	extensión pasiva del dedo	183311000	NARROW	False	False	False
es-S0376-78922007000300006-3	PROCEDIMIENTO	409	424	Ecográficamente	16310003	EXACT	False	False	False
es-S0376-78922007000300006-3	PROCEDIMIENTO	576	720	se evacuó una pequeña cantidad de pus dentro de la vaina sinovial mediante un drenaje con apertura de las poleas A1 y A5 y sistema de irrigación	430704003	NARROW	False	False	False
es-S0376-78922007000300006-3	PROCEDIMIENTO	654	696	drenaje con apertura de las poleas A1 y A5	122462000	NARROW	False	False	True
es-S0376-78922007000300006-3	PROCEDIMIENTO	699	720	sistema de irrigación	67889009	EXACT	False	False	False
es-S0376-78922008000400008-1	PROCEDIMIENTO	2305	2339	requerimientos hidroelectrolíticos	702386002	EXACT	False	False	False
es-S0376-78922008000400008-1	PROCEDIMIENTO	2822	2825	EGO	27171005	EXACT	True	False	True
es-S0376-78922008000400008-1	PROCEDIMIENTO	2973	2985	Electrolitos	79301008	EXACT	False	False	True
es-S0376-78922008000400008-1	PROCEDIMIENTO	3011	3028	Química sanguínea	412890008	EXACT	False	False	False
es-S0376-78922008000400008-1	PROCEDIMIENTO	3258	3300	biopsia de piel en región inguinal derecha	240977001	NARROW	False	False	False
es-S0376-78922008000400008-1	PROCEDIMIENTO	3310	3368	colocación de catéter central de 3 vías en ingle izquierda	425196008	NARROW	False	False	False
es-S0376-78922008000400008-1	PROCEDIMIENTO	3531	3573	cubiertas con pasta de Lassar y Polimixina	225132009	NARROW	False	False	False
es-S0376-78922008000400008-1	PROCEDIMIENTO	3545	3560	pasta de Lassar	225132009	NARROW	False	False	False
es-S0376-78922008000400008-1	PROCEDIMIENTO	3828	3851	antibióticos sistémicos	281789004	EXACT	False	False	False
es-S0376-78922008000400008-1	PROCEDIMIENTO	4200	4218	Anticonvulsivantes	46589004	EXACT	False	False	False
es-S0376-78922008000400008-1	PROCEDIMIENTO	4324	4352	lavados quirúrgicos seriados	67889009	NARROW	False	False	False
es-S0376-78922008000400008-1	PROCEDIMIENTO	4369	4420	se cubrieron las heridas con apósitos hidrocoloides	225120005	NARROW	False	False	False
es-S0376-78922008000400008-1	PROCEDIMIENTO	4904	4932	cultivos de punta de catéter	61594008	NARROW	False	False	False
es-S0376-78922008000400008-1	PROCEDIMIENTO	5119	5138	soporte psicológico	390822007	EXACT	False	False	False
es-S0376-78922009000100005-1	PROCEDIMIENTO	1048	1101	zona donante se cubrió con un injerto de piel parcial	784396007	NARROW	False	False	False
es-S0376-78922009000100005-1	PROCEDIMIENTO	167	219	placa de osteosíntesis en el tercio distal del radio	301047001	NARROW	False	False	True
es-S0376-78922009000100005-1	PROCEDIMIENTO	239	306	anastomosis de revascularización radial y cubital a nivel del carpo	233501006	NARROW	False	False	False
es-S0376-78922009000100005-1	PROCEDIMIENTO	395	419	Doppler de Ultrasonidos.	1187106001	EXACT	False	False	False
es-S0376-78922009000100005-1	PROCEDIMIENTO	469	489	bypass radio-cubital	88834003	NARROW	False	False	False
es-S0376-78922009000100005-1	PROCEDIMIENTO	494	551	injerto de vena safena para revascularización del miembro	233470008	EXACT	False	False	False
es-S0376-78922009000100005-1	PROCEDIMIENTO	567	606	cobertura del material de osteosíntesis	57168000	NARROW	False	False	False
es-S0376-78922009000100005-1	PROCEDIMIENTO	612	642	anastomosis distal del by-pass	34518000	EXACT	False	False	False
es-S0376-78922009000100005-1	PROCEDIMIENTO	657	753	colgajo en hélice de perforante interósea posterior de 15x7,5 cm en la cara dorsal del antebrazo	1202017008	NARROW	False	False	False
es-S0376-78922009000100005-1	PROCEDIMIENTO	840	933	colgajo pudo ser pivotado en los vasos perforantes cutáneos de la arteria interósea posterior	1202017008	NARROW	False	False	False
es-S0376-78922009000100014-1	PROCEDIMIENTO	1171	1195	biopsia de la tumoración	86273004	NARROW	False	False	False
es-S0376-78922009000100014-1	PROCEDIMIENTO	1795	1818	quimioterapia adyuvante	367336001	EXACT	False	False	False
es-S0376-78922009000100014-1	PROCEDIMIENTO	1880	1902	extirpación quirúrgica	128303001	EXACT	False	False	False
es-S0376-78922009000100014-1	PROCEDIMIENTO	1936	2017	resección completa del tumor con márgenes amplios y el cierre directo del defecto	370612006	NARROW	False	False	False
es-S0376-78922009000100014-1	PROCEDIMIENTO	2172	2192	tumoración extirpada	370612006	EXACT	False	False	False
es-S0376-78922009000100014-1	PROCEDIMIENTO	3795	3839	Resonancia Nuclear Magnética (RNM) del brazo	241634005	EXACT	False	False	False
es-S0376-78922009000100014-1	PROCEDIMIENTO	3877	3925	estudios de imagen de control tóraco-abdominales	108275000	EXACT	False	False	True
es-S0376-78922009000100014-1	PROCEDIMIENTO	505	543	electrocoagulación del punto sangrante	73223003	NARROW	False	False	False
es-S0376-78922009000100014-1	PROCEDIMIENTO	728	761	pruebas de diagnóstico por imagen	363679005	EXACT	False	False	False
es-S0376-78922009000100014-1	PROCEDIMIENTO	767	795	estudio de extensión tumoral	15886004	NARROW	False	False	False
es-S0376-78922009000100014-1	PROCEDIMIENTO	800	821	radiografía del brazo	74809003	EXACT	False	False	True
es-S0376-78922009000300005-1	PROCEDIMIENTO	1155	1178	injerto de lipoaspirado	712822003	EXACT	False	False	False
es-S0376-78922009000300005-1	PROCEDIMIENTO	1324	1368	Resección de las áreas vaginales con heridas	41883009	EXACT	False	False	False
es-S0376-78922009000300005-1	PROCEDIMIENTO	1386	1428	cobertura con colgajos locales de rotación	304102003	EXACT	False	False	False
es-S0376-78922009000300005-1	PROCEDIMIENTO	1434	1463	Lipoinjerto en labios mayores	712822003	NARROW	False	False	False
es-S0376-78922009000300005-1	PROCEDIMIENTO	1507	1532	cerrar el orificio vulvar	120032006	EXACT	False	False	False
es-S0376-78922009000300005-1	PROCEDIMIENTO	1566	1622	Lipoinjerto laminar colocado debajo de la mucosa vaginal	712822003	NARROW	False	False	False
es-S0376-78922009000300005-1	PROCEDIMIENTO	167	184	tratada con láser	416376001	EXACT	False	False	False
es-S0376-78922009000300005-1	PROCEDIMIENTO	2039	2126	aspirar de las caderas, empleando técnica tumescente con suero fisiológico y adrenalina	281809009	NARROW	False	False	False
es-S0376-78922009000300005-1	PROCEDIMIENTO	2202	2234	lipoaspiración empleamos cánulas	302441008	EXACT	False	False	False
es-S0376-78922009000300005-1	PROCEDIMIENTO	2569	2683	Injertamos 10 cc de grasa en cada labio mayor, tunelizados en capas, y 4 cc en la submucosa posterior de la vagina	712822003	NARROW	False	False	False
es-S0376-78922009000300005-1	PROCEDIMIENTO	2705	2748	retroinyección, de forma paralela y laminar	281706009	NARROW	False	False	True
es-S0376-78922009000300005-1	PROCEDIMIENTO	2784	2818	resección de dos úlceras vaginales	41883009	EXACT	False	False	False
es-S0376-78922009000300005-1	PROCEDIMIENTO	2821	2880	aproximación del músculo transverso superficial del perineo	392426009	NARROW	False	False	False
es-S0376-78922009000300005-1	PROCEDIMIENTO	2894	2918	perineoplastia posterior	315315000	NARROW	False	False	False
es-S0376-78922009000300005-1	PROCEDIMIENTO	3013	3081	Eliminó dos puntos internos de hilo de sutura de ácido poliglicólico	30549001	NARROW	False	False	False
es-S0376-78922009000300005-1	PROCEDIMIENTO	4224	4236	laserterapia	416376001	EXACT	False	False	False
es-S0376-78922009000300005-1	PROCEDIMIENTO	4642	4664	material lipoinjertado	712822003	EXACT	False	False	True
es-S0376-78922009000300005-1	PROCEDIMIENTO	517	520	FIV	52637005	EXACT	True	False	True
es-S0376-78922009000300005-1	PROCEDIMIENTO	617	648	cauterización vaginal con láser	176679004	EXACT	False	False	False
es-S0376-78922009000400002-2	PROCEDIMIENTO	1033	1072	cierre directo de los colgajos cutáneos	304039000	NARROW	False	False	False
es-S0376-78922009000400002-2	PROCEDIMIENTO	305	351	se decidió la apertura de la herida quirúrgica	60482008	NARROW	False	False	True
es-S0376-78922009000400002-2	PROCEDIMIENTO	334	392	herida quirúrgica, se hacían lavados con suero fisiológico	225150002	NARROW	False	False	False
es-S0376-78922009000400002-2	PROCEDIMIENTO	408	440	curas con Sulfadiacina argéntica	225132009	NARROW	False	False	False
es-S0376-78922009000400002-2	PROCEDIMIENTO	572	590	drogas vasoactivas	870386000	EXACT	False	False	False
es-S0376-78922009000400002-2	PROCEDIMIENTO	612	677	restitución de la pared torácica con colgajos de músculo pectoral	120153004	NARROW	False	False	False
es-S0376-78922009000400002-2	PROCEDIMIENTO	684	721	legrado de esternón en la línea media	67549005	EXACT	False	False	True
es-S0376-78922009000400002-2	PROCEDIMIENTO	76	132	cirugía de reconstrucción aórtica con prótesis de Dacron	119777009	NARROW	False	False	True
es-S0376-78922009000400002-2	PROCEDIMIENTO	910	962	músculo pectoral derecho se avanzó sobre el esternón	178223004	NARROW	False	False	False
es-S0376-78922009000400002-2	PROCEDIMIENTO	989	1015	osteosíntesis con alambres	57168000	NARROW	False	False	False
es-S0376-78922009000400010-3	PROCEDIMIENTO	353	430	resección del bloque anquilótico de la articulación témporomandibular derecha	226083002	NARROW	False	False	False
es-S0376-78922009000400010-3	PROCEDIMIENTO	440	478	osteotomía a nivel del cuello condilar	29799003	EXACT	False	False	False
es-S0376-78922009000400010-3	PROCEDIMIENTO	481	504	coronoidectomía derecha	56577007	NARROW	False	False	False
es-S0376-78922009000400010-3	PROCEDIMIENTO	518	579	reconstrucción mediante injerto condrocostal de interposición	118476008	NARROW	False	False	True
es-S0376-78922009000400011-1	PROCEDIMIENTO	1029	1064	desbridamiento del tejido necrótico	225148005	EXACT	False	False	False
es-S0376-78922009000400011-1	PROCEDIMIENTO	1066	1149	creando un defecto tisular de 7 x 5 cm sobre el maléolo interno del tobillo derecho	179965009	NARROW	False	False	True
es-S0376-78922009000400011-1	PROCEDIMIENTO	1155	1221	exposición del tendón de Aquiles y del borde posterior de la tibia	52092002	NARROW	False	False	False
es-S0376-78922009000400011-1	PROCEDIMIENTO	1241	1267	cultivo de tejidos blandos	41243006	NARROW	False	False	True
es-S0376-78922009000400011-1	PROCEDIMIENTO	1274	1297	exámenes de laboratorio	15220000	EXACT	False	False	False
es-S0376-78922009000400011-1	PROCEDIMIENTO	1509	1524	desbridamientos	36777000	EXACT	False	False	False
es-S0376-78922009000400011-1	PROCEDIMIENTO	1766	1854	cobertura del defecto remanente con colgajo fasciocutaneo safenointerno de flujo reverso	265660006	NARROW	False	False	True
es-S0376-78922009000400011-1	PROCEDIMIENTO	1856	1867	Desbridamos	36777000	EXACT	False	False	False
es-S0376-78922009000400011-1	PROCEDIMIENTO	1904	1986	pérdida de sustancia final de 8x3 cm; para la cobertura diseñamos una isla de piel	784396007	NARROW	False	False	False
es-S0376-78922009000400011-1	PROCEDIMIENTO	2022	2076	cerramos de forma primaria el área donante del colgajo	1202017008	NARROW	False	False	False
es-S0376-78922009000400011-1	PROCEDIMIENTO	212	253	administración de antibióticos sistémicos	281790008	EXACT	False	False	False
es-S0376-78922009000400011-1	PROCEDIMIENTO	651	676	desbridamiento quirúrgico	225148005	EXACT	False	False	False
es-S0376-78922009000400011-1	PROCEDIMIENTO	777	809	radiografías del tobillo derecho	426721006	EXACT	False	False	False
es-S0376-78922009000400011-1	PROCEDIMIENTO	981	1026	drenaje de la colección de material purulento	118442004	EXACT	False	False	False
es-S0376-78922011000100010-1	PROCEDIMIENTO	1163	1181	técnica de McIndoe	176691008	EXACT	False	False	True
es-S0376-78922011000100010-1	PROCEDIMIENTO	1235	1316	toma y aplicación de injertos cutáneos de espesor parcial de las regiones glúteas	304040003	NARROW	False	False	True
es-S0376-78922011000100010-1	PROCEDIMIENTO	1256	1403	injertos cutáneos de espesor parcial de las regiones glúteas, que se reticularon manualmente y se fijaron a una capa de esponjas de gel hemostático	180715005	NARROW	False	False	True
es-S0376-78922011000100010-1	PROCEDIMIENTO	1461	1495	injertos con las paredes vaginales	367444000	NARROW	False	False	True
es-S0376-78922011000100010-1	PROCEDIMIENTO	1778	1902	injertos se fijaron al conformador previamente cubierto con las esponjas de Gelfoam®, también mediante suturas reabsorbibles	77465005	NARROW	False	False	False
es-S0376-78922011000100010-1	PROCEDIMIENTO	1923	1979	creación del nuevo túnel vaginal mediante disección roma	277762005	NARROW	False	False	True
es-S0376-78922011000100010-1	PROCEDIMIENTO	2193	2270	fijado a las neoparedes vaginales con sutura no absorbible del tipo nylon 3-0	176687003	NARROW	False	False	False
es-S0376-78922011000100010-1	PROCEDIMIENTO	237	263	ecografía abdomino-pélvica	418394000	EXACT	False	False	False
es-S0376-78922011000100010-1	PROCEDIMIENTO	2506	2541	Colocamos nuevamente el conformador	782901001	NARROW	False	False	False
es-S0376-78922011000100010-1	PROCEDIMIENTO	326	345	urografía excretora	32265006	EXACT	False	False	False
es-S0376-78922011000100010-1	PROCEDIMIENTO	358	400	TAC abdominal fue también normal y pélvico	419394006	EXACT	False	False	False
es-S0376-78922011000100010-1	PROCEDIMIENTO	450	482	radiografía de la mano izquierda	3621000087107	EXACT	False	False	False
es-S0376-78922011000100010-1	PROCEDIMIENTO	531	572	radiología simple de columna dorso-lumbar	444634007	EXACT	False	False	False
es-S0376-78922011000100010-1	PROCEDIMIENTO	645	677	estudio de colon por enema opaco	315294004	EXACT	False	False	False
es-S0376-78922011000100010-1	PROCEDIMIENTO	777	855	perfil hormonal con FSH, LH, estradiol, progesterona, testosterona, prolactina	122445005	NARROW	False	False	False
es-S0376-78922011000500012-1	PROCEDIMIENTO	1064	1110	escara en zona muda plantar que fue desbridada	85875009	NARROW	False	False	False
es-S0376-78922011000500012-1	PROCEDIMIENTO	1301	1353	desbridamiento plantar izquierdo y pretibial derecho	36777000	NARROW	False	False	False
es-S0376-78922011000500012-1	PROCEDIMIENTO	1356	1371	desbridamientos	36777000	EXACT	False	False	False
es-S0376-78922011000500012-1	PROCEDIMIENTO	1460	1475	desbridamientos	36777000	EXACT	False	False	False
es-S0376-78922011000500012-1	PROCEDIMIENTO	1627	1670	terapia V.A.C.® en planta del pie izquierdo	1217560008	NARROW	False	False	False
es-S0376-78922011000500012-1	PROCEDIMIENTO	1769	1865	Se aplicaron esponjas de poliuretano (VAC GranuFoam®), con presión negativa continua de 125 mmHg	404915007	EXACT	False	False	False
es-S0376-78922011000500012-1	PROCEDIMIENTO	1900	1991	se continuó con presión negativa intermitente (5 minutos con aspiración y 2 sin aspiración)	243159008	EXACT	False	False	False
es-S0376-78922011000500012-1	PROCEDIMIENTO	2011	2068	se utilizaron esponjas con plata (VAC GranuFoam Silver® )	1217560008	NARROW	False	False	False
es-S0376-78922011000500012-1	PROCEDIMIENTO	2145	2190	contenedor del VAC® recogió abundante exudado	1217560008	NARROW	False	False	False
es-S0376-78922011000500012-1	PROCEDIMIENTO	2228	2252	Sistema VAC ATS® Therapy	1217560008	EXACT	False	False	False
es-S0376-78922011000500012-1	PROCEDIMIENTO	2387	2413	ejercicios de fisioterapia	91251008	EXACT	False	False	False
es-S0376-78922011000500012-1	PROCEDIMIENTO	2467	2478	sistema VAC	1217560008	EXACT	False	False	False
es-S0376-78922011000500012-1	PROCEDIMIENTO	277	285	intubado	52765003	EXACT	False	False	False
es-S0376-78922011000500012-1	PROCEDIMIENTO	2806	2817	terapia VAC	1217560008	EXACT	False	False	False
es-S0376-78922011000500012-1	PROCEDIMIENTO	2852	2947	cobertura del defecto plantar izquierdo con injerto de piel de espesor parcial tomado del muslo	699264000	EXACT	False	False	False
es-S0376-78922011000500012-1	PROCEDIMIENTO	2964	3011	amputación de 3o, 4o y 5o dedos del pie derecho	371186005	NARROW	False	False	False
es-S0376-78922011000500012-1	PROCEDIMIENTO	3014	3070	injerto de piel sobre defecto residual pretibial derecho	784396007	NARROW	False	False	False
es-S0376-78922011000500012-1	PROCEDIMIENTO	3076	3084	injertos	119561005	EXACT	False	False	False
es-S0376-78922011000500012-1	PROCEDIMIENTO	3260	3289	cobertura con injerto de piel	304040003	EXACT	False	False	False
es-S0376-78922012000300010-1	PROCEDIMIENTO	1060	1155	blefaroplastia superior se realizó según técnica clásica y la inferior por vía transconjuntival	75489002	NARROW	False	False	False
es-S0376-78922012000300010-1	PROCEDIMIENTO	1161	1227	extirpación de bolsas palpebrales tanto superiores como inferiores	22737002	NARROW	False	False	False
es-S0376-78922012000300010-1	PROCEDIMIENTO	271	312	extirpación transconjuntival de chalazión	238514005	NARROW	False	False	False
es-S0376-78922012000300010-1	PROCEDIMIENTO	375	398	examen funcional ocular	36228007	EXACT	False	False	False
es-S0376-78922012000300010-1	PROCEDIMIENTO	438	473	TAC con contraste del macizo facial	431714002	EXACT	False	False	False
es-S0376-78922012000300010-1	PROCEDIMIENTO	771	814	blefaroplastia estética superior e inferior	75489002	EXACT	False	False	False
es-S0376-78922012000400009-1	PROCEDIMIENTO	1021	1043	Tratamiento Quirúrgico	363679005	EXACT	False	False	False
es-S0376-78922012000400009-1	PROCEDIMIENTO	1060	1091	extirpación de las tumoraciones	370612006	EXACT	False	False	False
es-S0376-78922012000400009-1	PROCEDIMIENTO	1167	1200	colocamos una sonda vesical Foley	395321006	EXACT	False	False	False
es-S0376-78922012000400009-1	PROCEDIMIENTO	1334	1440	Incidimos el pene en su línea media ventral y procedemos a disecar y extirpar cada una de los tumoraciones	44511009	EXACT	False	False	False
es-S0376-78922012000400009-1	PROCEDIMIENTO	1542	1580	resección completa de las tumoraciones	370612006	EXACT	False	False	False
es-S0376-78922012000400009-1	PROCEDIMIENTO	1620	1651	cerramos la incisión por planos	118450008	EXACT	False	False	False
es-S0376-78922012000400009-1	PROCEDIMIENTO	1715	1730	Dejamos drenaje	698956007	EXACT	False	False	False
es-S0376-78922012000400009-1	PROCEDIMIENTO	181	200	transferencia grasa	712822003	EXACT	False	False	True
es-S0376-78922012000400009-1	PROCEDIMIENTO	718	736	inclusión de grasa	712822003	EXACT	False	False	True
es-S0376-78922012000400009-1	PROCEDIMIENTO	862	888	linfografia radioisotópica	169167001	EXACT	False	False	False
es-S0376-78922015000400012-1	PROCEDIMIENTO	1220	1243	bloqueo supraclavicular	231131000	EXACT	False	False	True
es-S0376-78922015000400012-1	PROCEDIMIENTO	1323	1424	apertura del retináculo dorsal a nivel de la tercera corredera y capsulotomía según técnica de Berger	40345006	NARROW	False	False	True
es-S0376-78922015000400012-1	PROCEDIMIENTO	1455	1529	reducción de la fractura del semilunar estabilizándolo con un minitornillo	239283000	NARROW	False	False	False
es-S0376-78922015000400012-1	PROCEDIMIENTO	1558	1623	reparación del ligamento escafolunar con un arpón en el semilunar	52172007	NARROW	False	False	False
es-S0376-78922015000400012-1	PROCEDIMIENTO	1703	1726	inmovilización con yeso	69737004	EXACT	False	False	False
es-S0376-78922015000400012-1	PROCEDIMIENTO	365	397	exploración neurovascular distal	423558004	EXACT	False	False	False
es-S0376-78922015000400012-1	PROCEDIMIENTO	410	461	radiografías anteroposterior y lateral de la muñeca	22948003	EXACT	False	False	False
es-S0376-78922015000400012-1	PROCEDIMIENTO	899	931	reducción cerrada de la luxación	58825001	EXACT	False	False	False
es-S0376-78922015000400012-1	PROCEDIMIENTO	899	966	reducción cerrada de la luxación mediante tracción e inmovilización	58825001	EXACT	False	False	True
es-S0376-78922016000200011-1	PROCEDIMIENTO	1197	1227	punción guiada por ultrasonido	444945007	EXACT	False	False	True
es-S0376-78922016000200011-1	PROCEDIMIENTO	134	158	disección transglandular	122459003	NARROW	False	False	True
es-S0376-78922016000200011-1	PROCEDIMIENTO	1571	1580	punciones	85921004	EXACT	False	False	False
es-S0376-78922016000200011-1	PROCEDIMIENTO	160	179	bolsillo subfascial	17045008	NARROW	False	False	True
es-S0376-78922016000200011-1	PROCEDIMIENTO	1774	1796	imagen por ultrasonido	16310003	EXACT	False	False	False
es-S0376-78922016000200011-1	PROCEDIMIENTO	181	243	colocación de implantes anatómicos de gel cohesivo texturizado	782902008	NARROW	False	False	False
es-S0376-78922016000200011-1	PROCEDIMIENTO	1880	1920	retirada del implante, con capsulectomía	62725000	EXACT	False	False	True
es-S0376-78922016000200011-1	PROCEDIMIENTO	1923	1983	revisión del tejido mamario mediante biopsia transoperatoria	122548005	NARROW	False	False	False
es-S0376-78922016000200011-1	PROCEDIMIENTO	2058	2129	revisó la glándula mamaria y tomó muestras de los diferentes cuadrantes	75439005	NARROW	False	False	False
es-S0376-78922016000200011-1	PROCEDIMIENTO	2290	2339	líquido periprotésico evacuado durante la cirugía	122461007	NARROW	False	False	False
es-S0376-78922016000200011-1	PROCEDIMIENTO	2963	2984	estudios de estadiaje	15886004	NARROW	False	False	False
es-S0376-78922016000200011-1	PROCEDIMIENTO	3107	3142	retirada del implante contralateral	284101009	EXACT	False	False	False
es-S0376-78922016000200011-1	PROCEDIMIENTO	385	426	liposucción de la zona baja de la espalda	15039004	EXACT	False	False	False
es-S0376-78922016000200011-1	PROCEDIMIENTO	428	461	Se colocaron drenajes aspirativos	274441001	EXACT	False	False	False
es-S0376-78922016000200011-1	PROCEDIMIENTO	689	720	antinflamatorios no esteroideos	713443004	EXACT	False	False	False
es-S0376-78922016000200012-1	PROCEDIMIENTO	1104	1137	colocación de un expansor tisular	76790002	EXACT	False	False	False
es-S0376-78922016000200012-1	PROCEDIMIENTO	1258	1318	cierre se hizo por planos (tejido celular subcutáneo y piel)	118450008	NARROW	False	False	False
es-S0376-78922016000200012-1	PROCEDIMIENTO	1320	1394	Tunelizamos el reservorio para llenado del expansor en un plano subcutáneo	405434006	EXACT	False	False	False
es-S0376-78922016000200012-1	PROCEDIMIENTO	1495	1553	llenado intraoperatorio del expansor con suero fisiológico	286560000	NARROW	False	False	False
es-S0376-78922016000200012-1	PROCEDIMIENTO	1662	1699	profilaxis antibiótica perioperatoria	422181004	EXACT	False	False	False
es-S0376-78922016000200012-1	PROCEDIMIENTO	1869	1910	transfusión de 2 concentrados de hematíes	288170000	EXACT	False	False	False
es-S0376-78922016000200012-1	PROCEDIMIENTO	2017	2062	soporte de corsé como única medida ortopédica	228598001	EXACT	False	False	False
es-S0376-78922016000200012-1	PROCEDIMIENTO	2967	2989	pieza tumoral resecada	370612006	EXACT	False	False	False
es-S0376-78922016000200012-1	PROCEDIMIENTO	2995	3061	sarcoma de la vaina neural de bajo grado, con resección incompleta	370612006	NARROW	False	False	False
es-S0376-78922016000200012-1	PROCEDIMIENTO	3188	3213	reintervención quirúrgica	405638000	EXACT	False	False	False
es-S0376-78922016000200012-1	PROCEDIMIENTO	773	840	exéresis en bloque del compartimento muscular erector de la columna	112697007	NARROW	False	False	False
es-S0376-78922016000200012-1	PROCEDIMIENTO	927	944	microscópicamente	104157003	EXACT	False	False	False
es-S0378-48352004001000003-1	PROCEDIMIENTO	1129	1138	Serologia	68793005	EXACT	False	False	False
es-S0378-48352004001000003-1	PROCEDIMIENTO	1223	1237	Marcadores VHC	413107006	EXACT	False	False	False
es-S0378-48352004001000003-1	PROCEDIMIENTO	169	182	químioterapia	367336001	EXACT	False	False	False
es-S0378-48352004001000003-1	PROCEDIMIENTO	292	329	cirugia de quiste hidotídico pulmonar	336863008	EXACT	False	False	False
es-S0378-48352004001000003-1	PROCEDIMIENTO	386	414	bypass iliofemoral izquierda	51018000	EXACT	False	False	True
es-S0378-48352005000100005-2	PROCEDIMIENTO	141	162	receptores hormonales	83302001	EXACT	False	False	True
es-S0378-48352005000100005-2	PROCEDIMIENTO	267	270	CMF	367336001	NARROW	True	False	True
es-S0378-48352005000100005-2	PROCEDIMIENTO	594	627	tratamiento citostático paliativo	367336001	NARROW	False	False	False
es-S0378-48352006000300005-1	PROCEDIMIENTO	1217	1239	citología del aspirado	116147009	NARROW	False	False	False
es-S0378-48352006000300005-1	PROCEDIMIENTO	1242	1261	cepillado bronquial	6611000179105	EXACT	False	False	False
es-S0378-48352006000300005-1	PROCEDIMIENTO	1295	1350	punción-aspiración con aguja fina (PAAF) guiada por TAC	442973008	EXACT	True	False	False
es-S0378-48352006000300005-1	PROCEDIMIENTO	1442	1483	biopsia pulmonar mediante minitoracotomía	443810005	EXACT	False	False	False
es-S0378-48352006000300005-1	PROCEDIMIENTO	1615	1634	estudios biológicos	103693007	NARROW	False	False	True
es-S0378-48352006000300005-1	PROCEDIMIENTO	1778	1796	serologías víricas	88667002	EXACT	False	False	False
es-S0378-48352006000300005-1	PROCEDIMIENTO	2683	2712	poliquimioterapia intravenosa	265760000	EXACT	False	False	False
es-S0378-48352006000300005-1	PROCEDIMIENTO	300	327	se palpaban visceromegalias	64908006	EXACT	False	False	False
es-S0378-48352006000300005-1	PROCEDIMIENTO	3327	3360	estudio gammagráfico con galio-67	766841001	EXACT	False	False	False
es-S0378-48352006000300005-1	PROCEDIMIENTO	437	454	tinciones de Gram	62777006	EXACT	False	False	False
es-S0378-48352006000300005-1	PROCEDIMIENTO	457	480	Ziehl-Neelsen de esputo	406979008	NARROW	False	False	False
es-S1130-01082004001200010-1	PROCEDIMIENTO	636	665	esplenopancreatectomía distal	60194009	EXACT	False	False	False
es-S1130-01082004001200010-1	PROCEDIMIENTO	670	784	exéresis de tumoración sólida de 8 cm de diámetro en íntimo contacto con la cara posterior de la cola del páncreas	235468001	EXACT	False	False	False
es-S1130-01082005001100016-1	PROCEDIMIENTO	315	335	palpación el abdomen	64908006	EXACT	False	False	False
es-S1130-01082005001200011-1	PROCEDIMIENTO	1025	1057	test de absorción de la D-xilosa	167202006	EXACT	False	False	False
es-S1130-01082005001200011-1	PROCEDIMIENTO	1074	1120	estudio histológico de las biopsias duodenales	235261009	EXACT	False	False	False
es-S1130-01082005001200011-1	PROCEDIMIENTO	2000	2030	exploración de pares craneales	274786004	EXACT	False	False	False
es-S1130-01082005001200011-1	PROCEDIMIENTO	2145	2179	estímulos táctiles en pierna y pie	78746004	NARROW	False	False	True
es-S1130-01082005001200011-1	PROCEDIMIENTO	2410	2438	exploración neuropsicológica	307808008	EXACT	False	False	False
es-S1130-01082005001200011-1	PROCEDIMIENTO	2546	2575	resonancia magnética cerebral	29567006	EXACT	False	False	False
es-S1130-01082005001200011-1	PROCEDIMIENTO	2874	2913	potenciales evocados somato-sensoriales	708691004	EXACT	False	False	False
es-S1130-01082005001200011-1	PROCEDIMIENTO	3001	3036	estudio del líquido céfalo-raquídeo	167699000	EXACT	False	False	False
es-S1130-01082005001200011-1	PROCEDIMIENTO	3098	3117	análisis serológico	68793005	EXACT	False	False	False
es-S1130-01082005001200011-1	PROCEDIMIENTO	3145	3240	estudio de anticuerpos circulantes realizado mediante técnicas de immunofluorescencia indirecta	127797006	EXACT	False	False	False
es-S1130-01082005001200011-1	PROCEDIMIENTO	4432	4445	neurolépticos	408490001	EXACT	False	False	False
es-S1130-01082005001200011-1	PROCEDIMIENTO	4600	4616	immunosupresores	707311008	EXACT	False	False	False
es-S1130-01082005001200011-1	PROCEDIMIENTO	505	549	datos analíticos hematológicos y bioquímicos	396550006	NARROW	False	False	False
es-S1130-01082005001200011-1	PROCEDIMIENTO	651	682	determinación de grasa en heces	2693007	EXACT	False	False	False
es-S1130-01082005001200011-1	PROCEDIMIENTO	689	709	análisis serológicos	68793005	EXACT	False	False	False
es-S1130-01082006000900014-1	PROCEDIMIENTO	1050	1085	colangiografía transparietohepática	16747000	EXACT	False	False	False
es-S1130-01082006000900014-1	PROCEDIMIENTO	1342	1376	catéter de drenaje interno-externo	698956007	NARROW	False	False	False
es-S1130-01082006000900014-1	PROCEDIMIENTO	1760	1786	colocación de endoprótesis	103716009	EXACT	False	False	False
es-S1130-01082006000900014-1	PROCEDIMIENTO	1788	1823	endoprótesis biliar tipo wall stent	871680005	EXACT	False	False	False
es-S1130-01082006000900014-1	PROCEDIMIENTO	2437	2496	cateterización selectiva para introducción de coil metálico	429446009	NARROW	False	False	False
es-S1130-01082006000900014-1	PROCEDIMIENTO	2799	2851	cateterización selectiva de rama con pseudoaneurisma	392247006	NARROW	False	False	True
es-S1130-01082006000900014-1	PROCEDIMIENTO	2854	2940	introducir coil metálico de 3-5 mm de diámetro consiguiéndose cierre de vaso sangrante	90010006	NARROW	False	False	False
es-S1130-01082007000100009-1	PROCEDIMIENTO	1214	1225	RMN pélvica	2690005	EXACT	False	False	False
es-S1130-01082007000100009-1	PROCEDIMIENTO	157	173	histológicamente	252416005	EXACT	False	False	False
es-S1130-01082007000400010-1	PROCEDIMIENTO	1254	1273	colangiorresonancia	432633002	EXACT	False	False	False
es-S1130-01082007000400010-1	PROCEDIMIENTO	1626	1683	duodenopancreatectomía cefálica con preservación pilórica	116242006	EXACT	False	False	False
es-S1130-01082007000400010-1	PROCEDIMIENTO	1686	1707	pancreatogastrostomía	398261006	EXACT	False	False	False
es-S1130-01082007000400010-1	PROCEDIMIENTO	3033	3056	quimioterapia adyuvante	367336001	EXACT	False	False	False
es-S1130-01082007000400010-1	PROCEDIMIENTO	497	526	se palpaba la vesícula biliar	64908006	NARROW	False	False	False
es-S1130-01082007000700011-1	PROCEDIMIENTO	1508	1522	esofaguectomía	45900003	EXACT	False	False	False
es-S1130-01082007000700011-1	PROCEDIMIENTO	1524	1551	gastroplastia intratorácica	9429009	NARROW	False	False	False
es-S1130-01082007000700011-1	PROCEDIMIENTO	1554	1582	yeyunostomía de alimentación	62937006	EXACT	False	False	False
es-S1130-01082007000700011-1	PROCEDIMIENTO	1587	1635	estudio anatomopatológico de la pieza quirúrgica	108257001	EXACT	False	False	False
es-S1130-01082007000700011-1	PROCEDIMIENTO	1879	1915	tratamiento adyuvante quimioterápico	367336001	EXACT	False	False	False
es-S1130-01082007000700011-1	PROCEDIMIENTO	2094	2117	quimioterapia paliativa	367336001	NARROW	False	False	False
es-S1130-01082007000700011-1	PROCEDIMIENTO	262	277	endoscopia oral	78321001	EXACT	False	False	False
es-S1130-01082007000700011-1	PROCEDIMIENTO	603	624	TAC toraco-abdominal,	418891003	EXACT	False	False	False
es-S1130-01082007001100010-1	PROCEDIMIENTO	1297	1319	embolización del shunt	122463005	NARROW	False	False	False
es-S1130-01082007001100010-1	PROCEDIMIENTO	1492	1525	endoscopia oral post-embolización	78321001	NARROW	False	False	False
es-S1130-01082007001100010-1	PROCEDIMIENTO	455	470	estudio doppler	1187106001	EXACT	False	False	False
es-S1130-01082007001100010-1	PROCEDIMIENTO	608	615	angioTC	418272005	EXACT	False	False	False
es-S1130-01082007001100010-1	PROCEDIMIENTO	786	813	radiología intervencionista	418542003	EXACT	False	False	False
es-S1130-01082007001100010-1	PROCEDIMIENTO	831	876	embolización parcial del shunt con microcoils	405283007	EXACT	False	False	False
es-S1130-01082007001100010-1	PROCEDIMIENTO	962	998	ecografía abdominal postembolización	45036003	NARROW	False	False	False
es-S1130-01082007001100010-2	PROCEDIMIENTO	472	479	angioTC	418272005	EXACT	False	False	False
es-S1130-01082007001100010-2	PROCEDIMIENTO	609	648	técnicas de radiología intervencionista	418542003	EXACT	False	False	False
es-S1130-01082007001100010-2	PROCEDIMIENTO	666	711	embolización parcial del shunt con microcoils	405283007	EXACT	False	False	False
es-S1130-01082007001100010-2	PROCEDIMIENTO	716	752	ecografía abdominal postembolización	45036003	NARROW	False	False	False
es-S1130-01082007001200014-1	PROCEDIMIENTO	260	286	fármacos antiinflamatorios	18629005	NARROW	False	False	False
es-S1130-01082007001200014-1	PROCEDIMIENTO	772	793	análisis toxicológico	74763008	EXACT	False	False	False
es-S1130-01082008000200010-1	PROCEDIMIENTO	2114	2141	biopsia hepática percutánea	274325001	EXACT	False	False	False
es-S1130-01082008000200010-1	PROCEDIMIENTO	2146	2166	estudio hemodinámico	716777001	EXACT	False	False	False
es-S1130-01082008000200010-1	PROCEDIMIENTO	3215	3245	estudio de hipercoagulabilidad	3116009	EXACT	False	False	False
es-S1130-01082008000200010-1	PROCEDIMIENTO	395	417	anticonceptivos orales	169413002	NARROW	False	False	False
es-S1130-01082008000300010-1	PROCEDIMIENTO	1127	1176	Hemocultivos negativos para anaerobios y aerobios	30088009	EXACT	False	False	False
es-S1130-01082008000300010-1	PROCEDIMIENTO	1203	1226	Bacteriología de esputo	608955007	EXACT	False	False	False
es-S1130-01082008000300010-1	PROCEDIMIENTO	1237	1260	Ag bacterianos en orina	250504009	NARROW	True	False	False
es-S1130-01082008000300010-1	PROCEDIMIENTO	1620	1632	Espirometría	127783003	EXACT	False	False	False
es-S1130-01082008000300010-1	PROCEDIMIENTO	2124	2169	fibrobroncoscopia con lavado bronquioalveolar	397397002	EXACT	False	False	False
es-S1130-01082008000300010-1	PROCEDIMIENTO	2202	2205	BTB	243685008	EXACT	True	False	True
es-S1130-01082008000300010-1	PROCEDIMIENTO	2329	2350	cultivo de Legionella	122216005	EXACT	False	False	False
es-S1130-01082008000300010-1	PROCEDIMIENTO	2358	2362	BAAR	12387006	NARROW	True	False	True
es-S1130-01082008000300010-1	PROCEDIMIENTO	2365	2371	hongos	41170006	EXACT	False	False	False
es-S1130-01082008000300010-1	PROCEDIMIENTO	2523	2545	Biopsia transbronquial	243685008	EXACT	False	False	False
es-S1130-01082008000300010-1	PROCEDIMIENTO	545	556	mucolíticos	698759007	EXACT	False	False	False
es-S1130-01082008000500008-1	PROCEDIMIENTO	1091	1124	colocación una sonda nasogástrica	87750000	EXACT	False	False	False
es-S1130-01082008000500008-1	PROCEDIMIENTO	1152	1167	nasofibroscopia	25570002	EXACT	False	False	False
es-S1130-01082008000500008-1	PROCEDIMIENTO	1280	1295	endoscopia oral	78321001	EXACT	False	False	False
es-S1130-01082008000500008-1	PROCEDIMIENTO	155	193	disección radical del cuello izquierdo	1119419009	EXACT	False	False	False
es-S1130-01082008000500008-1	PROCEDIMIENTO	1613	1678	colocación de una gastrostomía quirúrgica según técnica de Witzel	39620006	EXACT	False	False	False
es-S1130-01082008000500008-1	PROCEDIMIENTO	317	350	laringuectomía total suprahioidea	66478002	NARROW	False	False	True
es-S1130-01082008000500008-1	PROCEDIMIENTO	451	538	cierre del faringostoma se realizó usando un colgajo dermo-platismo-fascial de Herrmann	736761006	NARROW	False	False	False
es-S1130-01082008000500008-1	PROCEDIMIENTO	563	684	tratamiento radioterápico con cobalto-60 sobre el lecho quirúrgico y las cadenas cervicales supraclaviculares bilaterales	24242005	NARROW	False	False	False
es-S1130-01082008000500008-1	PROCEDIMIENTO	786	823	resección del muñón de base de lengua	176239003	EXACT	False	False	False
es-S1130-01082008000500008-1	PROCEDIMIENTO	826	882	reconstrucción con colgajo miocutáneo pectoral izquierdo	88142004	NARROW	False	False	True
es-S1130-01082008000800009-1	PROCEDIMIENTO	1331	1384	tomografía axial computerizada (TAC) tóraco-abdominal	418891003	EXACT	False	False	False
es-S1130-01082008000800009-1	PROCEDIMIENTO	601	619	estudios invasivos	103693007	NARROW	False	False	False
es-S1130-01082008000800009-1	PROCEDIMIENTO	728	777	exploración neurológica, cardiológica y abdominal	162673000	EXACT	False	False	False
es-S1130-01082008000800009-1	PROCEDIMIENTO	992	1011	troponinas seriadas	105000003	EXACT	False	False	False
es-S1130-01082008000900011-1	PROCEDIMIENTO	1048	1107	ecoendoscopio lineal Pentax EG3830UX acoplado a un ecógrafo	450556004	EXACT	False	False	False
es-S1130-01082008000900011-1	PROCEDIMIENTO	1484	1502	lesión a puncionar	129249002	EXACT	False	False	False
es-S1130-01082008000900011-1	PROCEDIMIENTO	1517	1553	estudio ecográfico con doppler color	423736003	EXACT	False	False	False
es-S1130-01082008000900011-1	PROCEDIMIENTO	1842	1855	gastroscópica	76009000	EXACT	False	False	False
es-S1130-01082008000900011-1	PROCEDIMIENTO	1859	1878	ecoendoscópicamente	450556004	EXACT	False	False	False
es-S1130-01082008000900011-1	PROCEDIMIENTO	1906	1925	puncionar la lesión	129249002	EXACT	False	False	True
es-S1130-01082008000900011-1	PROCEDIMIENTO	2163	2254	avance de la aguja con el fin de extraer la mayor cantidad de material posible de la lesión	129249002	EXACT	False	False	True
es-S1130-01082008000900011-1	PROCEDIMIENTO	2291	2312	jeringa de aspiración	274436009	EXACT	False	False	False
es-S1130-01082008000900011-1	PROCEDIMIENTO	2510	2531	tinción de Diff-Quick	79311001	EXACT	False	False	False
es-S1130-01082008000900011-1	PROCEDIMIENTO	2609	2654	estudio citológico con la tinción Papanicolau	117298004	NARROW	False	False	True
es-S1130-01082008000900011-1	PROCEDIMIENTO	2670	2687	examen citológico	116147009	EXACT	False	False	False
es-S1130-01082008000900011-1	PROCEDIMIENTO	576	604	biopsias mediante endoscopia	53767003	EXACT	False	False	False
es-S1130-01082008000900011-1	PROCEDIMIENTO	893	896	USE	450556004	EXACT	True	False	False
es-S1130-01082008000900011-1	PROCEDIMIENTO	902	905	USE	450556004	EXACT	True	False	False
es-S1130-01082008000900017-1	PROCEDIMIENTO	1022	1112	arteriografía vía transfemoral de tronco celiaco y arteria mesentérica superior e inferior	241243009	EXACT	False	False	False
es-S1130-01082008000900017-1	PROCEDIMIENTO	1279	1404	se mantiene in situ el microcatéter supraselectivo (2.7 Fr) para una posterior identificación del segmento yeyunal patológico	103693007	NARROW	False	False	False
es-S1130-01082008000900017-1	PROCEDIMIENTO	1358	1467	identificación del segmento yeyunal patológico mediante la administración intraoperatoria de azul de metileno	252414008	EXACT	False	False	False
es-S1130-01082008000900017-1	PROCEDIMIENTO	1583	1648	Se administra azul de metileno (0,5 ml) a través del microcatéter	252414008	NARROW	False	False	False
es-S1130-01082008000900017-1	PROCEDIMIENTO	1818	1878	resección intestinal segmentaria de 20 centímetros de yeyuno	116027003	EXACT	False	False	False
es-S1130-01082008000900017-1	PROCEDIMIENTO	1881	1907	anastomosis latero-lateral	235407009	NARROW	False	False	False
es-S1130-01082008000900017-1	PROCEDIMIENTO	2171	2186	politransfusión	33389009	EXACT	False	False	False
es-S1130-01082008000900017-1	PROCEDIMIENTO	445	462	fibrogastroscopia	76009000	EXACT	False	False	False
es-S1130-01082008000900017-1	PROCEDIMIENTO	620	661	transfusión de 5 concentrados de hematíes	288170000	EXACT	False	False	False
es-S1130-01082008000900017-1	PROCEDIMIENTO	791	808	fibrogastroscopia	76009000	EXACT	False	False	False
es-S1130-01082008000900017-1	PROCEDIMIENTO	913	950	expansión de volumen con cristaloides	386358000	NARROW	False	False	False
es-S1130-01082008000900017-1	PROCEDIMIENTO	953	995	transfusión de 11 concentrados de hematíes	288170000	EXACT	False	False	False
es-S1130-01082009000200012-1	PROCEDIMIENTO	247	249	CT	77477000	EXACT	True	False	True
es-S1130-01082009000200012-1	PROCEDIMIENTO	660	684	intervención de Hartmann	16564004	EXACT	False	False	True
es-S1130-01082009000200016-1	PROCEDIMIENTO	152	191	estudio esofagogastroduodenal con bario	241157000	EXACT	False	False	False
es-S1130-01082009000200016-1	PROCEDIMIENTO	301	346	colonoscopia que alcanza hasta íleon terminal	235150006	EXACT	False	False	False
es-S1130-01082009000200016-1	PROCEDIMIENTO	452	468	estudio baritado	302554003	NARROW	False	False	False
es-S1130-01082009000300015-1	PROCEDIMIENTO	1249	1269	anastomosis colónica	89522007	EXACT	False	False	True
es-S1130-01082009000300015-1	PROCEDIMIENTO	1775	1810	biopsias de las úlceras del duodeno	235261009	EXACT	False	False	False
es-S1130-01082009000300015-1	PROCEDIMIENTO	2091	2135	masa en el colon transverso que fue resecada	87279008	NARROW	False	False	False
es-S1130-01082009000300015-1	PROCEDIMIENTO	2956	2974	biopsias del colon	76164006	EXACT	False	False	False
es-S1130-01082009000300015-1	PROCEDIMIENTO	396	445	resección con anastomosis colónica latero-lateral	89522007	EXACT	False	False	False
es-S1130-01082009000400012-1	PROCEDIMIENTO	1227	1260	se colocó un drenaje endotorácico	698956007	NARROW	False	False	True
es-S1130-01082009000400012-1	PROCEDIMIENTO	1359	1400	Se administró nuevamente azul de metileno	252414008	EXACT	False	False	True
es-S1130-01082009000400012-1	PROCEDIMIENTO	1583	1595	esofagograma	168821007	EXACT	False	False	False
es-S1130-01082009000400012-1	PROCEDIMIENTO	1597	1636	endoprótesis en tercio distal esofágico	235205003	NARROW	False	False	False
es-S1130-01082009000400012-1	PROCEDIMIENTO	1790	1816	esofaguectomía transhiatal	235162005	EXACT	False	False	False
es-S1130-01082009000400012-1	PROCEDIMIENTO	1821	1846	gastroplastia subesternal	9429009	NARROW	False	False	False
es-S1130-01082009000400012-1	PROCEDIMIENTO	418	446	administrar azul de metileno	18629005	NARROW	False	False	False
es-S1130-01082009000400012-1	PROCEDIMIENTO	714	750	biopsias tomadas de la zona ulcerada	446500004	EXACT	False	False	False
es-S1130-01082009000400012-1	PROCEDIMIENTO	864	883	signos histológicos	252416005	EXACT	False	False	False
es-S1130-01082009000400012-1	PROCEDIMIENTO	996	1037	"se colocó stent removible tipo ""Hanoster"""	103716009	NARROW	False	False	True
es-S1130-01082009000400015-1	PROCEDIMIENTO	1063	1090	anastomosis esófago-yeyunal	23797008	EXACT	False	False	False
es-S1130-01082009000400015-1	PROCEDIMIENTO	111	145	reconstrucción de tipo Billroth II	83985009	EXACT	False	False	False
es-S1130-01082009000500007-1	PROCEDIMIENTO	1014	1033	enemas de lactulosa	719908001	NARROW	False	False	False
es-S1130-01082009000500007-1	PROCEDIMIENTO	422	469	marcadores tumorales digestivos y ginecológicos	250724005	NARROW	False	False	False
es-S1130-01082009000500007-1	PROCEDIMIENTO	800	837	colonoscopia hasta ciego con biopsias	446745002	EXACT	False	False	False
es-S1130-01082009000500007-1	PROCEDIMIENTO	843	854	RMN pélvica	2690005	EXACT	False	False	False
es-S1130-01082009000500013-1	PROCEDIMIENTO	1010	1072	angiodisplasias en colon ascendente también tratadas con argón	23541008	NARROW	False	False	False
es-S1130-01082009000500013-1	PROCEDIMIENTO	106	161	meningioma del ángulo pontocerebeloso izquierdo operado	230810008	NARROW	False	False	False
es-S1130-01082009000500013-1	PROCEDIMIENTO	1341	1366	tratamientos endoscópicos	423827005	EXACT	False	False	False
es-S1130-01082009000500013-1	PROCEDIMIENTO	163	202	resección segmentaria de colon sigmoide	84604002	EXACT	False	False	False
es-S1130-01082009000500013-1	PROCEDIMIENTO	1945	1992	transfusión de otros 3 concentrados de hematíes	288170000	EXACT	False	False	False
es-S1130-01082009000500013-1	PROCEDIMIENTO	679	692	colonoscopias	73761001	EXACT	False	False	False
es-S1130-01082009000500013-1	PROCEDIMIENTO	696	709	gastroscopias	76009000	EXACT	False	False	False
es-S1130-01082009000500013-1	PROCEDIMIENTO	713	750	exploraciones con cápsula endoscópica	427595003	EXACT	False	False	False
es-S1130-01082009000500013-1	PROCEDIMIENTO	757	808	enteroscopia con doble globo con acceso oral y anal	235147008	NARROW	False	False	False
es-S1130-01082009000500013-1	PROCEDIMIENTO	820	846	exploraciones endoscópicas	423827005	EXACT	False	False	False
es-S1130-01082009000500013-1	PROCEDIMIENTO	952	998	pólipo gástrico hiperplásico pequeño extirpado	7797006	EXACT	False	False	False
es-S1130-01082009000600013-1	PROCEDIMIENTO	258	308	tratamiento local con varias cremas de corticoides	431695009	NARROW	False	False	False
es-S1130-01082009000600013-1	PROCEDIMIENTO	358	374	exploración anal	274295008	EXACT	False	False	False
es-S1130-01082009000600013-1	PROCEDIMIENTO	515	524	anuscopia	88916003	EXACT	False	False	False
es-S1130-01082009000900012-1	PROCEDIMIENTO	1095	1179	laparotomía media y acceso a la cavidad retroperitoneal infradiafragmática izquierda	86481000	NARROW	False	False	False
es-S1130-01082009000900012-1	PROCEDIMIENTO	1184	1265	extirpación de masa que se encontraba íntimamente adherida a glándula suprarrenal	81731007	EXACT	False	False	False
es-S1130-01082009000900012-1	PROCEDIMIENTO	1293	1361	diafragma izquierdo con exéresis de parte del mismo y sutura directa	10541000087107	EXACT	False	False	False
es-S1130-01082009000900012-1	PROCEDIMIENTO	815	893	crura diafragmática izquierda. Se realizó una punción percutánea guiada por TC	439087006	EXACT	False	False	True
es-S1130-01082009000900012-1	PROCEDIMIENTO	92	108	prueba de imagen	363679005	EXACT	False	False	False
es-S1130-01082010000200011-1	PROCEDIMIENTO	1586	1635	antibioterapia de amplio espectro vía intravenosa	281790008	EXACT	False	False	False
es-S1130-01082010000200011-1	PROCEDIMIENTO	2077	2151	resección intestinal con reconstrucción mediante anastomosis laterolateral	367453007	NARROW	False	False	False
es-S1130-01082010000200011-1	PROCEDIMIENTO	2473	2498	colangiografía trans-Kehr	241179005	EXACT	False	False	False
es-S1130-01082010000200011-1	PROCEDIMIENTO	851	885	tomografía computerizada abdominal	169070004	EXACT	False	False	False
es-S1130-01082010000400015-1	PROCEDIMIENTO	1270	1328	inciones para CD34, citoqueratina 20 y citoqueratina AE1-3	117617002	NARROW	False	False	False
es-S1130-01082010000400015-1	PROCEDIMIENTO	1551	1572	tratamiento adyuvante	394895009	EXACT	False	False	False
es-S1130-01082010000400015-1	PROCEDIMIENTO	416	441	endoscopia digestiva baja	73761001	EXACT	False	False	False
es-S1130-01082010000400015-1	PROCEDIMIENTO	563	581	clips hemostáticos	257757005	EXACT	False	False	False
es-S1130-01082010000400015-1	PROCEDIMIENTO	738	774	hemicolectomía derecha laparoscópica	443480008	NARROW	False	False	False
es-S1130-01082010000400015-1	PROCEDIMIENTO	917	938	análisis macroscópico	168126000	EXACT	False	False	False
es-S1130-01082010000700014-1	PROCEDIMIENTO	1106	1162	biopsias de colon derecho, transverso, izquierdo y sigma	76164006	EXACT	False	False	False
es-S1130-01082010000700014-1	PROCEDIMIENTO	1666	1699	gastroscopia con toma de biopsias	445982009	EXACT	False	False	False
es-S1130-01082010000700014-1	PROCEDIMIENTO	369	387	parásitos en heces	609022008	EXACT	False	False	False
es-S1130-01082010000700014-1	PROCEDIMIENTO	417	471	recto se observan úlceras serpiginosas que se biopsian	54686006	EXACT	False	False	False
es-S1130-01082010000700014-1	PROCEDIMIENTO	506	531	Estudio anatomopatológico	252416005	EXACT	False	False	False
es-S1130-01082010000700014-1	PROCEDIMIENTO	747	769	hallazgos endoscópicos	423827005	EXACT	False	False	False
es-S1130-01082010000700014-1	PROCEDIMIENTO	968	986	parásitos en heces	609022008	EXACT	False	False	False
es-S1130-01082010001100014-1	PROCEDIMIENTO	466	482	toma de biopsias	86273004	EXACT	False	False	False
es-S1130-05582003000600004-2	PROCEDIMIENTO	1807	1919	bloqueo del nervio maxilar superior izquierdo a través del agujero palatino posterior según la técnica de Carrea	56333001	NARROW	False	False	True
es-S1130-05582003000600004-2	PROCEDIMIENTO	1951	1978	corticoides intralesionales	296778005	NARROW	False	False	False
es-S1130-05582003000600004-2	PROCEDIMIENTO	2736	2764	enucleada de la cavidad ósea	178919002	EXACT	False	False	True
es-S1130-05582003000600004-2	PROCEDIMIENTO	3076	3105	infiltraciones de corticoides	443960000	EXACT	False	False	True
es-S1130-05582003000600004-2	PROCEDIMIENTO	940	959	rinoscopia anterior	25570002	EXACT	False	False	False
es-S1130-05582007000500007-1	PROCEDIMIENTO	1297	1348	biopsia intraoperatoria de ganglio de cadena facial	274372001	EXACT	False	False	True
es-S1130-05582007000500007-1	PROCEDIMIENTO	339	355	antiretrovirales	788075003	EXACT	False	False	False
es-S1130-05582008000400004-1	PROCEDIMIENTO	1342	1359	hemitiroidectomía	302338000	EXACT	False	False	False
es-S1130-05582008000400004-1	PROCEDIMIENTO	1361	1388	paratiroidectomía izquierda	53304009	EXACT	False	False	False
es-S1130-05582008000400004-1	PROCEDIMIENTO	792	810	ecografía cervical	241453007	EXACT	False	False	True
es-S1130-05582008000400004-1	PROCEDIMIENTO	940	967	excisión de la paratiroides	53304009	EXACT	False	False	False
es-S1130-05582008000400004-5	PROCEDIMIENTO	269	294	paratiroidectomía derecha	53304009	EXACT	False	False	False
es-S1130-05582008000400004-5	PROCEDIMIENTO	458	485	paratiroidectomía izquierda	53304009	EXACT	False	False	False
es-S1130-05582008000400004-5	PROCEDIMIENTO	519	575	excisión de la mitad de la paratiroides superior derecha	41237009	EXACT	False	False	False
es-S1130-05582008000400004-5	PROCEDIMIENTO	823	856	resecar el adenoma de la glándula	118445002	NARROW	False	False	True
es-S1130-05582008000600006-1	PROCEDIMIENTO	1098	1201	intervención secundaria mediante un colgajo osteomiocutáneo escapular-paraescapular del brazo izquierdo	304108004	NARROW	False	False	True
es-S1130-05582008000600006-1	PROCEDIMIENTO	1319	1412	preparación de los vasos receptores: arteria facial y rama del tronco venoso tirolinguofacial	30904006	NARROW	False	False	False
es-S1130-05582008000600006-1	PROCEDIMIENTO	1427	1481	extirpar una gran cantidad de tejido célulo-ganglionar	234253006	EXACT	False	False	True
es-S1130-05582008000600006-1	PROCEDIMIENTO	1561	1620	disección del colgajo osteocutáneo escapular- paraescapular	1202017008	NARROW	False	False	True
es-S1130-05582008000600006-1	PROCEDIMIENTO	1627	1652	cierre de la zona donante	112695004	EXACT	False	False	False
es-S1130-05582008000600006-1	PROCEDIMIENTO	1662	1680	drenaje aspirativo	274441001	EXACT	False	False	False
es-S1130-05582008000600006-1	PROCEDIMIENTO	1684	1746	inmovilizando el miembro superior izquierdo con un cabestrillo	182558000	NARROW	False	False	False
es-S1130-05582008000600006-1	PROCEDIMIENTO	1762	1870	se adapta la parte ósea del colgajo al defecto mandibular con ostosíntesis usando la placa de reconstrucción	178457009	NARROW	False	False	False
es-S1130-05582008000600006-1	PROCEDIMIENTO	2106	2133	se sutura al labio inferior	3889008	EXACT	False	False	False
es-S1130-05582008000600006-1	PROCEDIMIENTO	2260	2324	reconstruye la zona cutánea mandibular y submandibular izquierda	119835000	NARROW	False	False	True
es-S1130-05582008000600006-1	PROCEDIMIENTO	2383	2406	injerto dermoepidérmico	784396007	EXACT	False	False	False
es-S1130-05582008000600006-1	PROCEDIMIENTO	2408	2447	Se retira el bloqueo y la férula dental	306911001	EXACT	False	False	False
es-S1130-05582008000600006-1	PROCEDIMIENTO	2450	2475	"se deja la boca ""abierta"""	384676001	NARROW	False	False	True
es-S1130-05582008000600006-1	PROCEDIMIENTO	2513	2528	submaxilectomía	61601001	EXACT	False	False	False
es-S1130-05582008000600006-1	PROCEDIMIENTO	2531	2573	extirpación de parte del tejido subcutáneo	118726005	NARROW	False	False	True
es-S1130-05582008000600006-1	PROCEDIMIENTO	2605	2777	anastómosis se hizo término-terminal de la arteria circunfleja escapular a la arteria facial; y de la mayor de las venas circunflejas escapulares al tronco tirolinguofacial	30904006	NARROW	False	False	False
es-S1130-05582008000600006-1	PROCEDIMIENTO	3202	3283	dehiscencia se intervino el enfermo realizándose un cogajo local de transposición	304099003	EXACT	False	False	False
es-S1130-05582008000600006-1	PROCEDIMIENTO	473	513	desbridamiento de tejidos desvitalizados	225148005	EXACT	False	False	False
es-S1130-05582008000600006-1	PROCEDIMIENTO	515	536	ferulización dentaria	79321009	NARROW	False	False	False
es-S1130-05582008000600006-1	PROCEDIMIENTO	538	558	bloqueo intermaxilar	173327004	NARROW	False	False	False
es-S1130-05582008000600006-1	PROCEDIMIENTO	561	609	colocación de placa de reconstrucción mandibular	178457009	EXACT	False	False	False
es-S1130-05582008000600006-1	PROCEDIMIENTO	665	689	cierre directo intraoral	173460000	EXACT	False	False	True
es-S1130-05582008000600006-1	PROCEDIMIENTO	695	745	cierre cutáneo con colgajo de avance cervicofacial	178035006	NARROW	False	False	False
es-S1130-05582008000600006-1	PROCEDIMIENTO	818	858	colgajo cutáneo de avance cérvico-facial	178035006	NARROW	False	False	False
es-S1130-05582009000600004-1	PROCEDIMIENTO	1107	1136	radiografía lateral de cráneo	55965002	EXACT	False	False	False
es-S1130-05582009000600004-1	PROCEDIMIENTO	1182	1205	teleradiografía frontal	168537006	NARROW	False	False	True
es-S1130-05582009000600004-1	PROCEDIMIENTO	1341	1359	escintigrafía ósea	41747008	EXACT	False	False	False
es-S1130-05582009000600004-1	PROCEDIMIENTO	1513	1570	resección del ángulo mandibular derecho por vía extraoral	367477001	NARROW	False	False	False
es-S1130-05582009000600004-1	PROCEDIMIENTO	1610	1681	acceso subángulo-mandibular derecho hasta exponer el ángulo ipsilateral	14375003	NARROW	False	False	False
es-S1130-05582009000600004-1	PROCEDIMIENTO	1697	1760	resección de dicho ángulo y de una porción del músculo masetero	36143002	NARROW	False	False	False
es-S1130-05582009000600004-1	PROCEDIMIENTO	1777	1796	biopsia del músculo	178263003	EXACT	False	False	False
es-S1130-05582009000600004-1	PROCEDIMIENTO	474	490	examen extraoral	284365007	NARROW	False	False	True
es-S1130-05582010000200004-1	PROCEDIMIENTO	1084	1103	oxígeno hiperbárico	18678000	EXACT	False	False	False
es-S1130-05582010000200004-1	PROCEDIMIENTO	1282	1317	mandibulectomía segmentaria derecha	39497007	EXACT	False	False	False
es-S1130-05582010000200004-1	PROCEDIMIENTO	1324	1385	reconstrucción con colgajo libre microvascularizado de peroné	771225007	NARROW	False	False	False
es-S1130-05582010000200004-1	PROCEDIMIENTO	1560	1583	tejido afecto se resecó	65801008	EXACT	False	False	False
es-S1130-05582010000200004-1	PROCEDIMIENTO	1652	1742	extirpación en bloque de la mucosa intraoral y la piel circunscrita a la fístula extraoral	434288009	NARROW	False	False	False
es-S1130-05582010000200004-1	PROCEDIMIENTO	1830	1864	se exodonciaron las piezas 33 a 38	57703000	EXACT	False	False	False
es-S1130-05582010000200004-1	PROCEDIMIENTO	2119	2135	radiológicamente	363679005	EXACT	False	False	False
es-S1130-05582010000200004-1	PROCEDIMIENTO	2338	2380	intervención con mandibulectomía izquierda	367477001	EXACT	False	False	False
es-S1130-05582010000200004-1	PROCEDIMIENTO	2531	2663	retirando la placa de osteosíntesis que unía el extremo anterior del primer peroné trasplantado con la región parasinfisaria derecha	72010008	NARROW	False	False	False
es-S1130-05582010000200004-1	PROCEDIMIENTO	255	275	radioterapia externa	108290001	EXACT	False	False	False
es-S1130-05582010000200004-1	PROCEDIMIENTO	398	444	braquiterapia con cuatro agujas de Iridium 196	152198000	NARROW	False	False	False
es-S1130-05582010000200004-1	PROCEDIMIENTO	981	998	remodelación ósea	288058001	EXACT	False	False	False
es-S1130-05582012000300005-1	PROCEDIMIENTO	1082	1118	escisión quirúrgica de la tumoración	370612006	EXACT	False	False	False
es-S1130-05582012000300005-1	PROCEDIMIENTO	1134	1211	abordaje a nivel de la línea posterior del cabello, resecando un huso cutáneo	119830005	NARROW	False	False	True
es-S1130-05582012000300005-1	PROCEDIMIENTO	130	176	intervención quirúrgica de un quiste branquial	178347009	EXACT	False	False	False
es-S1130-05582012000300005-1	PROCEDIMIENTO	1409	1495	hematoma de rápido crecimiento a nivel de la sutura posterior que es necesario evacuar	118441006	NARROW	False	False	False
es-S1130-05582012000300005-1	PROCEDIMIENTO	1519	1586	hemostasia de un pequeño vaso a nivel de músculo trapecio izquierdo	372034000	NARROW	False	False	False
es-S1130-05582012000300005-1	PROCEDIMIENTO	1657	1684	estudios anatomopatológicos	108257001	EXACT	False	False	False
es-S1130-05582012000300005-1	PROCEDIMIENTO	768	808	resonancia magnética (RM) cérvico-facial	702725003	EXACT	False	False	False
es-S1130-05582012000300005-1	PROCEDIMIENTO	944	1006	toma de una muestra mediante punción-aspiración con aguja fina	48635004	EXACT	False	False	False
es-S1130-05582013000400005-1	PROCEDIMIENTO	1024	1044	rinotomía horizontal	1854003	EXACT	False	False	False
es-S1130-05582013000400005-1	PROCEDIMIENTO	1049	1071	sección de la columela	118630004	NARROW	False	False	False
es-S1130-05582013000400005-1	PROCEDIMIENTO	1074	1109	sección vertical del labio superior	45495006	NARROW	False	False	True
es-S1130-05582013000400005-1	PROCEDIMIENTO	1111	1152	Se resecó el tabique óseo y cartilaginoso	5781000	NARROW	False	False	True
es-S1130-05582013000400005-1	PROCEDIMIENTO	1219	1312	resección en bloque del septum con el tumor que se originaba en el cornete inferior izquierdo	265018006	EXACT	False	False	False
es-S1130-05582013000400005-1	PROCEDIMIENTO	1500	1530	Se suturó por planos la herida	118450008	EXACT	False	False	False
es-S1130-05582013000400005-1	PROCEDIMIENTO	1539	1591	"taponamiento con ""pack"" de gasa del lecho quirúrgico"	53999001	EXACT	False	False	False
es-S1130-05582013000400005-1	PROCEDIMIENTO	1833	1853	Resección incompleta	38829003	EXACT	False	False	False
es-S1130-05582013000400005-1	PROCEDIMIENTO	1932	1978	radioterapia con reconstrucción tridimensional	108290001	NARROW	False	False	True
es-S1130-05582013000400005-1	PROCEDIMIENTO	457	495	se palpaban adenomegalias en el cuello	284428009	EXACT	False	False	False
es-S1130-05582013000400005-1	PROCEDIMIENTO	675	687	cervicotomía	119582004	NARROW	False	False	True
es-S1130-05582013000400005-1	PROCEDIMIENTO	693	726	ligar la arteria carótida externa	59109003	EXACT	False	False	False
es-S1130-05582013000400005-1	PROCEDIMIENTO	808	910	biopsia por congelación intraoperatoria de un ganglio hallado aisladamente en la bifurcación carotídea	21911005	NARROW	False	False	False
es-S1130-05582014000300006-1	PROCEDIMIENTO	1037	1105	exéresis de las ramas cigomática, bucal y marginal del nervio facial	108121002	NARROW	False	False	False
es-S1130-05582014000300006-1	PROCEDIMIENTO	1168	1220	reconstrucción inmediata con injerto de nervio sural	307253003	NARROW	False	False	True
es-S1130-05582014000300006-1	PROCEDIMIENTO	1223	1299	relleno del defecto posparotidectomía con colgajo de fascia temporo-parietal	91157001	NARROW	False	False	True
es-S1130-05582014000300006-1	PROCEDIMIENTO	1305	1366	biopsias intraoperatorias de los extremos nerviosos resecados	274335007	NARROW	False	False	False
es-S1130-05582014000300006-1	PROCEDIMIENTO	1862	1893	estudio electroneurofisiológico	270913004	EXACT	False	False	False
es-S1130-05582014000300006-1	PROCEDIMIENTO	2009	2026	electroneurograma	270913004	NARROW	False	False	False
es-S1130-05582014000300006-1	PROCEDIMIENTO	2192	2280	electromiograma, tanto del músculo orbicular de los ojos como el orbicular de los labios	42803009	NARROW	False	False	False
es-S1130-05582014000300006-1	PROCEDIMIENTO	691	713	ampliación de márgenes	787439005	EXACT	False	False	False
es-S1130-05582014000300006-1	PROCEDIMIENTO	755	777	ampliación de márgenes	787439005	EXACT	False	False	False
es-S1130-05582014000300006-1	PROCEDIMIENTO	833	840	PET-TAC	450436003	EXACT	False	False	False
es-S1130-05582014000400006-2	PROCEDIMIENTO	1285	1328	tratamiento antibiótico por vía intravenosa	281790008	EXACT	False	False	False
es-S1130-05582014000400006-2	PROCEDIMIENTO	1443	1531	drenaje quirúrgico de los espacios submandibulares, sublingual bilateral y submentoniano	705718004	NARROW	False	False	False
es-S1130-05582014000400006-2	PROCEDIMIENTO	1584	1614	drenaje pasivo de tipo penrose	122462000	NARROW	False	False	False
es-S1130-05582014000400006-2	PROCEDIMIENTO	1702	1757	drenaje quirúrgico en la región supraclavicular derecha	16339003	EXACT	False	False	False
es-S1130-05582014000400006-2	PROCEDIMIENTO	1727	1796	región supraclavicular derecha dejando de igual forma un dren penrose	16339003	NARROW	False	False	False
es-S1130-05582014000400006-2	PROCEDIMIENTO	1812	1859	lavados diarios con 1.000 cc de solución salina	67889009	NARROW	False	False	True
es-S1130-05582014000400006-2	PROCEDIMIENTO	417	442	examen clínico intrabucal	122856003	EXACT	False	False	False
es-S1130-05582015000100004-1	PROCEDIMIENTO	1012	1044	escisión se realiza anestesiando	387713003	NARROW	False	False	False
es-S1130-05582015000100004-1	PROCEDIMIENTO	1054	1100	Se efectuó la incisión con una hoja de bisturí	34896006	NARROW	False	False	False
es-S1130-05582015000100004-1	PROCEDIMIENTO	1126	1151	sutura con seda negra 3-0	18557009	EXACT	False	False	False
es-S1130-05582015000100004-1	PROCEDIMIENTO	1156	1228	cierre de la lesión derecha se realizó con Vicryl y luego seda negra 3-0	18557009	NARROW	False	False	False
es-S1130-05582015000100004-1	PROCEDIMIENTO	1250	1269	escisión quirúrgica	65801008	EXACT	False	False	True
es-S1130-05582015000100004-1	PROCEDIMIENTO	1817	1874	estudio histopatológico de la lesión de la mucosa derecha	252416005	NARROW	False	False	False
es-S1130-05582015000100004-1	PROCEDIMIENTO	2203	2275	infiltraciones faciales con biopolímeros en la frente y en las comisuras	231293005	NARROW	False	False	True
es-S1130-05582015000100004-1	PROCEDIMIENTO	242	290	exodoncia del primer premolar inferior izquierdo	173294001	EXACT	False	False	False
es-S1130-05582015000100004-1	PROCEDIMIENTO	310	334	examen clínico intraoral	122856003	EXACT	False	False	False
es-S1130-05582015000100004-1	PROCEDIMIENTO	875	915	infiltraciones faciales con biopolímeros	231305006	NARROW	False	False	False
es-S1130-05582015000100004-1	PROCEDIMIENTO	946	964	biopsia excisional	8889005	EXACT	False	False	False
es-S1130-05582015000400005-1	PROCEDIMIENTO	1034	1089	resección del segmento central y del ápice de la lengua	68769000	NARROW	False	False	False
es-S1130-05582015000400005-1	PROCEDIMIENTO	1490	1521	pasaje de la sonda nasotraqueal	232679009	EXACT	False	False	False
es-S1130-05582015000400005-1	PROCEDIMIENTO	1523	1678	Para la realización de las incisiones, fueron establecidos puntos de reparo con hilo de algodón 2.0 en las extremidades laterales y anteriores de la lengua	42478006	NARROW	False	False	False
es-S1130-05582015000400005-1	PROCEDIMIENTO	1699	1774	pinza de aprehensión de tejido del tipo Allis para auxiliar en la disección	122459003	NARROW	False	False	False
es-S1130-05582015000400005-1	PROCEDIMIENTO	1827	1874	demarcación de la incisión con azul de metileno	252414008	NARROW	False	False	False
es-S1130-05582015000400005-1	PROCEDIMIENTO	1881	1915	infiltraciones de anestésico local	44596000	EXACT	False	False	False
es-S1130-05582015000400005-1	PROCEDIMIENTO	1960	2039	remoción del segmento demarcado se ejecutó con un disector quirúrgico eléctrico	122459003	NARROW	False	False	False
es-S1130-05582015000400005-1	PROCEDIMIENTO	2209	2230	segmento fue removido	128303001	EXACT	False	False	True
es-S1130-05582015000400005-1	PROCEDIMIENTO	2358	2377	control de sangrado	51241000	EXACT	False	False	False
es-S1130-05582015000400005-1	PROCEDIMIENTO	2383	2433	segmentos fueron aproximados con hilo reabsorbible	18557009	EXACT	False	False	False
es-S1130-05582015000400005-1	PROCEDIMIENTO	2823	2850	tratamiento fonoaudiológico	311592007	EXACT	False	False	True
es-S1130-05582015000400005-1	PROCEDIMIENTO	3234	3313	procedimiento quirúrgico para la corrección de la discrepancia maxilomandibular	14375003	NARROW	False	False	False
es-S1130-05582015000400005-1	PROCEDIMIENTO	644	670	tratamiento ortoquirúrgico	387713003	NARROW	False	False	True
es-S1130-05582015000400005-1	PROCEDIMIENTO	841	888	procedimiento quirúrgico de glosectomía parcial	68769000	EXACT	False	False	False
es-S1130-05582015000400005-1	PROCEDIMIENTO	919	938	cirugía ortognática	78807007	EXACT	False	False	False
es-S1130-05582017000200119-1	PROCEDIMIENTO	1113	1207	parotidectomía suprafacial conservadora del nervio facial con resección en bloque de la lesión	81870009	NARROW	False	False	False
es-S1130-05582017000200119-1	PROCEDIMIENTO	1247	1298	monitorización de todas las ramas del nervio facial	35315008	EXACT	False	False	False
es-S1130-05582017000200119-1	PROCEDIMIENTO	1342	1389	espécimen quirúrgico obtenido tras la resección	8889005	EXACT	False	False	False
es-S1130-05582017000200119-1	PROCEDIMIENTO	296	343	ecografía con punción-aspiración con aguja fina	444945007	EXACT	False	False	False
es-S1130-05582017000200119-1	PROCEDIMIENTO	544	557	Doppler color	423736003	EXACT	False	False	False
es-S1130-05582017000200119-1	PROCEDIMIENTO	653	718	tomografía computarizada (TC) de cuello con contraste intravenoso	431326009	EXACT	False	False	False
es-S1130-05582017000300150-3	PROCEDIMIENTO	249	276	hemimandibulectomía derecha	64356005	EXACT	False	False	False
es-S1130-05582017000300150-3	PROCEDIMIENTO	282	342	colocación de prótesis de reconstrucción que incluye cóndilo	178495004	EXACT	False	False	True
es-S1130-05582017000300150-3	PROCEDIMIENTO	344	355	Radiografía	168537006	EXACT	False	False	False
es-S1130-14732005000200009-1	PROCEDIMIENTO	324	344	estudio campimétrico	86944008	EXACT	False	False	False
es-S1130-14732005000200009-1	PROCEDIMIENTO	532	593	RM que demostró, en secuencias T1 y en proyección parasagital	113091000	NARROW	False	False	False
es-S1130-14732005000300004-1	PROCEDIMIENTO	1027	1045	analítica completa	275707000	EXACT	False	False	False
es-S1130-14732005000300004-1	PROCEDIMIENTO	1109	1121	RMN cervical	72221006	EXACT	False	False	False
es-S1130-14732005000300004-1	PROCEDIMIENTO	1815	1850	angiografía de troncos supraórticos	65083005	EXACT	False	False	False
es-S1130-14732005000300004-1	PROCEDIMIENTO	1990	2053	resección subtotal de dicha tumoración por vía cervical lateral	450664000	NARROW	False	False	False
es-S1130-14732005000300004-1	PROCEDIMIENTO	2498	2538	fijación instrumentada occipito-cervical	112721006	NARROW	False	False	False
es-S1130-14732005000300004-1	PROCEDIMIENTO	2965	3007	atornillado transpedicular de C2 izquierdo	428490009	NARROW	False	False	False
es-S1130-14732005000300004-1	PROCEDIMIENTO	3072	3133	anclando tres tornillos en la escama occipital bilateralmente	257830002	NARROW	False	False	True
es-S1130-14732005000300004-1	PROCEDIMIENTO	3162	3234	atornillado en masa lateral de C3 izquierda y masa lateral derecha de C4	428490009	NARROW	False	False	False
es-S1130-14732005000300004-1	PROCEDIMIENTO	3252	3269	exéresis subtotal	38829003	EXACT	False	False	False
es-S1130-14732005000300004-1	PROCEDIMIENTO	3730	3755	exéresis de la adenopatía	58347006	EXACT	False	False	False
es-S1130-14732005000300004-1	PROCEDIMIENTO	3763	3783	análisis histológico	252416005	EXACT	False	False	False
es-S1130-14732005000300004-1	PROCEDIMIENTO	4044	4110	abordaje transcervical lateral suprahioideo con resección subtotal	37508003	NARROW	False	False	False
es-S1130-14732005000300004-1	PROCEDIMIENTO	4536	4552	radiológicamente	363679005	EXACT	False	False	False
es-S1130-14732005000300004-1	PROCEDIMIENTO	4672	4734	quimioterapia siguiendo un esquema de adriamicina + ifosfamida	367336001	NARROW	False	False	False
es-S1130-14732005000600009-1	PROCEDIMIENTO	1045	1057	Intervención	387713003	EXACT	False	False	False
es-S1130-14732005000600009-1	PROCEDIMIENTO	1073	1103	laminectomía desde L4 hasta L2	178619000	EXACT	False	False	False
es-S1130-14732005000600009-1	PROCEDIMIENTO	1329	1358	descomprimiendo el saco dural	10836008	NARROW	False	False	True
es-S1130-14732005000600009-1	PROCEDIMIENTO	604	645	intervención de hernia inguinal bilateral	177866001	EXACT	False	False	False
es-S1130-14732005000600009-1	PROCEDIMIENTO	910	929	angiografía espinal	7576008	EXACT	False	False	False
es-S1130-14732005000600009-1	PROCEDIMIENTO	960	970	Resonancia	113091000	EXACT	False	False	False
es-S1130-14732006000200011-1	PROCEDIMIENTO	1394	1424	TAC de tórax, abdomen y pelvis	418023006	EXACT	False	False	False
es-S1130-14732006000200011-1	PROCEDIMIENTO	1656	1711	infusión intravenosa continua de 5U/kg/h de Factor VIII	116859006	NARROW	False	False	False
es-S1130-14732006000200011-1	PROCEDIMIENTO	1714	1737	Intervención quirúrgica	387713003	EXACT	False	False	False
es-S1130-14732006000200011-1	PROCEDIMIENTO	1770	1810	"incisión del ""scalp"" sobre la tumoración"	370612006	NARROW	False	False	False
es-S1130-14732006000200011-1	PROCEDIMIENTO	2137	2254	Se extirpó el hematoma, el tejido granular y cuerpo extraño (silicona) así como la tabla externa adelgazada y elevada	178919002	NARROW	False	False	False
es-S1130-14732006000200011-1	PROCEDIMIENTO	2313	2326	curetaje óseo	81372006	EXACT	False	False	False
es-S1130-14732006000200011-1	PROCEDIMIENTO	2503	2534	se retiró el material de sutura	30549001	EXACT	False	False	False
es-S1130-14732006000200011-1	PROCEDIMIENTO	304	363	craniectomía+bandas de silicona+fijación ósea con hemoclips	89901005	NARROW	False	False	False
es-S1130-14732006000400005-1	PROCEDIMIENTO	1074	1123	tratamiento coadyuvante con radio y quimioterapia	703423002	EXACT	False	False	False
es-S1130-14732006000400005-1	PROCEDIMIENTO	1552	1570	lesión intervenida	128303001	EXACT	False	False	False
es-S1130-14732006000400005-1	PROCEDIMIENTO	1631	1691	craneotomía frontal derecha con resección completa del tumor	447107001	NARROW	False	False	False
es-S1130-14732006000400005-1	PROCEDIMIENTO	1875	1899	radioterapia coadyuvante	108290001	EXACT	False	False	False
es-S1130-14732006000400005-1	PROCEDIMIENTO	2230	2263	tratamiento conservador paliativo	103735009	EXACT	False	False	False
es-S1130-14732006000400005-1	PROCEDIMIENTO	429	466	tomografía computarizada (TC) craneal	169066007	EXACT	False	False	False
es-S1130-14732006000400005-1	PROCEDIMIENTO	807	836	craneotomía frontal izquierda	25353009	NARROW	False	False	False
es-S1130-63432014000400016-1	PROCEDIMIENTO	2027	2036	biológico	416608005	NARROW	False	False	True
es-S1130-63432014000400016-1	PROCEDIMIENTO	2128	2138	corticoide	788751009	EXACT	False	False	False
es-S1130-63432014000400016-1	PROCEDIMIENTO	2255	2265	corticoide	788751009	EXACT	False	False	False
es-S1130-63432014000400016-1	PROCEDIMIENTO	2659	2687	administración del biológico	18629005	NARROW	False	False	False
es-S1130-63432014000400016-1	PROCEDIMIENTO	3428	3437	biológico	416608005	NARROW	False	False	True
es-S1130-63432014000400016-1	PROCEDIMIENTO	3614	3645	artrocentesis en ambas rodillas	879795002	EXACT	False	False	False
es-S1130-63432014000500008-1	PROCEDIMIENTO	1166	1181	betabloqueantes	439630003	EXACT	False	False	False
es-S1130-63432014000500008-1	PROCEDIMIENTO	1368	1398	estudio angiográfico coronario	33367005	EXACT	False	False	False
es-S1130-63432014000500008-1	PROCEDIMIENTO	898	912	antiagregación	840595002	EXACT	False	False	False
es-S1130-63432015000100008-1	PROCEDIMIENTO	2310	2329	dieta baja en sodio	437421000124105	EXACT	False	False	False
es-S1130-63432015000100008-1	PROCEDIMIENTO	37	74	neoplasia de mama tratada con cirugía	392023007	EXACT	False	False	False
es-S1134-80462005000100007-1	PROCEDIMIENTO	1099	1133	canalización de una vía periférica	735414004	EXACT	False	False	False
es-S1134-80462005000100007-1	PROCEDIMIENTO	1208	1309	intubación endotraqueal se realizó con un tubo flexometálico de calibre 6.5 Fr. con neumotaponamiento	112798008	NARROW	False	False	False
es-S1134-80462005000100007-1	PROCEDIMIENTO	1292	1309	neumotaponamiento	257374007	EXACT	False	False	False
es-S1134-80462005000100007-1	PROCEDIMIENTO	1315	1336	bloqueo neuromuscular	241702005	EXACT	False	False	False
es-S1134-80462005000100007-1	PROCEDIMIENTO	1369	1393	mantenimiento anestésico	399097000	EXACT	False	False	False
es-S1134-80462005000100007-1	PROCEDIMIENTO	1567	1602	ventilado mecánicamente con O2-aire	40617009	EXACT	False	False	False
es-S1134-80462005000100007-1	PROCEDIMIENTO	1650	1698	colocarle en decúbito prono para ser intervenido	431182000	EXACT	False	False	False
es-S1134-80462005000100007-1	PROCEDIMIENTO	1715	1773	anestesia epidural a nivel de L4-L5 con una aguja de Tuohy	231263004	EXACT	False	False	False
es-S1134-80462005000100007-1	PROCEDIMIENTO	1809	1865	se colocó un catéter (20G) para analgesia postquirúrgica	47905007	NARROW	False	False	False
es-S1134-80462005000100007-1	PROCEDIMIENTO	1914	1929	vasoconstrictor	870386000	EXACT	False	False	False
es-S1134-80462005000100007-1	PROCEDIMIENTO	2047	2055	extubado	309812005	EXACT	False	False	False
es-S1134-80462005000100007-1	PROCEDIMIENTO	2137	2167	bloqueo muscular con mivacurio	241702005	EXACT	False	False	False
es-S1134-80462005000100007-1	PROCEDIMIENTO	2169	2202	monitorizada con neuroestimulador	78746004	EXACT	False	False	False
es-S1134-80462005000100007-1	PROCEDIMIENTO	2241	2271	reversión del bloqueo muscular	241703000	EXACT	False	False	False
es-S1134-80462005000100007-1	PROCEDIMIENTO	2491	2531	fentanilo por el catéter epidural lumbar	303614003	NARROW	False	False	False
es-S1134-80462005000100007-1	PROCEDIMIENTO	2866	2868	AL	386761002	EXACT	True	False	True
es-S1134-80462005000100007-1	PROCEDIMIENTO	2927	2945	analgesia epidural	52685006	NARROW	False	False	True
es-S1134-80462005000100007-1	PROCEDIMIENTO	2997	2999	AL	386761002	EXACT	True	False	True
es-S1134-80462005000100007-1	PROCEDIMIENTO	3004	3030	catéter epidural se retiró	103715008	NARROW	False	False	False
es-S1134-80462005000100007-1	PROCEDIMIENTO	679	709	estudio funcional respiratorio	23426006	EXACT	False	False	False
es-S1134-80462005000100007-1	PROCEDIMIENTO	77	107	tenotomía de rodilla bilateral	78545003	NARROW	False	False	False
es-S1134-80462005000300004-1	PROCEDIMIENTO	1146	1184	retirada del material de osteosíntesis	57168000	NARROW	False	False	False
es-S1134-80462005000300004-1	PROCEDIMIENTO	1220	1274	discectomía cervical con laminectomía a nivel de C3-C4	448234006	NARROW	False	False	False
es-S1134-80462005000300004-1	PROCEDIMIENTO	1245	1274	laminectomía a nivel de C3-C4	178518003	EXACT	False	False	False
es-S1134-80462005000300004-1	PROCEDIMIENTO	1576	1600	neuroestimulador medular	3270004	EXACT	False	False	False
es-S1134-80462005000300004-1	PROCEDIMIENTO	2511	2525	uso de muletas	363753007	EXACT	False	False	False
es-S1134-80462005000300004-1	PROCEDIMIENTO	3033	3064	antinflamatorios no esteroideos	713443004	EXACT	False	False	False
es-S1134-80462005000300004-1	PROCEDIMIENTO	3071	3079	mórficos	726582005	EXACT	False	False	True
es-S1134-80462005000300004-1	PROCEDIMIENTO	3093	3107	anticomiciales	255632006	NARROW	False	False	False
es-S1134-80462005000300004-1	PROCEDIMIENTO	3109	3121	ansiolíticos	723558009	EXACT	False	False	False
es-S1134-80462005000300004-1	PROCEDIMIENTO	733	767	fijación de las vértebras lumbares	112721006	NARROW	False	False	True
es-S1134-80462009000100005-1	PROCEDIMIENTO	25	56	amputación de antepié izquierdo	773821000	EXACT	False	False	False
es-S1134-80462009000200004-1	PROCEDIMIENTO	1025	1049	parche hemático epidural	171788003	NARROW	False	False	True
es-S1134-80462009000200004-1	PROCEDIMIENTO	1097	1105	epidural	18946005	EXACT	False	False	False
es-S1134-80462009000200004-1	PROCEDIMIENTO	137	151	parto eutócico	177184002	EXACT	False	False	False
es-S1134-80462009000200004-1	PROCEDIMIENTO	247	281	realización de la técnica epidural	18946005	EXACT	False	False	False
es-S1134-80462009000200004-1	PROCEDIMIENTO	708	729	maniobras de Valsalva	261039008	EXACT	False	False	False
es-S1134-80462009000200004-1	PROCEDIMIENTO	98	116	analgesia epidural	397990008	EXACT	False	False	True
es-S1134-80462009000500006-1	PROCEDIMIENTO	1175	1222	palpación no dolorosa de las apófisis espinosas	113011001	NARROW	False	False	False
es-S1134-80462009000500006-1	PROCEDIMIENTO	1368	1439	pruebas para afectación del psoas y la articulación sacroilíaca derecha	284399005	EXACT	False	False	False
es-S1134-80462009000500006-1	PROCEDIMIENTO	1506	1565	resonancia magnética (RM) de la columna músculo dorsolumbar	700319007	EXACT	False	False	False
es-S1134-80462009000500006-1	PROCEDIMIENTO	200	246	implantación de una prótesis de válvula mitral	275032009	EXACT	False	False	False
es-S1134-80462009000500006-1	PROCEDIMIENTO	2034	2061	electroterapia transcutánea	229559001	EXACT	False	False	True
es-S1134-80462009000500006-1	PROCEDIMIENTO	2079	2235	infiltración con corticoides y anestésico local en los puntos gatillo correspondientes al músculo cuadrado lumbar derecho y las facetas lumbares bilaterales	231315000	NARROW	False	False	False
es-S1134-80462009000500006-1	PROCEDIMIENTO	2889	2919	remplazar la válvula protésica	307279007	EXACT	False	False	False
es-S1134-80462009000500006-1	PROCEDIMIENTO	357	390	anticoagulado con anticumarínicos	71788004	NARROW	False	False	False
es-S1134-80462013000400006-2	PROCEDIMIENTO	1218	1244	implantación del generador	782902008	NARROW	False	False	True
es-S1134-80462013000400006-2	PROCEDIMIENTO	2118	2172	explantar tanto el generador como el eléctrodo medular	41208005	EXACT	False	False	True
es-S1134-80462013000400006-2	PROCEDIMIENTO	334	388	conexión a un generador de impulsos eléctricos externo	710917005	EXACT	False	False	True
es-S1134-80462013000400006-2	PROCEDIMIENTO	862	890	ejercicios de rehabilitación	108305003	EXACT	False	False	False
es-S1134-80462014000300009-1	PROCEDIMIENTO	1070	1202	radiofrecuencia pulsada con cánula con punta activa de 10 mm en los nervio ilioinguinal, iliohipogástrico y genitofemoral izquierdos	704876008	NARROW	False	False	False
es-S1134-80462014000300009-1	PROCEDIMIENTO	1211	1227	prueba sensitiva	80314008	EXACT	False	False	True
es-S1134-80462014000300009-1	PROCEDIMIENTO	1316	1338	control de temperatura	61746007	NARROW	False	False	False
es-S1134-80462014000300009-1	PROCEDIMIENTO	208	241	herniorrafia inguinal ipsilateral	44558001	EXACT	False	False	False
es-S1134-80462014000300009-1	PROCEDIMIENTO	368	383	antiepilépticos	63094006	EXACT	False	False	False
es-S1134-80462014000300009-1	PROCEDIMIENTO	385	393	opioides	726582005	EXACT	False	False	False
es-S1134-80462014000300009-1	PROCEDIMIENTO	417	452	antidepresivos tricíclicos y duales	698456001	NARROW	False	False	False
es-S1134-80462014000300009-1	PROCEDIMIENTO	574	717	bloqueo guiado por ecografía de los nervios ilioinguinal, iliohipogástrico y genitofemoral izquierdos con anestésico local asociado a esteroide	231199001	NARROW	False	False	False
es-S1134-80462014000300009-1	PROCEDIMIENTO	881	925	percusión sobre espina iliaca anterosuperior	75180006	NARROW	False	False	False
es-S1134-80462014000500004-1	PROCEDIMIENTO	1242	1259	VMNI domiciliaria	276737004	NARROW	True	False	True
es-S1134-80462014000500004-1	PROCEDIMIENTO	1827	1830	GSA	91308007	EXACT	True	False	True
es-S1134-80462014000500004-1	PROCEDIMIENTO	2247	2255	opioides	726582005	EXACT	False	False	False
es-S1134-80462014000500004-1	PROCEDIMIENTO	3521	3532	pirazolonas	416608005	NARROW	False	False	False
es-S1134-80462014000500004-1	PROCEDIMIENTO	3666	3668	Rx	168537006	EXACT	False	False	False
es-S1134-80462014000500004-1	PROCEDIMIENTO	592	719	Intervención quirúrgica de exostosis a nivel de rodilla derecha, y en la primera articulación metatarsofalángica bilateralmente	392033004	NARROW	False	False	False
es-S1134-80462014000500004-1	PROCEDIMIENTO	723	757	Otosclerosis bilateral intervenida	386556002	NARROW	False	False	False
es-S1134-80462014000500004-1	PROCEDIMIENTO	793	810	prótesis auditiva	359612003	EXACT	False	False	False
es-S1134-80462015000200005-1	PROCEDIMIENTO	3470	3498	radiografía en bipedestación	52221007	EXACT	False	False	False
es-S1134-80462015000200005-1	PROCEDIMIENTO	600	635	extracción de una muestra sanguínea	82078001	EXACT	False	False	False
es-S1134-80462015000500005-1	PROCEDIMIENTO	1078	1112	infiltración con toxina botulínica	231343009	EXACT	False	False	False
es-S1134-80462015000500005-1	PROCEDIMIENTO	538	574	biopsia de la lesión hiperpigmentada	450623005	EXACT	False	False	False
es-S1134-80462015000500005-1	PROCEDIMIENTO	840	894	resonancia magnética nuclear (RMN) de columna completa	241645008	EXACT	False	False	False
es-S1134-80462015000500005-1	PROCEDIMIENTO	986	1003	corticoide tópico	434716004	NARROW	False	False	False
es-S1135-76062005000100002-1	PROCEDIMIENTO	1104	1130	valoración neuroquirúrgica	225398001	NARROW	False	False	False
es-S1135-76062005000100002-1	PROCEDIMIENTO	1481	1539	herida suturada con cuatro puntos en región ciliar derecha	66462004	EXACT	False	False	False
es-S1135-76062005000100002-1	PROCEDIMIENTO	1789	1812	hallazgos macroscópicos	168126000	EXACT	False	False	False
es-S1135-76062005000100002-1	PROCEDIMIENTO	2248	2274	encéfalo se fija en formol	118885003	NARROW	False	False	False
es-S1135-76062005000100002-1	PROCEDIMIENTO	3725	3741	tinción de Perls	117241006	EXACT	False	False	False
es-S1135-76062005000100002-1	PROCEDIMIENTO	436	507	herida contusa en región ciliar derecha que es reparada mediante sutura	66462004	EXACT	False	False	False
es-S1135-76062005000100002-1	PROCEDIMIENTO	4737	4766	análisis químico-toxicológico	314076009	EXACT	False	False	False
es-S1135-76062005000100002-1	PROCEDIMIENTO	4872	4884	barbitúricos	252147005	EXACT	False	False	True
es-S1135-76062005000100002-1	PROCEDIMIENTO	4886	4901	benzodiacepinas	770571009	EXACT	False	False	False
es-S1135-76062005000100002-1	PROCEDIMIENTO	4950	4961	salicilatos	416608005	NARROW	False	False	False
es-S1135-76062005000100002-1	PROCEDIMIENTO	4980	5003	fenotiacinas y análogos	416608005	NARROW	False	False	True
es-S1135-76062005000100002-1	PROCEDIMIENTO	5005	5019	antidiabéticos	312064005	EXACT	False	False	False
es-S1135-76062005000100002-1	PROCEDIMIENTO	5085	5099	bases xánticas	105032003	EXACT	False	False	False
es-S1135-76062005000100002-1	PROCEDIMIENTO	5101	5119	antiparkinsonianos	416608005	NARROW	False	False	False
es-S1135-76062005000100002-1	PROCEDIMIENTO	5158	5185	antiagregantes plaquetarios	840595002	EXACT	False	False	False
es-S1135-76062005000100002-1	PROCEDIMIENTO	5187	5197	benzamidas	416608005	NARROW	False	False	False
es-S1135-76062005000100002-1	PROCEDIMIENTO	5199	5228	opiáceos derivados de morfina	726582005	EXACT	False	False	False
es-S1135-76062005000100002-1	PROCEDIMIENTO	5443	5465	anticoagulantes orales	182764009	EXACT	False	False	False
es-S1135-76062005000100002-1	PROCEDIMIENTO	856	883	TAC craneal (sin contraste)	383371000119108	EXACT	False	False	False
es-S1135-76062010000300006-1	PROCEDIMIENTO	1141	1162	marcadores neuronales	171214008	NARROW	False	False	True
es-S1135-76062010000300006-1	PROCEDIMIENTO	1432	1461	análisis químico-toxicológico	314076009	EXACT	False	False	False
es-S1135-76062010000300006-1	PROCEDIMIENTO	473	494	autopsia médico-legal	5785009	EXACT	False	False	False
es-S1135-76062010000300006-1	PROCEDIMIENTO	540	563	estudio neuropatológico	399210005	EXACT	False	False	False
es-S1135-76062013000100008-1	PROCEDIMIENTO	1402	1453	estudio histopatológico diagnosticó, en el estómago	252416005	EXACT	False	False	False
es-S1135-76062013000100008-1	PROCEDIMIENTO	1634	1654	cribado toxicológico	89732002	EXACT	False	False	True
es-S1135-76062013000100008-1	PROCEDIMIENTO	347	370	laxantes por vía rectal	386360003	NARROW	False	False	False
es-S1135-76062013000100008-1	PROCEDIMIENTO	852	868	abrir el abdomen	108188006	EXACT	False	False	False
es-S1135-76062013000200010-1	PROCEDIMIENTO	1296	1306	ecográfica	16310003	EXACT	False	False	False
es-S1135-76062013000200010-1	PROCEDIMIENTO	1816	1830	examen interno	29240004	EXACT	False	False	True
es-S1135-76062013000200010-1	PROCEDIMIENTO	442	464	histerectomía subtotal	387643005	EXACT	False	False	False
es-S1135-76062013000200010-1	PROCEDIMIENTO	613	659	tomografía computarizada (TC) abdomino-pélvico	419394006	EXACT	False	False	False
es-S1135-76062014000100006-1	PROCEDIMIENTO	569	601	laparotomía media supraumbilical	86481000	NARROW	False	False	False
es-S1137-66272007000500016-1	PROCEDIMIENTO	1954	1974	lactancia artificial	412413001	EXACT	False	False	False
es-S1137-66272007000500016-1	PROCEDIMIENTO	475	533	infiltraciones en ambas rodillas y tobillo con corticoides	231287002	NARROW	False	False	False
es-S1137-66272007000500016-1	PROCEDIMIENTO	536	590	sinoviortesis isotópica de ambas rodillas con Ytrio 90	431429001	NARROW	False	False	False
es-S1137-66272009000500016-1	PROCEDIMIENTO	1759	1780	Eco-Doppler abdominal	710341000	EXACT	False	False	False
es-S1137-66272009000500016-1	PROCEDIMIENTO	2726	2763	hemodiafiltración venovenosa contínua	233590002	EXACT	False	False	False
es-S1137-66272009000500016-1	PROCEDIMIENTO	2997	3017	Doppler transcraneal	431648005	EXACT	False	False	False
es-S1137-66272009000500016-1	PROCEDIMIENTO	3068	3088	gammagrafía cerebral	41440006	EXACT	False	False	False
es-S1137-66272009000500016-1	PROCEDIMIENTO	3132	3159	biopsia hepática postmorten	86259008	EXACT	False	False	False
es-S1137-66272010000400007-1	PROCEDIMIENTO	1228	1257	estudio cito-químico de orina	167217005	NARROW	False	False	False
es-S1137-66272011000100013-2	PROCEDIMIENTO	1095	1118	baciloscopias de esputo	167995008	EXACT	False	False	False
es-S1137-66272011000100013-2	PROCEDIMIENTO	1141	1158	cultivo de esputo	104173009	EXACT	False	False	False
es-S1137-66272011000300024-1	PROCEDIMIENTO	1006	1008	AC	449263002	EXACT	True	False	True
es-S1137-66272011000300024-1	PROCEDIMIENTO	2004	2028	Exploración ginecológica	83607001	EXACT	False	False	False
es-S1137-66272011000300024-1	PROCEDIMIENTO	2045	2073	Exploración del fondo de ojo	53524009	EXACT	False	False	False
es-S1137-66272011000300024-1	PROCEDIMIENTO	2076	2088	retinografía	282096008	NARROW	False	False	False
es-S1137-66272011000300024-1	PROCEDIMIENTO	2097	2128	TC abdominopélvico con contaste	432370003	EXACT	False	False	False
es-S1137-66272011000300024-1	PROCEDIMIENTO	2160	2173	ECO abdominal	45036003	EXACT	False	False	False
es-S1137-66272011000300024-1	PROCEDIMIENTO	2430	2461	Cultivo de exudado del panadizo	104190003	NARROW	False	False	False
es-S1137-66272011000300024-1	PROCEDIMIENTO	2493	2513	cultivo vulvovaginal	104190003	NARROW	False	False	False
es-S1137-66272011000300024-1	PROCEDIMIENTO	2600	2659	estudio genético mediante PCR semicuantitativa fluorescente	395157005	NARROW	True	False	False
es-S1137-66272011000300024-1	PROCEDIMIENTO	2910	2923	óvulo vaginal	395095002	EXACT	False	False	False
es-S1137-66272012000100017-1	PROCEDIMIENTO	1776	1808	hemocultivos aerobio y anaerobio	30088009	EXACT	False	False	False
es-S1137-66272012000100017-1	PROCEDIMIENTO	1830	1973	bacilo gramnegativo que se subcultiva posteriormente en diferentes medios sólidos en aerobiosis, anaerobiosis y en atmósfera enriquecida en CO2	12387006	NARROW	False	False	False
es-S1137-66272012000100017-1	PROCEDIMIENTO	2334	2357	estudio de sensibilidad	14788002	EXACT	False	False	True
es-S1137-66272012000100017-1	PROCEDIMIENTO	2394	2476	método de Kirby-Bauer con placas de Mueller-Hinton sangre y con E-Test® AB BIODISK	359870000	NARROW	False	False	True
es-S1137-66272012000100017-1	PROCEDIMIENTO	267	303	extracción del tercer molar inferior	301067005	EXACT	False	False	False
es-S1137-66272012000100017-1	PROCEDIMIENTO	2683	2696	tetraciclinas	281789004	NARROW	False	False	False
es-S1137-66272012000100017-1	PROCEDIMIENTO	2807	2832	secuenciación del gen 16s	84894008	NARROW	False	False	False
es-S1137-66272012000100017-1	PROCEDIMIENTO	510	529	extracción dentaria	55162003	EXACT	False	False	False
es-S1137-66272012000100017-1	PROCEDIMIENTO	761	822	muestra de orina, esputo y sangre para estudio microbiológico	31507001	EXACT	False	False	False
es-S1137-66272012000100017-1	PROCEDIMIENTO	853	883	antibiótico de amplio espectro	281789004	EXACT	False	False	False
es-S1137-66272012000300023-1	PROCEDIMIENTO	1496	1534	transfundir 2 concentrados de hematíes	288170000	EXACT	False	False	False
es-S1137-66272012000300023-1	PROCEDIMIENTO	1648	1733	enteroscopia con cápsula endoscópica (ECE) para valorar el resto de intestino delgado	446885004	EXACT	False	False	False
es-S1137-66272012000300023-1	PROCEDIMIENTO	1686	1689	ECE	427595003	EXACT	True	False	True
es-S1137-66272012000300023-1	PROCEDIMIENTO	1918	1962	se transfundieron 3 concentrados de hematíes	288170000	EXACT	False	False	False
es-S1137-66272012000300023-1	PROCEDIMIENTO	2326	2400	resección ileal incluyendo el divertículo con anastomosis termino-terminal	173949003	NARROW	False	False	False
es-S1137-66272012000300023-1	PROCEDIMIENTO	2447	2470	exploración con cápsula	427595003	EXACT	False	False	False
es-S1137-66272012000300023-1	PROCEDIMIENTO	383	403	gammagrafía con Tc99	71977002	NARROW	False	False	False
es-S1137-66272012000300023-1	PROCEDIMIENTO	546	579	gammagrafía con hematíes marcados	764137001	EXACT	False	False	True
es-S1137-66272012000300023-1	PROCEDIMIENTO	894	927	gammagrafía con hematíes marcados	764137001	EXACT	False	False	False
es-S1137-66272012000300023-1	PROCEDIMIENTO	962	985	administrar el trazador	430046001	EXACT	False	False	False
es-S1137-66272012000300024-1	PROCEDIMIENTO	1120	1140	estudio trombofílico	314089003	EXACT	False	False	True
es-S1137-66272012000300024-1	PROCEDIMIENTO	173	212	anticoagulación oral con antivitamina K	182764009	NARROW	False	False	False
es-S1137-66272012000300024-1	PROCEDIMIENTO	1940	1957	angioTAC torácico	411251000119104	EXACT	False	False	False
es-S1137-66272012000300024-1	PROCEDIMIENTO	2042	2102	técnica (ID-PaGIA Heparine/PF4/heparin antibody test/ID-Car)	19838004	NARROW	False	False	False
es-S1137-66272012000300024-1	PROCEDIMIENTO	2525	2533	angioTAC	418272005	EXACT	False	False	False
es-S1137-66272012000300024-1	PROCEDIMIENTO	2671	2690	tratamiento con AVK	182764009	NARROW	True	False	True
es-S1137-66272012000300024-1	PROCEDIMIENTO	570	612	dolor abdominal epigástrico a la palpación	64908006	EXACT	False	False	False
es-S1137-66272013000100023-1	PROCEDIMIENTO	1035	1060	radiografía (RX) de tórax	399208008	EXACT	True	False	False
es-S1137-66272013000100023-1	PROCEDIMIENTO	114	133	bloqueo androgénico	707266006	EXACT	False	False	False
es-S1137-66272013000100023-1	PROCEDIMIENTO	1465	1481	prueba de imagen	363679005	EXACT	False	False	False
es-S1137-66272013000100023-1	PROCEDIMIENTO	165	192	Intervenido quirúrgicamente	39228008	EXACT	False	False	False
es-S1137-66272013000100023-1	PROCEDIMIENTO	1872	1926	tráquea y bronquios principales realizando 3 punciones	129254006	NARROW	False	False	True
es-S1137-66272013000100023-1	PROCEDIMIENTO	2044	2082	toracotomía para obtención de muestras	367408005	NARROW	False	False	False
es-S1137-66272013000100023-1	PROCEDIMIENTO	2433	2444	RX de tórax	399208008	EXACT	False	False	False
es-S1137-66272013000100023-1	PROCEDIMIENTO	2561	2587	toracocentesis diagnóstica	177820006	EXACT	False	False	False
es-S1137-66272013000100023-1	PROCEDIMIENTO	3100	3124	embolización terapéutica	122463005	EXACT	False	False	False
es-S1137-66272013000100024-1	PROCEDIMIENTO	1358	1382	recuento de serie blanca	767002	EXACT	False	False	False
es-S1137-66272013000100024-1	PROCEDIMIENTO	1644	1669	antibioterapia endovenosa	281790008	EXACT	False	False	False
es-S1137-66272013000100024-1	PROCEDIMIENTO	1683	1702	antibioterapia oral	281791007	EXACT	False	False	False
es-S1137-66272013000100024-1	PROCEDIMIENTO	498	514	radiografía ósea	426945003	EXACT	False	False	False
es-S1137-66272013000100024-1	PROCEDIMIENTO	534	554	ecografía de caderas	241502008	EXACT	False	False	False
es-S1137-66272013000100024-1	PROCEDIMIENTO	826	851	antibioterapia parenteral	281790008	EXACT	False	False	False
es-S1137-66272013000100024-1	PROCEDIMIENTO	992	1021	cultivo del líquido articular	104190003	NARROW	False	False	False
es-S1137-66272013000200023-1	PROCEDIMIENTO	1484	1525	estudio inmunohistoquímico citoplasmático	117617002	NARROW	False	False	False
es-S1137-66272013000200023-1	PROCEDIMIENTO	2152	2165	RM de columna	241645008	EXACT	False	False	False
es-S1137-66272013000200023-1	PROCEDIMIENTO	2273	2280	PET-TAC	450436003	EXACT	False	False	False
es-S1137-66272013000200023-1	PROCEDIMIENTO	2450	2460	biopsiaron	86273004	EXACT	False	False	False
es-S1137-66272013000200023-1	PROCEDIMIENTO	2536	2543	PET-TAC	450436003	EXACT	False	False	False
es-S1137-66272013000200023-1	PROCEDIMIENTO	2765	2797	punción con aguja fina vertebral	48635004	NARROW	False	False	True
es-S1137-66272013000200023-1	PROCEDIMIENTO	2901	2929	biopsia de ganglios mamarios	21911005	NARROW	False	False	False
es-S1137-66272013000200023-1	PROCEDIMIENTO	3695	3791	nefrostomía percutánea derecha con colocación de un catéter ureteral doble J por vía anterógrada	176053009	EXACT	False	False	False
es-S1137-66272013000200023-1	PROCEDIMIENTO	587	630	tratamiento quirúrgico mediante RTU vesical	386792000	EXACT	False	False	True
es-S1137-66272013000200023-1	PROCEDIMIENTO	804	832	cisto-prostatectomía radical	81232004	EXACT	False	False	False
es-S1137-66272013000200023-1	PROCEDIMIENTO	837	853	derivación ileal	82874003	NARROW	False	False	True
es-S1137-66272014000100019-1	PROCEDIMIENTO	1038	1063	Se extirpa una tumoración	370612006	EXACT	False	False	False
es-S1137-66272014000100019-1	PROCEDIMIENTO	473	491	RM de pelvis menor	2690005	EXACT	False	False	False
es-S1137-66272014000200011-1	PROCEDIMIENTO	1709	1727	ecografía tiroidea	241455000	EXACT	False	False	False
es-S1137-66272014000200011-1	PROCEDIMIENTO	2189	2223	análisis AP de la pieza quirúrgica	274330002	EXACT	False	False	False
es-S1137-66272014000200011-1	PROCEDIMIENTO	2642	2675	vaciado del compartimento central	65801008	NARROW	False	False	True
es-S1137-66272014000200011-1	PROCEDIMIENTO	2779	2804	tratamiento con radioyodo	228698009	EXACT	False	False	True
es-S1137-66272014000200011-1	PROCEDIMIENTO	2814	2854	estudio metabólico con 8,26 mCi de 18FDG	241415002	NARROW	False	False	False
es-S1137-66272014000200011-1	PROCEDIMIENTO	299	356	lesión se le extirpó mediante rebanado y nitrato de plata	135871000	NARROW	False	False	False
es-S1137-66272014000200011-1	PROCEDIMIENTO	3124	3137	RCT post-I131	763841006	EXACT	True	False	True
es-S1137-66272014000200011-1	PROCEDIMIENTO	3347	3369	ablación con radioyodo	431534004	EXACT	False	False	False
es-S1137-66272014000200011-1	PROCEDIMIENTO	3575	3597	ablación con radioyodo	431534004	EXACT	False	False	False
es-S1137-66272014000200011-1	PROCEDIMIENTO	3821	3863	cuantificación de TG estimulada tras TSHrh	104968004	EXACT	True	False	True
es-S1137-66272014000200011-1	PROCEDIMIENTO	3876	3879	RCT	229033006	EXACT	True	False	False
es-S1137-66272014000200011-1	PROCEDIMIENTO	540	600	se le extirpó mediante exéresis elíptica y bisturí eléctrico	25662004	NARROW	False	False	True
es-S1137-66272014000200011-1	PROCEDIMIENTO	605	616	análisis AP	108257001	EXACT	True	False	False
es-S1137-66272014000200011-1	PROCEDIMIENTO	949	974	examen inmunohistoquímico	117617002	EXACT	False	False	False
es-S1137-66272014000200013-1	PROCEDIMIENTO	1001	1007	PET/TC	450436003	EXACT	False	False	False
es-S1137-66272014000200013-1	PROCEDIMIENTO	1266	1309	resonancia nuclear magnética (RNM) hepática	241622002	EXACT	False	False	False
es-S1137-66272014000200013-1	PROCEDIMIENTO	2188	2194	PET/TC	450436003	EXACT	False	False	False
es-S1137-66272014000200013-1	PROCEDIMIENTO	2553	2559	PET/TC	450436003	EXACT	False	False	False
es-S1137-66272014000200013-1	PROCEDIMIENTO	274	288	agudeza visual	16830007	EXACT	False	False	False
es-S1137-66272014000200013-1	PROCEDIMIENTO	2749	2771	evaluación radiológica	363680008	EXACT	False	False	False
es-S1137-66272014000200013-1	PROCEDIMIENTO	795	815	analíticas hepáticas	26958001	EXACT	False	False	False
es-S1137-66272014000200013-1	PROCEDIMIENTO	883	889	PET/TC	450436003	EXACT	False	False	False
es-S1137-66272015000200019-2	PROCEDIMIENTO	1022	1108	extirpación bajo anestesia general de la unión de la 10a costilla izquierda con la 11a	47165006	NARROW	False	False	False
es-S1137-66272015000200019-2	PROCEDIMIENTO	608	644	palpación del borde costal izquierdo	113011001	NARROW	False	False	False
es-S1137-66272015000200019-2	PROCEDIMIENTO	748	767	maniobra del gancho	116302003	NARROW	False	False	True
es-S1137-66272016000200010-1	PROCEDIMIENTO	1178	1202	tinción de Ziehl Nielsen	406979008	EXACT	False	False	False
es-S1137-66272016000200010-1	PROCEDIMIENTO	1314	1329	test de Mantoux	424489006	EXACT	False	False	False
es-S1137-66272016000200010-1	PROCEDIMIENTO	1352	1363	Quantiferón	35140007	NARROW	False	False	True
es-S1137-66272016000200010-1	PROCEDIMIENTO	1484	1505	Se recogieron esputos	37705003	EXACT	False	False	False
es-S1137-66272016000200010-1	PROCEDIMIENTO	1604	1632	PCR de las muestras de colon	702675006	NARROW	True	False	False
es-S1137-66272016000200010-1	PROCEDIMIENTO	235	239	TSOH	104435004	EXACT	True	False	False
es-S1137-66272016000300010-1	PROCEDIMIENTO	1234	1252	Electrocardiograma	29303009	EXACT	False	False	False
es-S1137-66272016000300010-1	PROCEDIMIENTO	1460	1479	Analítica de sangre	396550006	EXACT	False	False	False
es-S1137-66272016000300010-1	PROCEDIMIENTO	1641	1653	antieméticos	52017007	EXACT	False	False	False
es-S1137-66272016000300010-1	PROCEDIMIENTO	1811	1826	endoscopia oral	78321001	EXACT	False	False	False
es-S1137-66272016000300010-1	PROCEDIMIENTO	1857	1872	endoscopia oral	78321001	EXACT	False	False	False
es-S1137-66272016000300010-1	PROCEDIMIENTO	2297	2319	extracción endoscópica	363687006	NARROW	False	False	True
es-S1137-66272016000300010-1	PROCEDIMIENTO	2352	2378	desimpactación del duodeno	288468001	NARROW	False	False	True
es-S1137-66272016000300010-1	PROCEDIMIENTO	2391	2419	presa mediante un asa de red	302488007	NARROW	False	False	True
es-S1137-66272016000300010-1	PROCEDIMIENTO	2437	2527	se consigue franquear el píloro en sentido inverso, y se transporta la litiasis a estómago	118826000	NARROW	False	False	False
es-S1137-66272016000300010-1	PROCEDIMIENTO	2607	2692	con un asa de polipectomía se introduce la litiasis de manera parcial en un sobretubo	118826000	NARROW	False	False	False
es-S1137-66272016000300010-1	PROCEDIMIENTO	2751	2824	extracción de la litiasis mediante endoscopia a través de la cavidad oral	423827005	NARROW	False	False	False
es-S1137-66272016000300010-1	PROCEDIMIENTO	2938	2963	extracción de la litiasis	62972009	NARROW	False	False	False
es-S1138-123X2004000100006-2	PROCEDIMIENTO	1008	1067	ejercicios de mioterapia, para aumentar la tonicidad labial	311713001	EXACT	False	False	False
es-S1138-123X2004000100006-2	PROCEDIMIENTO	370	393	valoración miofuncional	284433008	EXACT	False	False	True
es-S1138-123X2004000100006-2	PROCEDIMIENTO	517	542	dispositivos ortodóncicos	450610003	EXACT	False	False	False
es-S1138-123X2004000100006-2	PROCEDIMIENTO	544	616	quad-helix con reja lingual cementado en los primeros molares superiores	234796002	NARROW	False	False	False
es-S1138-123X2004000100006-2	PROCEDIMIENTO	635	665	expansión del maxilar superior	118817003	NARROW	False	False	False
es-S1138-123X2004000100006-2	PROCEDIMIENTO	667	712	arco lingual cementado en el maxilar inferior	118732000	NARROW	False	False	True
es-S1138-123X2004000100006-2	PROCEDIMIENTO	809	850	aparatología extraoral (AEO) de tiro alto	234876001	NARROW	True	False	True
es-S1138-123X2004000100006-2	PROCEDIMIENTO	833	836	AEO	277105002	EXACT	True	False	True
es-S1138-123X2005000200006-2	PROCEDIMIENTO	192	206	cirugía labial	84339005	EXACT	False	False	False
es-S1138-123X2005000200006-2	PROCEDIMIENTO	260	305	Tras la toma de impresiones se diseñó un ECPR	281171009	NARROW	False	False	False
es-S1138-123X2005000200006-2	PROCEDIMIENTO	301	319	ECPR que se colocó	281171009	NARROW	True	False	True
es-S1138-123X2005000200006-2	PROCEDIMIENTO	399	408	expansión	816981005	EXACT	False	False	True
es-S1138-123X2005000200006-2	PROCEDIMIENTO	439	480	modificábamos la tensión de las cadenetas	302488007	NARROW	False	False	True
es-S1138-123X2005000200006-2	PROCEDIMIENTO	496	521	retrusión de la premaxila	18224008	NARROW	False	False	False
es-S1138-123X2005000200006-2	PROCEDIMIENTO	545	572	premaxila se había retruido	18224008	NARROW	False	False	False
es-S1138-123X2005000200006-2	PROCEDIMIENTO	637	674	queiloplastia con técnica de Mulliken	71917006	EXACT	False	False	False
es-S1138-123X2006000200007-1	PROCEDIMIENTO	1100	1136	prótesis removible y que extraeremos	448434009	EXACT	False	False	True
es-S1138-123X2006000200007-1	PROCEDIMIENTO	1216	1331	diapneusia antiestética en la comisura labial inferior que extirparemos posteriormente mediante excisión quirúrgica	173223002	NARROW	False	False	False
es-S1138-123X2006000200007-1	PROCEDIMIENTO	1369	1476	lecho de la preparación del implante distal derecho se encuentra en la vertical de la salida del mentoniano	789147006	NARROW	False	False	False
es-S1138-123X2006000200007-1	PROCEDIMIENTO	1480	1501	Realizamos el fresado	287458009	EXACT	False	False	False
es-S1138-123X2006000200007-1	PROCEDIMIENTO	1520	1556	insertamos el implante distal derech	782902008	NARROW	False	False	False
es-S1138-123X2006000200007-1	PROCEDIMIENTO	171	192	Incisión supracrestal	30683004	NARROW	False	False	True
es-S1138-123X2006000200007-1	PROCEDIMIENTO	197	259	descargas posteriores y medial para evitar tensión del colgajo	1202017008	NARROW	False	False	False
es-S1138-123X2006000200007-1	PROCEDIMIENTO	2054	2081	colocado el primer implante	82305005	EXACT	False	False	False
es-S1138-123X2006000200007-1	PROCEDIMIENTO	2073	2152	implante distal, insertamos su correspondiente pilar multi-unit angulado de 30º	782902008	NARROW	False	False	True
es-S1138-123X2006000200007-1	PROCEDIMIENTO	2184	2239	inclinación de 30º del implante, corregida con un pilar	782902008	NARROW	False	False	False
es-S1138-123X2006000200007-1	PROCEDIMIENTO	2388	2419	implante/pilar distal izquierdo	271422003	NARROW	False	False	False
es-S1138-123X2006000200007-1	PROCEDIMIENTO	2439	2488	preparamos los lechos para los implantes mesiales	25325009	NARROW	False	False	False
es-S1138-123X2006000200007-1	PROCEDIMIENTO	2572	2655	Colocamos en los implantes mesiales ya insertados, sendos pilares multi-unit rectos	27797007	NARROW	False	False	True
es-S1138-123X2006000200007-1	PROCEDIMIENTO	2673	2763	aplicamos el torque adecuado (15 N cm en los implantes posteriores y 35 en los anteriores)	81733005	NARROW	False	False	False
es-S1138-123X2006000200007-1	PROCEDIMIENTO	3014	3076	suturamos la herida alrededor de ellos con sutura reabsorbible	18557009	NARROW	False	False	False
es-S1138-123X2006000200007-1	PROCEDIMIENTO	305	347	Legrado intenso de alvéolos postextracción	284054005	EXACT	False	False	False
es-S1138-123X2006000200007-1	PROCEDIMIENTO	3088	3113	suturada toda la incisión	288086009	NARROW	False	False	False
es-S1138-123X2006000200007-1	PROCEDIMIENTO	3147	3213	utilizamos un bisturí circular alrededor de los pilares multi-unit	81733005	NARROW	False	False	False
es-S1138-123X2006000200007-1	PROCEDIMIENTO	3348	3390	asiento pasivo de la prótesis, rebajándola	69406003	EXACT	False	False	True
es-S1138-123X2006000200007-1	PROCEDIMIENTO	399	426	Regularización de la cresta	91579001	NARROW	False	False	False
es-S1138-123X2006000200007-1	PROCEDIMIENTO	454	503	implantes queden a la misma altura oclusogingival	782902008	NARROW	False	False	False
es-S1138-123X2006000200007-1	PROCEDIMIENTO	4955	4973	ajustamos oclusión	234726008	EXACT	False	False	True
es-S1138-123X2006000200007-1	PROCEDIMIENTO	5023	5042	retiramos la sutura	30549001	EXACT	False	False	False
es-S1138-123X2006000200007-1	PROCEDIMIENTO	507	535	Osteotomía central con fresa	150062003	NARROW	False	False	True
es-S1138-123X2006000200007-1	PROCEDIMIENTO	5429	5454	desatornillar la prótesis	69406003	EXACT	False	False	True
es-S1138-123X2006000200007-1	PROCEDIMIENTO	618	666	osteotomía es perpendicular a la línea bipupilar	150062003	NARROW	False	False	False
es-S1138-123X2006000200007-1	PROCEDIMIENTO	798	851	inserción de los implantes con la angulación adecuada	271422003	NARROW	False	False	False
es-S1138-123X2006000200007-1	PROCEDIMIENTO	929	1003	Preparación de los lechos de los implantes distales con inclinación de 30º	25325009	NARROW	False	False	False
es-S1139-76322009000100006-1	PROCEDIMIENTO	1076	1093	maniobras vagales	128968000	EXACT	False	False	False
es-S1139-76322009000100006-1	PROCEDIMIENTO	1095	1111	hielo en la cara	113152007	NARROW	False	False	False
es-S1139-76322009000100006-1	PROCEDIMIENTO	1152	1198	bolo intravenoso (IV) de 50 µg/kg de adenosina	433215005	NARROW	True	False	False
es-S1139-76322009000700016-1	PROCEDIMIENTO	1081	1114	palpación en epigastrio y flancos	64908006	EXACT	False	False	False
es-S1139-76322009000700016-1	PROCEDIMIENTO	1170	1191	Puño percusión lumbar	5880005	NARROW	False	False	False
es-S1139-76322015000400012-1	PROCEDIMIENTO	1626	1649	analítica con serología	68793005	EXACT	False	False	False
es-S1139-76322015000400012-1	PROCEDIMIENTO	2076	2097	estudio de R. slovaca	104178000	NARROW	False	False	False
es-S1139-76322015000400012-1	PROCEDIMIENTO	895	942	analítica para estudio de picadura de garrapata	82078001	NARROW	False	False	False
es-S1139-76322016000200013-1	PROCEDIMIENTO	1527	1546	soporte nutricional	278906000	EXACT	False	False	False
es-S1139-76322016000200013-1	PROCEDIMIENTO	778	834	resonancia magnética muscular de extremidades inferiores	113109007	EXACT	False	False	False
es-S1139-76322016000300008-1	PROCEDIMIENTO	1413	1465	Se recogió muestra de exudado umbilical para cultivo	70347009	NARROW	False	False	False
es-S1139-76322016000300008-1	PROCEDIMIENTO	1817	1835	cultivo de exudado	104190003	NARROW	False	False	False
es-S1139-76322016000300009-1	PROCEDIMIENTO	574	596	Se palpan ambos testes	284425007	NARROW	False	False	False
es-S1139-76322016000300009-1	PROCEDIMIENTO	709	737	ecografía Doppler testicular	440495009	EXACT	False	False	False
es-S1139-76322016000300015-1	PROCEDIMIENTO	1434	1458	liga el cordón umbilical	225237006	EXACT	False	False	False
es-S1139-76322016000300015-1	PROCEDIMIENTO	191	205	parto eutócico	177184002	EXACT	False	False	False
es-S1139-76322016000300015-1	PROCEDIMIENTO	796	836	ecografía prenatal del segundo trimestre	446208007	EXACT	False	False	False
es-S1139-76322016000300015-1	PROCEDIMIENTO	946	981	colocó una pinza proximal al quiste	705733007	NARROW	False	False	False
es-S1139-76322016000300015-1	PROCEDIMIENTO	975	999	quiste, que fue resecado	428297005	EXACT	False	False	False
es-S1139-76322016000300016-2	PROCEDIMIENTO	641	659	gasometría capilar	10812009	EXACT	False	False	False
es-S1139-76322016000400018-1	PROCEDIMIENTO	1181	1202	intubación operatoria	52765003	NARROW	False	False	True
es-S1139-76322016000400018-1	PROCEDIMIENTO	1274	1286	nebulización	56251003	EXACT	False	False	False
es-S1139-76322016000400018-1	PROCEDIMIENTO	1674	1704	nasolaringoendoscopia flexible	450918007	EXACT	False	False	False
es-S1139-76322016000400018-1	PROCEDIMIENTO	1882	1920	serie fluoroscópica con contraste oral	763454007	EXACT	False	False	False
es-S1139-76322016000400018-1	PROCEDIMIENTO	2080	2097	cirugía de píloro	235223006	EXACT	False	False	False
es-S1139-76322016000400018-1	PROCEDIMIENTO	2830	2876	cirugía de abordaje torácico lateral izquierdo	385488000	NARROW	False	False	False
es-S1139-76322016000400018-1	PROCEDIMIENTO	615	634	técnica de Ramstedt	275196007	EXACT	False	False	False
es-S1139-76322016000400018-1	PROCEDIMIENTO	689	701	fue intubado	52765003	EXACT	False	False	False
es-S1139-76322017000100010-1	PROCEDIMIENTO	1160	1254	tipificación sistema de histocompatibilidad (human leukocyte antigen [HLA]) de baja resolución	168474008	EXACT	False	False	True
es-S1139-76322017000100010-1	PROCEDIMIENTO	1351	1373	dieta exenta de gluten	437651000124104	EXACT	False	False	False
es-S1139-76322017000100010-1	PROCEDIMIENTO	440	472	Exploración física y neurológica	5880005	NARROW	False	False	False
es-S1139-76322017000100010-1	PROCEDIMIENTO	823	866	resonancia magnética nuclear [RMN] cerebral	29567006	EXACT	False	False	False
es-S1575-06202010000200004-1	PROCEDIMIENTO	1607	1610	TAR	788075003	EXACT	True	False	True
es-S1575-06202010000200004-1	PROCEDIMIENTO	296	299	TAR	788075003	EXACT	True	False	True
es-S1698-44472004000200012-1	PROCEDIMIENTO	1184	1212	extirpación de la tumoración	370612006	EXACT	False	False	False
es-S1698-44472004000200012-1	PROCEDIMIENTO	1214	1236	legrado del lecho óseo	81372006	EXACT	False	False	False
es-S1698-44472004000200012-1	PROCEDIMIENTO	1239	1292	avulsión de 35, 36, 38 y restos radiculares maxilares	60562006	NARROW	False	False	False
es-S1698-44472004000200012-1	PROCEDIMIENTO	336	371	histerectomía más doble anisectomía	86477000	EXACT	False	False	False
es-S1698-44472004000200012-1	PROCEDIMIENTO	917	935	examen radiológico	363680008	EXACT	False	False	False
es-S1698-44472004000400011-1	PROCEDIMIENTO	1425	1455	extirpación completa del tumor	370612006	EXACT	False	False	False
es-S1698-44472004000400011-1	PROCEDIMIENTO	1470	1499	curetaje del lecho quirúrgico	68688001	NARROW	False	False	False
es-S1698-44472004000400011-1	PROCEDIMIENTO	1504	1524	análisis histológico	252416005	EXACT	False	False	False
es-S1698-44472004000400011-1	PROCEDIMIENTO	234	257	tratamiento ortodóncico	16177004	EXACT	False	False	False
es-S1698-44472004000400011-1	PROCEDIMIENTO	641	663	radiografía periapical	241047004	EXACT	False	False	False
es-S1698-44472004000400012-1	PROCEDIMIENTO	1432	1453	marcador hepatocito N	252336005	NARROW	False	False	True
es-S1698-44472004000400012-1	PROCEDIMIENTO	1587	1610	hipoglucemiantes orales	416608005	NARROW	False	False	False
es-S1698-44472004000400012-1	PROCEDIMIENTO	163	178	inspección oral	122856003	EXACT	False	False	False
es-S1698-44472004000400012-1	PROCEDIMIENTO	1975	2001	resección hepática parcial	71273005	EXACT	False	False	False
es-S1698-44472004000400012-1	PROCEDIMIENTO	2092	2128	gammagrafía ósea con tecnecio 99-MDP	41747008	NARROW	False	False	False
es-S1698-44472004000400012-1	PROCEDIMIENTO	2131	2191	tomografía computarizada de cráneo, pulmón, abdomen y pelvis	445583005	EXACT	False	False	False
es-S1698-44472004000400012-1	PROCEDIMIENTO	2674	2727	radioterapia paliativa sobre las lesiones vertebrales	879915007	NARROW	False	False	False
es-S1698-44472004000400012-1	PROCEDIMIENTO	384	420	se palpaban adenomegalias cervicales	284428009	EXACT	False	False	False
es-S1698-44472004000400012-1	PROCEDIMIENTO	756	782	exodoncia del tercer molar	301067005	EXACT	False	False	False
es-S1698-44472004000400012-1	PROCEDIMIENTO	991	1040	empaquetado en el lecho alveolar de cera de hueso	91579001	NARROW	False	False	False
es-S1698-69462006000100003-1	PROCEDIMIENTO	1576	1592	biopsia exéresis	8889005	EXACT	False	False	False
es-S1698-69462006000100003-1	PROCEDIMIENTO	1898	1919	endoscopía intestinal	176007002	EXACT	False	False	False
es-S1698-69462006000100003-1	PROCEDIMIENTO	2265	2295	estudios del material genético	395157005	EXACT	False	False	False
es-S1698-69462006000100003-1	PROCEDIMIENTO	400	457	histerectomizada recientemente con ooforectomía bilateral	86477000	EXACT	False	False	True
es-S1698-69462006000100003-1	PROCEDIMIENTO	435	457	ooforectomía bilateral	76876009	EXACT	False	False	False
es-S1698-69462006000100006-1	PROCEDIMIENTO	1152	1182	examinar la férula de descarga	423444004	NARROW	False	False	True
es-S1698-69462006000100006-1	PROCEDIMIENTO	1420	1429	Ph-metría	251385003	EXACT	False	False	False
es-S1698-69462006000100006-1	PROCEDIMIENTO	1504	1522	medidas posturales	229068006	EXACT	False	False	True
es-S1698-69462006000100006-1	PROCEDIMIENTO	921	942	relajantes musculares	416188006	EXACT	False	False	False
es-S1698-69462006000100006-1	PROCEDIMIENTO	953	987	férula oclusal plana tipo Michigan	281943004	EXACT	False	False	True
es-S1698-69462006000200016-1	PROCEDIMIENTO	1185	1238	extracción a través de una incisión de Neuman parcial	55162003	NARROW	False	False	True
es-S1698-69462006000200016-1	PROCEDIMIENTO	1244	1291	descarga a nivel del incisivo lateral izquierdo	81733005	NARROW	False	False	True
es-S1698-69462006000200016-1	PROCEDIMIENTO	1307	1338	descarga en el cuarto cuadrante	81733005	NARROW	False	False	True
es-S1698-69462006000200016-1	PROCEDIMIENTO	1533	1573	eliminando también el saco pericoronario	88786001	NARROW	False	False	True
es-S1698-69462006000200016-1	PROCEDIMIENTO	1647	1663	antiinflamatorio	330901000	EXACT	False	False	False
es-S1698-69462006000200016-1	PROCEDIMIENTO	1889	1908	puntos se retiraron	30549001	EXACT	False	False	False
es-S1698-69462006000200016-1	PROCEDIMIENTO	293	316	tratamiento ortodóncico	16177004	EXACT	False	False	False
es-S1698-69462006000200016-1	PROCEDIMIENTO	363	392	rescate del diente definitivo	404198007	EXACT	False	False	True
es-S1698-69462006000200016-1	PROCEDIMIENTO	537	560	exploración radiológica	363680008	EXACT	False	False	False
es-S1698-69462006000200016-1	PROCEDIMIENTO	820	851	canino, indicamos la extracción	57703000	EXACT	False	False	False
es-S1699-65852007000300003-1	PROCEDIMIENTO	1006	1029	tratamiento ortodóncico	16177004	EXACT	False	False	False
es-S1699-65852007000300003-1	PROCEDIMIENTO	1080	1120	reposición protésica en la región canina	27606000	NARROW	False	False	False
es-S1699-65852007000300003-1	PROCEDIMIENTO	1168	1259	implante osteointegrado en el mismo tiempo quirúrgico que la extracción del canino incluido	234664003	EXACT	False	False	True
es-S1699-65852007000300003-1	PROCEDIMIENTO	1274	1296	restauración protésica	82305005	EXACT	False	False	True
es-S1699-65852007000300003-1	PROCEDIMIENTO	1338	1361	tratamiento ortodóncico	16177004	EXACT	False	False	False
es-S1699-65852007000300003-1	PROCEDIMIENTO	1410	1429	cierre de diastemas	55120005	NARROW	False	False	False
es-S1699-65852007000300003-1	PROCEDIMIENTO	1507	1531	inserción de un implante	782902008	EXACT	False	False	False
es-S1699-65852007000300003-1	PROCEDIMIENTO	1559	1640	se levantó un colgajo mucoperióstico por palatino para acceder al canino incluido	1202017008	NARROW	False	False	False
es-S1699-65852007000300003-1	PROCEDIMIENTO	1697	1756	odontosección del diente, su extracción y legrado del lecho	55162003	NARROW	False	False	False
es-S1699-65852007000300003-1	PROCEDIMIENTO	1773	1868	se levantó un colgajo mucoperióstico vestibular para exponer la cresta y la cortical vestibular	438564001	NARROW	False	False	False
es-S1699-65852007000300003-1	PROCEDIMIENTO	1883	1920	implante cilíndrico de hidroxiapatita	782902008	NARROW	False	False	True
es-S1699-65852007000300003-1	PROCEDIMIENTO	2073	2120	Se colocó una membrana reabsorbible de colágeno	234690000	NARROW	False	False	True
es-S1699-65852007000300003-1	PROCEDIMIENTO	2141	2212	regeneración ósea guiada del defecto con hueso de banco desmineralizado	288052000	NARROW	False	False	False
es-S1699-65852007000300003-1	PROCEDIMIENTO	2277	2363	implantes en la posición del segundo premolar superior derecho y primer molar inferior	789147006	NARROW	False	False	False
es-S1699-65852007000300003-1	PROCEDIMIENTO	237	288	extracción de un canino superior izquierdo incluido	404198007	EXACT	False	False	False
es-S1699-65852007000300003-1	PROCEDIMIENTO	2514	2549	colocación del pilar transepitelial	449857002	EXACT	False	False	True
es-S1699-65852007000300003-1	PROCEDIMIENTO	2570	2594	reconstrucción protésica	782902008	EXACT	False	False	False
es-S1699-65852007000300003-1	PROCEDIMIENTO	2614	2648	corona implantosoportada cementada	234796002	NARROW	False	False	True
es-S1699-65852007000300003-1	PROCEDIMIENTO	440	459	radiografía lateral	65416003	EXACT	False	False	False
es-S1699-695X2015000200010-1	PROCEDIMIENTO	1027	1085	palpación a nivel de la articulación radio-carpiana distal	113011001	NARROW	False	False	False
es-S1699-695X2015000200010-1	PROCEDIMIENTO	1103	1135	palpación de la cabeza del radio	113011001	NARROW	False	False	False
es-S1699-695X2015000200010-1	PROCEDIMIENTO	1569	1623	radiografía anteroposterior y lateral de ambas muñecas	22948003	EXACT	False	False	False
es-S1699-695X2015000200010-1	PROCEDIMIENTO	1857	1907	tratamiento quirúrgico de reconstrucción del carpo	89621009	EXACT	False	False	False
es-S1699-695X2015000200010-1	PROCEDIMIENTO	1976	1990	Rehabilitación	52052004	EXACT	False	False	False
es-S1699-695X2015000200010-1	PROCEDIMIENTO	1999	2035	férula posicional bilateral nocturna	229552005	EXACT	False	False	True
es-S1699-695X2015000200010-1	PROCEDIMIENTO	2069	2112	tonificación musculatura intrínseca de mano	229358005	NARROW	False	False	True
es-S1699-695X2015000200010-1	PROCEDIMIENTO	2115	2140	electroterapia analgésica	169430000	NARROW	False	False	False
es-S1699-695X2015000200010-1	PROCEDIMIENTO	561	596	exploración física de ambas muñecas	284398002	EXACT	False	False	False
es-S1699-695X2015000200010-1	PROCEDIMIENTO	803	840	balance articular (BA) de las muñecas	284398002	EXACT	True	False	True
es-S1699-695X2015000300013-1	PROCEDIMIENTO	2063	2083	gammagrafía tiroidea	47324001	EXACT	False	False	False
es-S1887-85712012000400006-1	PROCEDIMIENTO	1371	1395	laparoscópia exploradora	281249009	EXACT	False	False	False
es-S1887-85712012000400006-1	PROCEDIMIENTO	1572	1596	laparoscópia exploradora	281249009	EXACT	False	False	False
es-S1887-85712012000400006-1	PROCEDIMIENTO	2467	2479	laparoscópia	73632009	EXACT	False	False	False
es-S1887-85712012000400006-1	PROCEDIMIENTO	2655	2685	reconversión a cirugía abierta	387713003	NARROW	False	False	False
es-S1887-85712012000400006-1	PROCEDIMIENTO	2727	2763	laparotomía infraumbilical iterativa	86481000	NARROW	False	False	False
es-S1887-85712012000400006-1	PROCEDIMIENTO	2933	2955	reducción de la hernia	238187004	EXACT	False	False	True
es-S1887-85712012000400006-1	PROCEDIMIENTO	2957	2994	resección de 25 cm de ileon necrosado	51346007	EXACT	False	False	False
es-S1887-85712012000400006-1	PROCEDIMIENTO	2997	3051	reconstrucción con anastomosis termino-terminal manual	387713003	NARROW	False	False	True
es-S1887-85712012000400006-1	PROCEDIMIENTO	3062	3133	orificio herniario se realiza el cierre con sutura continua de seda 0/0	238167000	NARROW	False	False	False
es-S1887-85712012000400006-1	PROCEDIMIENTO	471	503	laparotomía media infraumbilical	86481000	NARROW	False	False	False
es-S1887-85712014000100005-1	PROCEDIMIENTO	1173	1210	tomografía computerizada (TC) craneal	169066007	EXACT	False	False	False
es-S1887-85712014000100005-1	PROCEDIMIENTO	1402	1431	oclusión monocular alternante	225697000	EXACT	False	False	False
es-S1887-85712014000100005-1	PROCEDIMIENTO	1542	1587	RM encefálica con resonancia Philips de 1,5 T	29567006	EXACT	True	False	False
es-S1887-85712014000100005-1	PROCEDIMIENTO	1888	1904	secuencias Flair	113091000	NARROW	False	False	False
es-S1887-85712014000100005-1	PROCEDIMIENTO	2039	2058	anticogulación oral	182764009	EXACT	False	False	False
es-S1887-85712016000100005-1	PROCEDIMIENTO	1513	1617	"medición de la presión intracompartimental con ""Intra-Compartmental pressure monitor system"" de Stryker®"	180574001	EXACT	False	False	False
es-S1887-85712016000100005-1	PROCEDIMIENTO	1886	1905	mascarilla laríngea	424979004	EXACT	False	False	False
es-S1887-85712016000100005-1	PROCEDIMIENTO	1907	1929	Profilaxis antibiótica	422181004	EXACT	False	False	False
es-S1887-85712016000100005-1	PROCEDIMIENTO	1997	2057	incisión cutánea sobre línea media de cara volar de antebraz	120217006	NARROW	False	False	False
es-S1887-85712016000100005-1	PROCEDIMIENTO	2207	2305	sección longitudinal de la fascia antebraquial exponiendo la musculatura epitroclear del antebrazo	178071007	EXACT	False	False	False
es-S1887-85712016000100005-1	PROCEDIMIENTO	2329	2409	descompresión del nervio mediano mediante sección del ligamento anular del carpo	47534009	EXACT	False	False	False
es-S1887-85712016000100005-1	PROCEDIMIENTO	2528	2594	cubrir la herida con compresas estériles impregnadas en Nitrofural	225150002	NARROW	False	False	False
es-S1887-85712016000100005-1	PROCEDIMIENTO	2612	2705	cierre de circunstancias mediante malla con elásticos vasculares (vessel loops) de contención	746011009	NARROW	False	False	False
es-S1887-85712016000100005-1	PROCEDIMIENTO	2709	2730	vendaje no compresivo	3895009	EXACT	False	False	False
es-S1887-85712016000100005-1	PROCEDIMIENTO	271	291	analgésicos opioides	726582005	EXACT	False	False	False
es-S1887-85712016000100005-1	PROCEDIMIENTO	649	744	Intervención Coronaria Percutánea primaria por vía radial derecha, con colocación de dos stents	429639007	EXACT	False	False	False
es-S1888-75462015000400006-1	PROCEDIMIENTO	1015	1062	maniobras de Valleix, Fabere, Lasegue y Bragard	116302003	NARROW	False	False	False
es-S1888-75462015000400006-1	PROCEDIMIENTO	1106	1141	palpación en la cintilla iliotibial	315316004	NARROW	False	False	False
es-S1888-75462015000400006-1	PROCEDIMIENTO	1147	1159	test de Ober	13416003	EXACT	False	False	False
es-S1888-75462015000400006-1	PROCEDIMIENTO	1179	1203	exploración de la marcha	274787008	EXACT	False	False	False
es-S1888-75462015000400006-1	PROCEDIMIENTO	1401	1434	radiología simple anteroposterior	394421000119103	EXACT	False	False	False
es-S1888-75462015000400006-1	PROCEDIMIENTO	1600	1611	anticuerpos	3527003	EXACT	False	False	False
es-S1888-75462015000400006-1	PROCEDIMIENTO	2556	2570	magnetoterapia	143021000119109	NARROW	False	False	False
es-S1888-75462015000400006-1	PROCEDIMIENTO	3123	3143	cirugía artroscópica	128324006	EXACT	False	False	False
es-S1888-75462015000400006-1	PROCEDIMIENTO	574	629	palpación en tercio medio de la región inguinal derecha	113011001	NARROW	False	False	False
es-S1888-75462015000400006-1	PROCEDIMIENTO	696	714	maniobra de choque	116331004	NARROW	False	False	True
es-S1888-75462015000400006-1	PROCEDIMIENTO	729	757	balance articular de caderas	284400003	NARROW	False	False	True
es-S1888-75462015000400006-1	PROCEDIMIENTO	888	928	balance muscular en la escala de Daniels	274793000	EXACT	False	False	True
es-S1888-75462015000400006-1	PROCEDIMIENTO	980	1008	palpación de puntos ciáticos	51558006	NARROW	False	False	False
es-S1888-75462016000400180-1	PROCEDIMIENTO	1651	1669	eco-Doppler venoso	710306004	EXACT	False	False	False
es-S1888-75462016000400180-1	PROCEDIMIENTO	1861	1876	vendaje en ocho	3895009	EXACT	False	False	False
es-S1888-75462016000400180-1	PROCEDIMIENTO	2041	2063	utrasonografía-Doppler	1187106001	EXACT	False	False	False
es-S1888-75462016000400180-1	PROCEDIMIENTO	584	610	estudio radiológico simple	168537006	EXACT	False	False	False
es-S1888-75462016000400180-1	PROCEDIMIENTO	937	966	colocación de vendaje en ocho	3895009	EXACT	False	False	False
es-S1889-836X2015000200005-2	PROCEDIMIENTO	1273	1298	suplementos de vitamina D	444069008	EXACT	False	False	False
es-S1889-836X2015000200005-2	PROCEDIMIENTO	1420	1425	AINEs	713443004	EXACT	True	False	False
es-S1889-836X2015000200005-2	PROCEDIMIENTO	1428	1442	magnetoterapia	143021000119109	NARROW	False	False	False
es-S1889-836X2015000200005-2	PROCEDIMIENTO	1613	1618	SERMS	763342006	EXACT	True	False	True
es-S1889-836X2015000200005-2	PROCEDIMIENTO	1867	1869	Rx	168537006	EXACT	True	False	False
es-S1889-836X2015000200005-2	PROCEDIMIENTO	1980	2000	RMN de pie izquierdo	2271000087104	EXACT	True	False	False
es-S1889-836X2015000200005-2	PROCEDIMIENTO	319	344	suplementos de vitamina D	444069008	EXACT	False	False	False
es-S1889-836X2015000200005-2	PROCEDIMIENTO	623	628	AINEs	713443004	EXACT	True	False	False
es-S1889-836X2015000200005-2	PROCEDIMIENTO	812	822	Rx de pies	52221007	EXACT	False	False	False
es-S1889-836X2015000200005-2	PROCEDIMIENTO	878	898	RMN de pie izquierdo	2271000087104	EXACT	False	False	False
es-S1889-836X2015000400006-1	PROCEDIMIENTO	585	614	radiografía simple de columna	79760008	EXACT	False	False	False
es-S1889-836X2015000400006-1	PROCEDIMIENTO	654	674	gammagrafía con Tc99	71977002	NARROW	False	False	False
es-S2254-28842014000200009-1	PROCEDIMIENTO	1991	2004	plasma fresco	116861002	EXACT	False	False	False
es-S2254-28842014000200009-1	PROCEDIMIENTO	2203	2229	catéter en yugular derecha	164780005	NARROW	False	False	False
es-S2254-28842014000200009-1	PROCEDIMIENTO	2294	2332	catéter doble luz en femoral izquierda	35619007	EXACT	False	False	True
es-S2254-28842014000200009-1	PROCEDIMIENTO	2760	2766	sedada	72641008	EXACT	False	False	False
es-S2254-28842014000200009-1	PROCEDIMIENTO	392	398	partos	236973005	EXACT	False	False	False
es-S2254-28842014000200009-1	PROCEDIMIENTO	400	407	Cesárea	11466000	EXACT	False	False	False
es-S2254-28842014000200009-1	PROCEDIMIENTO	410	429	ligadura de trompas	77543007	EXACT	False	False	False
es-S2254-28842014000200009-1	PROCEDIMIENTO	841	857	Frotis sanguíneo	275707000	NARROW	False	False	False
es-S2340-98942015000100005-1	PROCEDIMIENTO	1147	1224	esquema de desensibilización5 con enlentecimiento de la velocidad de infusión	243192002	EXACT	False	False	True
es-S2340-98942015000100005-1	PROCEDIMIENTO	1600	1619	detener la infusión	225203003	EXACT	False	False	False
es-S2340-98942015000100005-1	PROCEDIMIENTO	1732	1795	quimioterapia con trabectedina y adriamicina liposomal pegilada	367336001	NARROW	False	False	False
es-S2340-98942015000100005-1	PROCEDIMIENTO	231	284	quimioterapia adyuvante con carboplatino y paclitaxel	367336001	NARROW	False	False	False
es-S2340-98942015000100005-1	PROCEDIMIENTO	533	569	resección anterior de recto superior	172341002	EXACT	False	False	False
es-S2340-98942015000100005-1	PROCEDIMIENTO	574	620	biopsia intraoperatoria de una lesión hepática	274355008	EXACT	False	False	False
