filename	mark	label	off0	off1	term	code	semantic_rel
es-S1138-123X2005000200006-2	T1	ENFERMEDAD	13	27	labio leporino	80281008	EXACT
es-S1138-123X2005000200006-2	T2	ENFERMEDAD	30	55	fisura palatina bilateral	87979003	NARROW
es-S1138-123X2005000200006-2	T3	ENFERMEDAD	60	95	premaxila estaba protruida y rotada	11301000119103	EXACT
es-S0211-69952011000100019-1	T2	ENFERMEDAD	45	64	glucogenosis tipo V	55912009	EXACT
es-S0211-69952011000100019-1	T3	ENFERMEDAD	66	87	enfermedad de McArdle	55912009	EXACT
es-S0211-69952011000100019-1	T4	ENFERMEDAD	90	112	malformación de Chiari	253184003	EXACT
es-S0211-69952011000100019-1	T6	ENFERMEDAD	1079	1107	comunicación pleuroperitonal	471402000	EXACT
es-S0211-69952011000100019-1	T7	ENFERMEDAD	1474	1483	trombosis	439127006	EXACT
es-S0211-69952011000100019-1	T8	ENFERMEDAD	154	171	atrofia retiniana	405722004	EXACT
es-S0211-69952011000100019-1	T13	ENFERMEDAD	518	528	hidrotórax	79231000	EXACT
es-S0211-69952011000100019-1	T15	ENFERMEDAD	955	963	miositis	26889001	EXACT
es-S1135-76062013000200010-1	T1	ENFERMEDAD	1853	1866	Hemoperitoneo	45626005	EXACT
es-S1135-76062013000200010-1	T3	ENFERMEDAD	2777	2794	shock hemorrágico	355001	EXACT
es-S1135-76062013000200010-1	T4	ENFERMEDAD	72	92	diabetes gestacional	11687002	EXACT
es-S1135-76062013000200010-1	T6	ENFERMEDAD	2812	2838	rotura espontánea hepática	235887001	NARROW
es-S1135-76062013000200010-1	T7	ENFERMEDAD	2857	2877	hematoma subcapsular	35566002	NARROW
es-S1135-76062013000200010-1	T9	ENFERMEDAD	2899	2913	síndrome HELLP	95605009	EXACT
es-S1135-76062013000200010-1	T10	ENFERMEDAD	2651	2679	rotura espontánea del hígado	235887001	NARROW
es-S1135-76062013000200010-1	T11	ENFERMEDAD	2708	2722	síndrome HELLP	95605009	EXACT
es-S1135-76062013000200010-1	T12	ENFERMEDAD	335	404	cesárea, durante la cual se produjo una hemorragia intensa por atonía	27214003	NARROW
es-S1130-01082006000900014-1	T2	ENFERMEDAD	1689	1720	neoplasia de cabeza de páncreas	126860002	EXACT
es-S1130-01082006000900014-1	T3	ENFERMEDAD	1525	1547	obstrucción de catéter	275413005	EXACT
es-S1130-01082006000900014-1	T6	ENFERMEDAD	2719	2776	pseudoaneurisma de rama intrahepática de arteria hepática	315033000	NARROW
es-S1130-01082006000900014-1	T7	ENFERMEDAD	561	582	colédoco muy dilatado	118926004	NARROW
es-S1130-01082006000900014-1	T11	ENFERMEDAD	1196	1289	moderada dilatación de colédoco secundario a obstrucción a nivel de porción distal de duodeno	1082431000119108	NARROW
es-S1130-01082006000900014-1	T12	ENFERMEDAD	2365	2416	pseudoaneurisma de 1 cm en rama de arteria hepática	315033000	NARROW
es-S1130-01082006000900014-1	T13	ENFERMEDAD	1241	1289	obstrucción a nivel de porción distal de duodeno	95532008	NARROW
es-S1130-01082006000900014-1	T14	ENFERMEDAD	2532	2580	tortuosidad de tronco celíaco y arteria hepática	460885001	NARROW
es-S1130-01082006000900014-1	T18	ENFERMEDAD	864	890	vesícula biliar distendida	300344005	EXACT
es-S1130-01082006000900014-1	T19	ENFERMEDAD	1511	1520	hemobilia	66556007	EXACT
es-S1130-01082008000300010-1	T9	ENFERMEDAD	2912	2937	bronquiolitis obliterante	40100001	EXACT
es-S1698-69462006000100006-1	T2	ENFERMEDAD	1721	1740	síndrome miofascial	726531007	EXACT
es-S1698-69462006000100006-1	T4	ENFERMEDAD	701	720	síndrome miofascial	726531007	EXACT
es-S1134-80462014000500004-1	T2	ENFERMEDAD	993	1018	Intolerancia al metamizol	698088001	EXACT
es-S1134-80462014000500004-1	T4	ENFERMEDAD	1022	1057	Síndrome ansioso-depresivo reactivo	782501005	EXACT
es-S1134-80462014000500004-1	T5	ENFERMEDAD	164	200	Fibrodisplasia osificante progresiva	44551007	NARROW
es-S1134-80462014000500004-1	T7	ENFERMEDAD	1074	1161	insuficiencia respiratoria hipercápnica secundaria a trastorno ventilatorio restrictivo	709109004	NARROW
es-S1134-80462014000500004-1	T8	ENFERMEDAD	619	719	exostosis a nivel de rodilla derecha, y en la primera articulación metatarsofalángica bilateralmente	416189003	NARROW
es-S1134-80462014000500004-1	T11	ENFERMEDAD	236	293	Fusión a nivel de cuerpos vertebrales de columna cervical	81099000	EXACT
es-S1134-80462014000500004-1	T12	ENFERMEDAD	2765	2804	episodios dolorosos por neo-osificación	128491006	NARROW
es-S1134-80462014000500004-1	T13	ENFERMEDAD	295	467	osificaciones múltiples a nivel de musculatura paravertebral cervical, dorsal, lumbar, cintura escapular bilateral, articulaciones coxofemorales, muslos, rodillas y abdomen	44551007	NARROW
es-S1134-80462014000500004-1	T15	ENFERMEDAD	2397	2424	osificaciones heterotópicas	128491006	EXACT
es-S1134-80462014000500004-1	T17	ENFERMEDAD	2657	2672	cuadros virales	34014006	EXACT
es-S1134-80462014000500004-1	T18	ENFERMEDAD	2568	2592	nuevas formaciones óseas	61838003	EXACT
es-S1134-80462014000500004-1	T19	ENFERMEDAD	2789	2804	neo-osificación	83323007	NARROW
es-S1130-01082007001100010-1	T2	ENFERMEDAD	42	56	hemocromatosis	399187006	EXACT
es-S1130-01082007001100010-1	T4	ENFERMEDAD	1389	1419	descompensación hidrópica leve	276879000	NARROW
es-S1130-01082007001100010-1	T10	ENFERMEDAD	562	583	shunt porto-sistémico	67307004	NARROW
es-S1130-01082007001100010-1	T12	ENFERMEDAD	1055	1092	flujo hepatófugo en la vena esplénica	234131004	NARROW
es-S1130-01082007001100010-1	T13	ENFERMEDAD	1113	1148	circulación colateral periesplénica	56073001	NARROW
es-S1130-05582017000200119-1	T1	ENFERMEDAD	1519	1573	teratoma quístico maduro benigno de glándula parotídea	92279000	NARROW
es-S1130-05582017000200119-1	T3	ENFERMEDAD	982	1009	teratoma quístico parotídeo	92279000	NARROW
es-S1139-76322016000200013-1	T1	ENFERMEDAD	968	993	déficit de miofosforilasa	29633007	NARROW
es-S1139-76322016000200013-1	T2	ENFERMEDAD	1208	1229	enfermedad de McArdle	55912009	EXACT
es-S1139-76322016000200013-1	T3	ENFERMEDAD	1340	1353	rabdomiólisis	240131006	EXACT
es-S0212-16112010000100017-1	T1	ENFERMEDAD	1490	1527	desnutrición energético-proteica leve	190603003	EXACT
es-S0212-16112010000100017-1	T2	ENFERMEDAD	70	94	quilotórax posquirúrgico	83035003	NARROW
es-S0212-16112010000100017-1	T4	ENFERMEDAD	112	127	cáncer de sigma	363410008	EXACT
es-S0212-16112010000100017-1	T6	ENFERMEDAD	2372	2396	derrame pleural loculado	427895005	EXACT
es-S0212-16112010000100017-1	T7	ENFERMEDAD	268	278	quilotórax	83035003	EXACT
es-S0212-16112010000100017-1	T8	ENFERMEDAD	4550	4585	déficit de ácidos grasos esenciales	238114000	EXACT
es-S0212-16112010000100017-1	T9	ENFERMEDAD	658	668	quilotórax	83035003	EXACT
es-S0212-16112010000100017-1	T10	ENFERMEDAD	2860	2873	hiperglucemia	80394007	EXACT
es-S0212-16112010000100017-1	T11	ENFERMEDAD	2895	2924	reacción adversa a octreótido	293289007	EXACT
es-S1130-01082007000100009-1	T1	ENFERMEDAD	78	137	lesiones nodulares glúteas dolorosas, con drenaje purulento	700011003	NARROW
es-S1130-01082007000100009-1	T2	ENFERMEDAD	177	217	foliculitis quística profunda supurativa	399008001	NARROW
es-S1130-01082007000100009-1	T3	ENFERMEDAD	234	249	acné conglobata	42228007	EXACT
es-S1130-01082007000100009-1	T7	ENFERMEDAD	1046	1105	recto y colon transverso, así como dos orificios fistulosos	235777009	NARROW
es-S1130-01082007000100009-1	T8	ENFERMEDAD	1141	1200	enfermedad inflamatoria intestinal tipo enfermedad de Crohn	397173003	EXACT
es-S1130-01082007000100009-1	T11	ENFERMEDAD	1539	1554	acné conglobata	42228007	EXACT
es-S0211-69952009000600023-1	T3	ENFERMEDAD	2475	2519	atrofia casi total del nervio óptico derecho	15632811000119100	NARROW
es-S0211-69952009000600023-1	T4	ENFERMEDAD	53	57	GEFS	236403004	EXACT
es-S0211-69952009000600023-1	T6	ENFERMEDAD	2558	2598	atrofia total de nervio óptico izquierdo	15632851000119104	EXACT
es-S0211-69952009000600023-1	T14	ENFERMEDAD	1025	1075	pérdida parcial de la visión del OD y total del OI	343051000119108	EXACT
es-S1130-14732005000200009-1	T2	ENFERMEDAD	358	430	malformaciones o anomalías asociadas a nivel de sistema nervioso central	128124001	EXACT
es-S0211-69952012000700028-1	T1	ENFERMEDAD	134	159	hernia inguinal bilateral	85502002	EXACT
es-S0211-69952012000700028-1	T6	ENFERMEDAD	3040	3069	nefropatía de cambios mínimos	90708001	NARROW
es-S0211-69952012000700028-1	T7	ENFERMEDAD	3071	3074	NCM	44785005	EXACT
es-S0365-66912012000800005-1	T1	ENFERMEDAD	35	58	síndrome de Klinefelter	22053006	EXACT
es-S0365-66912012000800005-1	T2	ENFERMEDAD	665	699	foseta congénita del nervio óptico	95502000	NARROW
es-S0365-66912012000800005-1	T6	ENFERMEDAD	1322	1333	maculopatía	312999006	EXACT
es-S0365-66912012000800005-1	T8	ENFERMEDAD	1641	1699	agujero macular lamelar en las capas externas de la retina	677871000119105	EXACT
es-S0376-78922009000100014-1	T1	ENFERMEDAD	1234	1264	infiltración de toda la dermis	372130007	NARROW
es-S0376-78922009000100014-1	T4	ENFERMEDAD	1461	1486	fibrohistiocitoma maligno	443439001	EXACT
es-S0376-78922009000100014-1	T11	ENFERMEDAD	3616	3643	siringoma condroide maligno	254712007	NARROW
es-S0004-06142008000300011-1	T2	ENFERMEDAD	34	36	SK	109385007	EXACT
es-S0004-06142008000300011-1	T8	ENFERMEDAD	596	610	situs inversus	27317008	EXACT
es-S0004-06142008000300011-1	T9	ENFERMEDAD	1318	1349	Neoplasia germinal intratubular	713646001	NARROW
es-S1130-14732006000200011-1	T3	ENFERMEDAD	224	244	hemofilia A moderada	33344008	EXACT
es-S1130-14732006000200011-1	T4	ENFERMEDAD	989	1049	lesión osteolítica de márgenes escleróticos a nivel parietal	30425001	NARROW
es-S1130-14732006000200011-1	T6	ENFERMEDAD	274	287	escafocefalia	109418001	EXACT
es-S1130-14732006000200011-1	T7	ENFERMEDAD	375	423	hematoma intraparenquimatoso cerebral espontáneo	431266005	NARROW
es-S1575-06202010000200004-1	T1	ENFERMEDAD	504	546	neumonías extrahospitalarias de repetición	699014000	EXACT
es-S1575-06202010000200004-1	T3	ENFERMEDAD	689	710	dermatitis seborreica	50563003	EXACT
es-S1575-06202010000200004-1	T6	ENFERMEDAD	642	679	lesiones cerebrales por toxoplasmosis	192701001	NARROW
es-S1575-06202010000200004-1	T9	ENFERMEDAD	55	69	politoxicómano	429299000	EXACT
es-S1575-06202010000200004-1	T10	ENFERMEDAD	93	97	UDVP	6525002	NARROW
es-S1575-06202010000200004-1	T11	ENFERMEDAD	896	988	lesiones se extendieron a tronco y extremidades, incluyendo plantas y palmas de pies y manos	725119006	NARROW
es-S1575-06202010000200004-1	T12	ENFERMEDAD	206	237	coinfección por el VIH y el VHC	442134007	EXACT
es-S1134-80462009000200004-1	T1	ENFERMEDAD	66	81	asma extrínseca	389146007	EXACT
es-S1134-80462009000200004-1	T2	ENFERMEDAD	810	839	malformación de Chiari tipo I	253185002	EXACT
es-S1134-80462009000200004-1	T3	ENFERMEDAD	1383	1403	síndrome de Chiari I	253185002	EXACT
es-S1134-80462009000200004-1	T4	ENFERMEDAD	211	235	punción dural accidental	830275007	EXACT
es-S1698-69462006000200016-1	T2	ENFERMEDAD	915	930	diente incluido	38127003	EXACT
es-S1698-69462006000200016-1	T3	ENFERMEDAD	1145	1160	diente incluido	38127003	EXACT
es-S1698-69462006000200016-1	T4	ENFERMEDAD	144	193	inadecuada posición del canino inferior izquierdo	81256000	NARROW
es-S1698-69462006000200016-1	T6	ENFERMEDAD	801	826	transmigración del canino	278658009	NARROW
es-S0212-71992004001100006-1	T1	ENFERMEDAD	3701	3716	paquimeningitis	25822001	EXACT
es-S0212-71992004001100006-1	T5	ENFERMEDAD	131	156	asma bronquial extrínseca	389145006	EXACT
es-S0212-71992004001100006-1	T6	ENFERMEDAD	4294	4307	tumor mamario	126926005	EXACT
es-S0212-71992004001100006-1	T9	ENFERMEDAD	1420	1443	edema en ambos párpados	15732321000119108	EXACT
es-S0212-71992004001100006-1	T10	ENFERMEDAD	372	390	arteritis temporal	400130008	EXACT
es-S0212-71992004001100006-1	T22	ENFERMEDAD	945	954	arteritis	52089001	EXACT
es-S0212-71992004001100006-1	T24	ENFERMEDAD	3377	3404	osteosclerosis generalizada	49347007	EXACT
es-S0212-71992004001100006-1	T29	ENFERMEDAD	1054	1087	crisis de sacudidas en hemicuerpo	26079004	NARROW
es-S1137-66272011000300024-1	T1	ENFERMEDAD	2453	2487	panadizo creció Klebsiella oxytoca	247517004	NARROW
es-S1137-66272011000300024-1	T3	ENFERMEDAD	2569	2587	diabetes tipo MODY	609561005	EXACT
es-S1137-66272011000300024-1	T4	ENFERMEDAD	2030	2043	útero bicorne	31401003	EXACT
es-S1137-66272011000300024-1	T5	ENFERMEDAD	2130	2158	agenesia dorsal del páncreas	719044008	NARROW
es-S1137-66272011000300024-1	T7	ENFERMEDAD	2501	2548	vulvovaginal fue positivo para Candida albicans	72605008	EXACT
es-S1137-66272011000300024-1	T9	ENFERMEDAD	96	116	agenesia pancreática	82949000	EXACT
es-S1137-66272011000300024-1	T11	ENFERMEDAD	2674	2751	delección en heterozigosis de, al menos, los exones del 1 al 8 del gen HNF1 β	782964007	NARROW
es-S1137-66272011000300024-1	T14	ENFERMEDAD	3201	3221	dermopatía diabética	238982009	EXACT
es-S1137-66272011000300024-1	T16	ENFERMEDAD	211	263	descompensación hiperglucémica cetósica no acidótica	74627003	NARROW
es-S1137-66272011000300024-1	T17	ENFERMEDAD	718	728	paroniquia	71906005	EXACT
es-S1137-66272011000300024-1	T19	ENFERMEDAD	1220	1284	Lesiones eritematosas y pruriginosas en región vulvar y perianal	700079006	NARROW
es-S1137-66272011000300024-1	T21	ENFERMEDAD	1312	1342	Paroniquia en cuarto dedo mano	444646006	NARROW
es-S1137-66272011000300024-1	T22	ENFERMEDAD	1352	1400	Dermopatía diabética extensa en piernas y brazos	238982009	NARROW
es-S0365-66912012000700004-1	T3	ENFERMEDAD	311	329	lenticono anterior	95480008	EXACT
es-S0365-66912012000700004-1	T4	ENFERMEDAD	161	171	sordomudos	61947007	EXACT
es-S0365-66912012000700004-1	T5	ENFERMEDAD	384	400	AM en ambos ojos	677851000119101	EXACT
es-S0365-66912012000700004-1	T6	ENFERMEDAD	590	592	AM	232006002	EXACT
es-S0365-66912012000700004-1	T9	ENFERMEDAD	950	952	AM	232006002	EXACT
es-S1698-44472004000400012-1	T2	ENFERMEDAD	115	156	tercer molar inferior derecho erupcionado	300233000	NARROW
es-S1698-44472004000400012-1	T12	ENFERMEDAD	2707	2727	lesiones vertebrales	410730009	EXACT
es-S0365-66912006000900010-1	T1	ENFERMEDAD	328	394	glaucoma agudo secundario a dicha masa presente en cámara anterior	788947003	NARROW
es-S0365-66912006000900010-1	T2	ENFERMEDAD	587	602	melanoma ocular	274087000	EXACT
es-S0365-66912006000900010-1	T3	ENFERMEDAD	797	817	melanoma de coroides	127001008	NARROW
es-S0365-66912006000900010-1	T5	ENFERMEDAD	2027	2086	melanoma uveal difuso, con perforación de la pared escleral	274087000	NARROW
es-S0365-66912006000900010-1	T6	ENFERMEDAD	107	121	pérdida visual	40031005	EXACT
es-S0365-66912006000900010-1	T7	ENFERMEDAD	1178	1195	invasión escleral	188266000	NARROW
es-S1137-66272013000200023-1	T10	ENFERMEDAD	3824	3867	IAM inferoposterior y de ventrículo derecho	703251009	EXACT
es-S1137-66272013000200023-1	T13	ENFERMEDAD	1707	1797	carcinoma de urotelio poco diferenciado, de alto grado, variante de células plasmocitoides	254913005	NARROW
es-S1130-01082008000900011-1	T2	ENFERMEDAD	2808	2838	quiste de duplicación gástrico	721161005	EXACT
es-S0365-66912009000300009-1	T1	ENFERMEDAD	42	62	conjuntivitis vírica	45261009	EXACT
es-S0365-66912009000300009-1	T2	ENFERMEDAD	219	237	condilomas en pene	92286008	NARROW
es-S0365-66912009000300009-1	T3	ENFERMEDAD	242	251	uretritis	31822004	EXACT
es-S0365-66912009000300009-1	T4	ENFERMEDAD	1031	1056	fibrosis corneal superior	95736009	NARROW
es-S0004-06142008000500009-1	T1	ENFERMEDAD	45	66	endometriosis ovárica	266589005	EXACT
es-S0004-06142008000500009-1	T2	ENFERMEDAD	142	155	endometriosis	129103003	EXACT
es-S0004-06142008000500009-1	T3	ENFERMEDAD	1026	1067	urinoma por ligadura o sección del uréter	236608000	NARROW
es-S0004-06142008000500009-1	T4	ENFERMEDAD	408	421	ectasia renal	371011007	EXACT
es-S0004-06142008000500009-1	T6	ENFERMEDAD	1157	1164	urinoma	236609008	EXACT
es-S0211-69952016000600552-1	T1	ENFERMEDAD	578	594	enfermedad renal	90708001	EXACT
es-S0211-69952016000600552-1	T2	ENFERMEDAD	1941	1976	calcificaciones renales bilaterales	48638002	EXACT
es-S0211-69952016000600552-1	T4	ENFERMEDAD	2011	2025	hipomagnesemia	190855004	EXACT
es-S0211-69952016000600552-1	T6	ENFERMEDAD	4406	4422	enfermedad renal	90708001	EXACT
es-S0211-69952016000600552-1	T8	ENFERMEDAD	4643	4658	nefrocalcinosis	48638002	EXACT
es-S0211-69952016000600552-1	T10	ENFERMEDAD	4939	4954	nefrocalcinosis	48638002	EXACT
es-S0211-69952016000600552-1	T11	ENFERMEDAD	5132	5182	acidosis tubular renal distal autosómica dominante	236461000	EXACT
es-S0211-69952016000600552-1	T12	ENFERMEDAD	5184	5190	ATR-AD	1776003	NARROW
es-S0211-69952016000600552-1	T13	ENFERMEDAD	5626	5676	acidosis tubular renal distal autosómica dominante	236461000	EXACT
es-S0211-69952016000600552-1	T14	ENFERMEDAD	3895	3907	status focal	241006	EXACT
es-S0211-69952016000600552-1	T15	ENFERMEDAD	4020	4038	actividad comicial	313307000	EXACT
es-S0212-16112007000100015-1	T1	ENFERMEDAD	1416	1449	intoxicación aguda por metformina	241747006	NARROW
es-S0212-16112007000100015-1	T2	ENFERMEDAD	2006	2014	acidosis	51387008	EXACT
es-S0212-16112007000100015-1	T7	ENFERMEDAD	205	252	isquemia crónica en las extremidades inferiores	233961000	NARROW
es-S0212-16112007000100015-1	T9	ENFERMEDAD	1767	1775	acidosis	51387008	EXACT
es-S0212-16112007000100015-1	T10	ENFERMEDAD	1252	1274	acidosis láctica grave	91273001	NARROW
es-S0210-48062005000700012-1	T2	ENFERMEDAD	1395	1424	abscesos de psoas bilaterales	266463007	NARROW
es-S0210-48062005000700012-1	T3	ENFERMEDAD	122	141	prostatitis crónica	19905009	EXACT
es-S0210-48062005000700012-1	T4	ENFERMEDAD	1485	1511	espondilodiscitis en L5-S1	203241002	NARROW
es-S0210-48062005000700012-1	T5	ENFERMEDAD	955	978	espondilodiscitis L5-S1	203241002	NARROW
es-S0210-48062005000700012-1	T6	ENFERMEDAD	1027	1053	absceso de psoas bilateral	266463007	NARROW
es-S0210-48062005000700012-1	T7	ENFERMEDAD	1265	1286	colecciones del psoas	266463007	EXACT
es-S0365-66912007000200009-1	T2	ENFERMEDAD	1413	1543	lesiones desmielinizantes múltiples de la sustancia blanca subcortical y periventricular con afectación de la unión calloso-septal	16058431000119104	NARROW
es-S0365-66912007000200009-1	T6	ENFERMEDAD	1883	1939	neuritis óptica retrobulbar de etiología desmielinizante	230507009	NARROW
es-S0365-66912007000200009-1	T7	ENFERMEDAD	594	627	defecto pupilar aferente relativo	232122003	EXACT
es-S1887-85712016000100005-1	T2	ENFERMEDAD	112	130	carcinoma de recto	254582000	EXACT
es-S1887-85712016000100005-1	T3	ENFERMEDAD	512	519	SCASEST	401314000	EXACT
es-S1887-85712016000100005-1	T4	ENFERMEDAD	1687	1729	síndrome compartimental agudo en antebrazo	212381005	NARROW
es-S1887-85712016000100005-1	T7	ENFERMEDAD	906	994	hematoma en cara volar de antebrazo derecho en relación a zona de punción de cateterismo	274179004	NARROW
es-S1887-85712016000100005-1	T9	ENFERMEDAD	1387	1414	parálisis total del miembro	44695005	NARROW
es-S0211-69952014000600016-1	T3	ENFERMEDAD	261	293	viruria (107 copias/ml) para BKV	431258001	NARROW
es-S0365-66912004001100012-1	T2	ENFERMEDAD	287	302	coriorretinitis	46627006	EXACT
es-S0365-66912004001100012-1	T3	ENFERMEDAD	422	450	coriorretinitis toxoplásmica	187194004	EXACT
es-S0365-66912004001100012-1	T4	ENFERMEDAD	723	733	neumonitis	205237003	EXACT
es-S0365-66912004001100012-1	T5	ENFERMEDAD	736	745	balanitis	44882003	EXACT
es-S0365-66912004001100012-1	T6	ENFERMEDAD	778	807	hiposfagma bilateral superior	40788000	NARROW
es-S0365-66912004001100012-1	T7	ENFERMEDAD	809	833	conjuntivitis membranosa	102451006	EXACT
es-S0365-66912004001100012-1	T8	ENFERMEDAD	861	899	queratopatía superficial en ambos ojos	343321000119102	EXACT
es-S0365-66912004001100012-1	T9	ENFERMEDAD	1131	1163	SSJ secundario a la sulfadiacina	403609001	NARROW
es-S0365-66912004001100012-1	T10	ENFERMEDAD	1217	1237	toxoplasmosis ocular	416481006	EXACT
es-S0365-66912004001100012-1	T11	ENFERMEDAD	2103	2113	hiposfagma	40788000	EXACT
es-S0365-66912004001100012-1	T14	ENFERMEDAD	697	721	vesículas en mucosa oral	249400000	NARROW
es-S1130-05582003000600004-2	T1	ENFERMEDAD	1499	1540	destrucción del tabique intersinuso-nasal	7393007	NARROW
es-S1130-05582003000600004-2	T3	ENFERMEDAD	571	594	ausencia de la pieza 25	109674000	NARROW
es-S1130-05582003000600004-2	T4	ENFERMEDAD	526	568	obturaciones en piezas 21, 22, 24, 26 y 27	278550007	NARROW
es-S1130-05582003000600004-2	T15	ENFERMEDAD	349	380	desviación de la pirámide nasal	249316004	EXACT
es-S1130-05582003000600004-2	T16	ENFERMEDAD	390	424	obstrucción subjetiva de la narina	118237005	NARROW
es-S0210-48062004000800009-1	T2	ENFERMEDAD	1237	1249	quiste renal	77945009	EXACT
es-S0210-48062004000800009-1	T3	ENFERMEDAD	1467	1525	carcinoma de células claras renales, quístico multilocular	734014001	NARROW
es-S1130-01082007001100009-1	T1	ENFERMEDAD	590	628	pólipos milimétricos en ampolla rectal	39772007	EXACT
es-S1130-01082007001100009-1	T3	ENFERMEDAD	630	676	hemorroides internas (una de ellas prolapsada)	80426004	EXACT
es-S1130-01082007001100009-1	T6	ENFERMEDAD	1000	1019	úlcera estercorárea	235767007	EXACT
es-S1130-01082007001100009-1	T7	ENFERMEDAD	1022	1060	síndrome de la úlcera rectal solitaria	716685003	EXACT
es-S1130-01082007001100009-1	T8	ENFERMEDAD	1289	1327	síndrome de la úlcera rectal solitaria	716685003	EXACT
es-S0210-48062007000300014-1	T1	ENFERMEDAD	909	921	infertilidad	8619003	EXACT
es-S0210-48062007000300014-1	T3	ENFERMEDAD	1876	1899	teratozoospermia severa	236817003	NARROW
es-S0210-48062007000300014-1	T8	ENFERMEDAD	1839	1854	Oligozoospermia	88311004	EXACT
es-S0210-48062007000300014-1	T9	ENFERMEDAD	1856	1872	astenozoospermia	24463005	EXACT
es-S1130-01082009000400012-1	T3	ENFERMEDAD	1180	1206	absceso en lóbulo inferior	73452002	NARROW
es-S1130-01082009000400012-1	T4	ENFERMEDAD	1490	1513	fístula esófago-pleural	235639009	NARROW
es-S1130-01082009000400012-1	T5	ENFERMEDAD	386	409	fístula esófago-pleural	235639009	NARROW
es-S1137-66272014000200013-1	T1	ENFERMEDAD	179	200	carcinoma de próstata	254900004	EXACT
es-S1137-66272014000200013-1	T4	ENFERMEDAD	452	468	catarata nuclear	53889007	EXACT
es-S1137-66272014000200013-1	T6	ENFERMEDAD	613	661	lesión lobulada que ocupaba 4/5 de cámara vítrea	285654002	NARROW
es-S1137-66272014000200013-1	T7	ENFERMEDAD	690	692	MC	255021005	EXACT
es-S1137-66272014000200013-1	T11	ENFERMEDAD	1643	1645	MC	255021005	EXACT
es-S1137-66272014000200013-1	T13	ENFERMEDAD	59	93	pérdida de visión de ojo izquierdo	274571007	EXACT
es-S0211-69952015000500015-2	T2	ENFERMEDAD	100	162	trasplante renal inmediatamente fallido por trombosis arterial	236583003	NARROW
es-S0211-69952015000500015-2	T3	ENFERMEDAD	144	162	trombosis arterial	65198009	EXACT
es-S1130-05582010000200004-1	T2	ENFERMEDAD	787	811	ORN de cuerpo mandibular	109716001	EXACT
es-S1130-05582010000200004-1	T4	ENFERMEDAD	1233	1252	fractura patológica	268029009	EXACT
es-S1130-05582010000200004-1	T5	ENFERMEDAD	1939	1972	infecciones locales de repetición	428875002	EXACT
es-S1130-05582010000200004-1	T7	ENFERMEDAD	673	701	fístula en ángulo mandibular	20674003	NARROW
es-S1130-05582010000200004-1	T8	ENFERMEDAD	1725	1742	fístula extraoral	20674003	NARROW
es-S1130-05582010000200004-1	T9	ENFERMEDAD	2151	2175	ORN de cuerpo mandibular	109716001	EXACT
es-S1130-05582010000200004-1	T12	ENFERMEDAD	2053	2103	episodio inflamatorio fistulizado en hemimandíbula	714751007	EXACT
es-S0376-78922009000300005-1	T2	ENFERMEDAD	76	120	infecciones de repetición en el área genital	312155003	NARROW
es-S0376-78922009000300005-1	T4	ENFERMEDAD	1125	1141	úlceras crónicas	405719001	EXACT
es-S0376-78922009000300005-1	T6	ENFERMEDAD	205	237	infecciones por Cándida albicans	83062006	EXACT
es-S0376-78922009000300005-1	T7	ENFERMEDAD	3382	3426	fisura junto a la comisura vaginal posterior	25658005	NARROW
es-S0376-78922009000300005-1	T8	ENFERMEDAD	286	300	herpes genital	33839006	EXACT
es-S0376-78922009000300005-1	T13	ENFERMEDAD	2801	2818	úlceras vaginales	31066003	EXACT
es-S0376-78922009000300005-1	T16	ENFERMEDAD	780	791	vagina seca	289597006	NARROW
es-S1135-76062014000100006-1	T1	ENFERMEDAD	557	601	cicatriz de laparotomía media supraumbilical	422411000	NARROW
es-S1135-76062014000100006-1	T2	ENFERMEDAD	796	895	hemopericardio secundario a rotura de infarto transmural en la pared libre del ventrículo izquierdo	233889001	NARROW
es-S1135-76062014000100006-1	T4	ENFERMEDAD	1306	1398	fibrosis cicatricial evolucionada y calcificada en relación con restos de material de sutura	201307004	NARROW
es-S1135-76062014000100006-1	T7	ENFERMEDAD	898	946	aterosclerosis coronaria grave de los tres vasos	443502000	NARROW
es-S1139-76322016000300015-1	T1	ENFERMEDAD	49	73	ombligo poco cicatrizado	397320006	NARROW
es-S1139-76322016000300015-1	T2	ENFERMEDAD	367	443	cordón umbilical, que tiene aspecto mucoso, y un pequeño desgarro en la base	237310000	NARROW
es-S1139-76322016000300015-1	T3	ENFERMEDAD	737	774	cordón umbilical presentaba un quiste	249189006	NARROW
es-S1139-76322016000300015-1	T5	ENFERMEDAD	469	484	infección local	10443009	EXACT
es-S1139-76322016000300015-1	T6	ENFERMEDAD	853	882	quiste de gelatina de Wharton	249189006	EXACT
es-S1139-76322016000300015-1	T7	ENFERMEDAD	1705	1727	persistencia del uraco	429260008	NARROW
es-S1139-76322016000300015-1	T8	ENFERMEDAD	1734	1749	uraco permeable	398316009	EXACT
es-S1139-76322016000300015-1	T9	ENFERMEDAD	1177	1204	desgarro en base del cordón	373680009	EXACT
es-S1139-76322016000300015-1	T10	ENFERMEDAD	1541	1559	trayecto fistuloso	271766002	EXACT
es-S1130-01082009000900012-1	T1	ENFERMEDAD	1545	1564	quiste broncogénico	9550003	EXACT
es-S1130-01082009000900012-1	T4	ENFERMEDAD	260	285	asma bronquial extrínseca	389145006	EXACT
es-S1130-01082009000900012-1	T5	ENFERMEDAD	287	315	púrpura de Schonleich-Henoch	191306005	EXACT
es-S0365-66912005001100009-2	T1	ENFERMEDAD	21	25	GCCA	33647009	EXACT
es-S0365-66912005001100009-2	T3	ENFERMEDAD	445	481	desprendimiento ciliocoroideo anular	247198004	EXACT
es-S0365-66912005001100009-2	T4	ENFERMEDAD	484	499	bloqueo pupilar	384675002	EXACT
es-S0365-66912005001100009-2	T5	ENFERMEDAD	520	536	glaucoma maligno	10100008	EXACT
es-S0365-66912005001100009-2	T6	ENFERMEDAD	275	323	atalamia con contacto iridoendotelial periférico	118235002	NARROW
es-S0365-66912005001100009-2	T7	ENFERMEDAD	394	417	atalamia con hipertonía	301905003	NARROW
es-S1137-66272014000200011-1	T1	ENFERMEDAD	66	91	lesión en cuero cabelludo	212400009	EXACT
es-S1137-66272014000200011-1	T2	ENFERMEDAD	1342	1347	bocio	3716002	EXACT
es-S1137-66272014000200011-1	T3	ENFERMEDAD	218	292	lesión papulosa eritemato-violácea dura de 6 mm en región parietooccipital	10681311000119102	NARROW
es-S1137-66272014000200011-1	T5	ENFERMEDAD	1739	1757	bocio multinodular	237570007	EXACT
es-S1137-66272014000200011-1	T7	ENFERMEDAD	700	728	tumoración situada en dermis	126488004	EXACT
es-S1137-66272014000200011-1	T8	ENFERMEDAD	2020	2035	tumor folicular	447711004	EXACT
es-S1137-66272014000200011-1	T9	ENFERMEDAD	2167	2184	carcinoma papilar	25910003	EXACT
es-S1137-66272014000200011-1	T10	ENFERMEDAD	2241	2338	carcinoma mixto papilar y folicular bien diferenciado (90%) y sólido con un 10% poco diferenciado	255030002	NARROW
es-S1137-66272014000200011-1	T11	ENFERMEDAD	1146	1175	metástasis de cáncer tiroideo	363478007	NARROW
es-S0210-48062004000200011-1	T1	ENFERMEDAD	2213	2240	linfoma testicular primario	277664004	EXACT
es-S0210-48062004000200011-1	T2	ENFERMEDAD	1651	1669	absceso testicular	95593001	EXACT
es-S0210-48062004000200011-1	T3	ENFERMEDAD	2725	2752	linfoma testicular primario	277664004	EXACT
es-S0210-48062004000200011-1	T5	ENFERMEDAD	1677	1700	tuberculosis testicular	40258005	EXACT
es-S0210-48062004000200011-1	T9	ENFERMEDAD	3445	3480	lesión polipoidea en seno piriforme	126688006	NARROW
es-S0210-48062004000200011-1	T13	ENFERMEDAD	2042	2105	testículo está afectado por linfoma difuso B de células grandes	448465000	NARROW
es-S0210-48062004000200011-1	T21	ENFERMEDAD	686	720	hemiescroto derecho presenta edema	88995000	NARROW
es-S1130-63432014000500008-1	T2	ENFERMEDAD	619	650	taquicardia sinusal persistente	425582007	EXACT
es-S1130-63432014000400016-1	T1	ENFERMEDAD	847	865	hipertransaminemia	707724006	EXACT
es-S1130-63432014000400016-1	T4	ENFERMEDAD	239	327	exantema maculopapuloeritematoso, evanescente en tronco y parte proximal de extremidades	247471006	NARROW
es-S1130-63432014000400016-1	T5	ENFERMEDAD	1472	1518	Síndromes Periódicos Asociados a la Criopirina	430079001	EXACT
es-S1130-63432014000400016-1	T7	ENFERMEDAD	329	427	linfadenopatías desde los 13 meses de edad, afectando a ganglios cervicales, axilares e inguinales	95892003	NARROW
es-S1130-63432014000400016-1	T8	ENFERMEDAD	3068	3079	monocitosis	19636003	EXACT
es-S1130-63432014000400016-1	T11	ENFERMEDAD	3227	3254	AlJs de curso poliarticular	239796000	NARROW
es-S1130-63432014000400016-1	T13	ENFERMEDAD	593	597	AlJs	201796004	EXACT
es-S1130-63432014000400016-1	T15	ENFERMEDAD	1520	1524	CAPS	430079001	EXACT
es-S1130-05582009000600004-1	T1	ENFERMEDAD	1447	1480	hipertrofia maseterina unilateral	699649006	EXACT
es-S1130-05582009000600004-1	T4	ENFERMEDAD	1379	1399	hiperplasia condilar	283014003	EXACT
S0004-06142006000100014-1	T3	ENFERMEDAD	377	395	anemia hipocrómica	44452003	EXACT
S0004-06142006000100014-1	T8	ENFERMEDAD	724	750	ascitis por carcinomatosis	236005001	NARROW
S0004-06142006000100014-1	T10	ENFERMEDAD	1091	1128	pólipo inflamatorio en muñón gástrico	78809005	NARROW
S0004-06142006000100014-1	T13	ENFERMEDAD	1592	1633	lesión quística voluminosa intraabdominal	446064000	NARROW
S0004-06142006000100014-1	T15	ENFERMEDAD	2271	2336	hidronefrosis gigante secundaria a uropatía obstructiva litiásica	1148909008	NARROW
S0004-06142006000100014-1	T18	ENFERMEDAD	2903	2932	atrofia parenquimatosa severa	13331008	NARROW
S0004-06142006000100014-1	T21	ENFERMEDAD	3071	3104	infiltración del parénquima renal	188250002	NARROW
es-S1130-05582008000600006-1	T1	ENFERMEDAD	792	858	sufrimiento y pérdida del colgajo cutáneo de avance cérvico-facial	239199003	NARROW
es-S1130-05582008000600006-1	T2	ENFERMEDAD	59	128	herida por arma de fuego (escopeta de caza) tras intento de autolisis	287184008	NARROW
es-S1130-05582008000600006-1	T3	ENFERMEDAD	2964	2989	fístula salival parotídea	196495004	EXACT
es-S1130-05582008000600006-1	T5	ENFERMEDAD	3018	3076	pérdida del injero dermoepidermico sobre región maseterina	213192008	NARROW
es-S1130-05582008000600006-1	T6	ENFERMEDAD	1241	1261	luxación recidivante	5137004	EXACT
es-S1130-05582008000600006-1	T7	ENFERMEDAD	920	965	retracción cicatricial del tejido mucoso oral	1089981000119106	NARROW
es-S1130-05582008000600006-1	T9	ENFERMEDAD	3308	3335	parálisis del nervio radial	16644004	NARROW
es-S1130-05582008000600006-1	T10	ENFERMEDAD	1039	1065	comunicaciones orofaciales	449790007	EXACT
es-S1130-05582008000600006-1	T11	ENFERMEDAD	1068	1086	fístulas salivales	75260002	EXACT
es-S1130-05582008000600006-1	T13	ENFERMEDAD	3110	3150	desinserción del brazo largo del tríceps	724614007	NARROW
es-S1130-05582008000600006-1	T14	ENFERMEDAD	3153	3174	dehiscencia de herida	410723003	EXACT
es-S1130-05582008000600006-1	T16	ENFERMEDAD	983	1013	limitación de la apertura oral	285466001	EXACT
es-S0376-78922012000300010-1	T2	ENFERMEDAD	1487	1500	tumor benigno	3898006	EXACT
es-S0376-78922012000300010-1	T4	ENFERMEDAD	187	202	blefarochalasia	47704002	EXACT
es-S0376-78922012000300010-1	T5	ENFERMEDAD	627	653	tumor de glándula lagrimal	127004000	EXACT
es-S0376-78922012000300010-1	T6	ENFERMEDAD	1817	1838	schwannoma de párpado	688131000119108	NARROW
es-S0376-78922012000300010-1	T9	ENFERMEDAD	214	232	bolsas palpebrales	724860007	EXACT
es-S1889-836X2015000200005-2	T2	ENFERMEDAD	106	139	metrorragias secundarias a miomas	64996003	NARROW
es-S1889-836X2015000200005-2	T3	ENFERMEDAD	195	229	osteoporosis densitométrica lumbar	309745002	NARROW
es-S1889-836X2015000200005-2	T5	ENFERMEDAD	3126	3145	fracturas de estrés	240197007	EXACT
es-S1889-836X2015000200005-2	T7	ENFERMEDAD	1524	1551	osteoporosis a nivel lumbar	309745002	NARROW
es-S1889-836X2015000200005-2	T8	ENFERMEDAD	1881	1939	callo de fractura antiguo en 2o MTT por fractura de estrés	27881006	NARROW
es-S1889-836X2015000200005-2	T9	ENFERMEDAD	2107	2141	tenosinovitis del tibial posterior	202919002	EXACT
es-S1134-80462015000500005-1	T1	ENFERMEDAD	182	218	mancha hiperpigmentada en la espalda	49765009	NARROW
es-S1134-80462015000500005-1	T2	ENFERMEDAD	616	636	notalgia parestésica	277802001	EXACT
es-S1134-80462015000500005-1	T3	ENFERMEDAD	552	574	lesión hiperpigmentada	49765009	NARROW
es-S2340-98942015000100005-1	T1	ENFERMEDAD	94	128	carcinoma seroso papilar en ovario	254849005	NARROW
es-S2340-98942015000100005-1	T4	ENFERMEDAD	605	620	lesión hepática	300331000	EXACT
es-S0211-69952013000200019-2	T5	ENFERMEDAD	583	600	orquiepididimitis	197983000	EXACT
es-S0211-69952013000200019-2	T7	ENFERMEDAD	516	545	edematización inguinoescrotal	88995000	EXACT
es-S1134-80462013000400006-2	T1	ENFERMEDAD	38	117	SDRC de extremidad inferior derecha secundario también a un esguince de tobillo	734987002	NARROW
es-S0211-69952013000200018-1	T3	ENFERMEDAD	93	102	exbebedor	82581004	EXACT
es-S0211-69952013000200018-1	T6	ENFERMEDAD	180	203	arteriopatía periférica	399957001	EXACT
es-S0211-69952013000200018-1	T7	ENFERMEDAD	206	234	insuficiencia venosa crónica	20696009	EXACT
es-S0211-69952013000200018-1	T9	ENFERMEDAD	512	571	úlceras mixtas con exudado en ambas extremidades inferiores	238792006	NARROW
es-S0211-69952013000200018-1	T10	ENFERMEDAD	2123	2158	neurotoxidad provocada por cefepime	19466003	NARROW
es-S0211-69952013000200018-1	T11	ENFERMEDAD	2725	2760	neurotoxicidad vinculada a cefepime	19466003	NARROW
es-S0211-69952013000200018-1	T12	ENFERMEDAD	1886	1912	status eléctrico bilateral	274521009	NARROW
es-S0212-71992005000400007-1	T3	ENFERMEDAD	3904	3924	sarcoma histiocítico	109988003	EXACT
es-S0212-71992005000400007-1	T5	ENFERMEDAD	549	577	múltiples hematomas cutáneos	279420009	EXACT
es-S0212-71992005000400007-1	T8	ENFERMEDAD	2391	2402	mieloptisis	47739002	EXACT
es-S0212-71992005000400007-1	T12	ENFERMEDAD	2217	2244	adenopatías intrabdominales	128235003	EXACT
es-S0212-71992005000400007-1	T14	ENFERMEDAD	405	433	múltiples hematomas cutáneos	279420009	EXACT
es-S0212-71992005000400007-1	T20	ENFERMEDAD	2404	2432	reacción leucoeritroblástica	71692003	EXACT
es-S0212-71992008000700009-1	T1	ENFERMEDAD	375	403	conjuntiva que se prolapsaba	59698003	NARROW
es-S0212-71992008000700009-1	T3	ENFERMEDAD	2373	2388	tumor orbitario	127003006	EXACT
es-S0212-71992008000700009-1	T5	ENFERMEDAD	2494	2537	metástasis de carcinoma de células pequeñas	74364000	NARROW
es-S1699-695X2015000300013-1	T1	ENFERMEDAD	1469	1488	parálisis periódica	267607008	EXACT
es-S1699-695X2015000300013-1	T3	ENFERMEDAD	1607	1652	hipertiroidismo primario de origen autoinmune	237499004	EXACT
es-S1699-695X2015000300013-1	T4	ENFERMEDAD	2040	2055	hipertiroidismo	34486009	EXACT
es-S1699-695X2015000300013-1	T5	ENFERMEDAD	2180	2200	enfermedad de Graves	353295004	EXACT
es-S1699-695X2015000300013-1	T6	ENFERMEDAD	2649	2658	parálisis	44695005	EXACT
es-S1137-66272016000300010-1	T2	ENFERMEDAD	1693	1741	proceso obstructivo de tracto digestivo superior	119291004	NARROW
es-S1137-66272016000300010-1	T3	ENFERMEDAD	1337	1361	trastornos de conducción	195066008	EXACT
es-S1137-66272016000300010-1	T4	ENFERMEDAD	1754	1769	trastorno motor	302226006	NARROW
es-S1137-66272016000300010-1	T5	ENFERMEDAD	1771	1784	gastroparesia	235675006	EXACT
es-S1137-66272016000300010-1	T7	ENFERMEDAD	2110	2121	íleo biliar	37976006	EXACT
es-S1137-66272016000300010-1	T9	ENFERMEDAD	2157	2177	Síndrome de Bouveret	721652009	NARROW
es-S1130-01082010000400015-1	T1	ENFERMEDAD	943	968	ciego contenía una úlcera	16101002	EXACT
es-S1130-01082010000400015-1	T2	ENFERMEDAD	43	64	angiosarcoma de ciego	682271000119102	NARROW
es-S1130-01082010000400015-1	T3	ENFERMEDAD	1408	1441	angiosarcoma epitelioide de colon	682271000119102	NARROW
es-S0365-66912006001100006-4	T1	ENFERMEDAD	57	124	traumatismo penetrante ocular por un fragmento de una pinza de ropa	315296002	NARROW
es-S1135-76062010000300006-1	T1	ENFERMEDAD	61	108	crisis epilépticas parciales con generalización	246544003	EXACT
es-S1135-76062010000300006-1	T3	ENFERMEDAD	1301	1311	TDN simple	87211000119104	NARROW
es-S1137-66272012000300024-1	T9	ENFERMEDAD	2024	2027	HIT	73397007	EXACT
es-S1137-66272012000300024-1	T17	ENFERMEDAD	1890	1899	hipoxemia	123823007	EXACT
es-S0211-69952014000400019-1	T1	ENFERMEDAD	24	49	lesión medular traumática	90584004	EXACT
es-S0211-69952014000400019-1	T4	ENFERMEDAD	138	154	vejiga neurógena	398064005	EXACT
es-S0211-69952014000400019-1	T6	ENFERMEDAD	982	994	infantilismo	59892004	EXACT
es-S0210-48062005000400012-1	T1	ENFERMEDAD	72	118	cardiopatía isquémica con infarto de miocardio	428196007	EXACT
es-S0210-48062005000400012-1	T11	ENFERMEDAD	284	302	estenosis de canal	76107001	EXACT
es-S0210-48062005000400012-1	T12	ENFERMEDAD	2038	2062	carcinoma seroso ovárico	363443007	NARROW
es-S0210-48062005000400012-1	T13	ENFERMEDAD	3280	3325	recidiva mesentérica en hemiabdomen izquierdo	94624001	NARROW
es-S0210-48062005000400012-1	T14	ENFERMEDAD	1284	1311	cistitis glandular quística	72815004	NARROW
es-S0210-48062005000400012-1	T15	ENFERMEDAD	2183	2222	carcinoma de próstata bien diferenciado	254900004	NARROW
es-S0210-48062005000400012-1	T16	ENFERMEDAD	508	536	hematuria total con coágulos	197942003	EXACT
es-S0210-48062005000400012-1	T17	ENFERMEDAD	3484	3518	progresión intra y retroperitoneal	188445006	EXACT
es-S0210-48062005000400012-1	T19	ENFERMEDAD	638	661	cicatriz de toracotomía	422411000	NARROW
es-S0210-48062005000400012-1	T23	ENFERMEDAD	40	70	patología cardiovascular grave	49601007	NARROW
es-S0378-48352006000300005-1	T1	ENFERMEDAD	2334	2379	linfoma pulmonar primario (LPP) de bajo grado	718200007	NARROW
es-S0378-48352006000300005-1	T2	ENFERMEDAD	2361	2364	LPP	718200007	EXACT
es-S0378-48352006000300005-1	T4	ENFERMEDAD	94	109	asma extrínseco	424643009	EXACT
es-S0378-48352006000300005-1	T8	ENFERMEDAD	785	807	neumonía de la língula	426696003	EXACT
es-S0378-48352006000300005-1	T11	ENFERMEDAD	3005	3027	toxicidad hematológica	762299008	EXACT
es-S0378-48352006000300005-1	T13	ENFERMEDAD	1412	1430	linfoma no Hodgkin	118601006	EXACT
es-S0378-48352006000300005-1	T14	ENFERMEDAD	1432	1435	LNH	118601006	EXACT
es-S0378-48352006000300005-1	T15	ENFERMEDAD	1511	1552	Linfoma linfocítico B de células pequeñas	302841002	EXACT
es-S0378-48352006000300005-1	T16	ENFERMEDAD	1554	1559	LLBCP	64575004	EXACT
es-S1130-01082009000500007-1	T6	ENFERMEDAD	570	663	dilatación gigante del recto y el colon izquierdo, ocupados en toda la luz por restos fecales	33995003	NARROW
es-S0376-78922016000200011-1	T2	ENFERMEDAD	1405	1421	mastitis crónica	21648003	EXACT
es-S0376-78922016000200011-1	T3	ENFERMEDAD	989	1000	galactorrea	78622004	EXACT
es-S0376-78922016000200011-1	T4	ENFERMEDAD	1112	1144	líquido periprotésico en la mama	116339002	NARROW
es-S0365-66912007001200009-1	T5	ENFERMEDAD	161	196	retinopatía diabética proliferativa	59276001	EXACT
es-S0365-66912007001200009-1	T14	ENFERMEDAD	763	800	AMIR en la zona temporal de la macula	247136003	NARROW
es-S0365-66912007001200009-1	T16	ENFERMEDAD	980	984	AMIR	247136003	EXACT
S0004-06142007000200017-1	T2	ENFERMEDAD	1324	1362	microlitiasis testiculares bilaterales	64910008	NARROW
S0004-06142007000200017-1	T7	ENFERMEDAD	1910	1954	neoplasia intratubular de células germinales	145831000119103	NARROW
S0004-06142007000200017-1	T8	ENFERMEDAD	1978	2059	infiltración tumoral en albugínea, rete testis, epidídimo o infiltración vascular	94402006	NARROW
S0004-06142007000200017-1	T10	ENFERMEDAD	2206	2250	neoplasia intratubular de células germinales	145831000119103	NARROW
S0004-06142007000200017-1	T11	ENFERMEDAD	2269	2292	atrofia en el testículo	17585008	EXACT
S0004-06142007000200017-1	T15	ENFERMEDAD	512	539	teste izquierdo hipotrófico	17585008	NARROW
S0004-06142007000200017-1	T16	ENFERMEDAD	1956	1960	NICG	128902002	EXACT
S0004-06142007000200017-1	T17	ENFERMEDAD	2252	2256	NICG	128902002	EXACT
es-S0210-48062007001000004-1	T5	ENFERMEDAD	1244	1278	carcinoma embrionario de testículo	721602000	EXACT
es-S0210-48062007001000004-1	T8	ENFERMEDAD	2137	2191	Calcificación en vertiente anteroinferior de testículo	64910008	NARROW
es-S0210-48062007001000004-1	T10	ENFERMEDAD	1172	1205	epidídimo con implantes en cordón	94283001	EXACT
es-S0210-48062007001000004-1	T11	ENFERMEDAD	2394	2421	tumor de células germinales	402878003	EXACT
es-S0210-48062007001000004-1	T12	ENFERMEDAD	3449	3473	recidiva retroperitoneal	94628003	NARROW
es-S1130-63432015000100008-1	T2	ENFERMEDAD	37	54	neoplasia de mama	126926005	EXACT
es-S1130-63432015000100008-1	T5	ENFERMEDAD	1190	1195	SIADH	55004003	EXACT
es-S1130-63432015000100008-1	T7	ENFERMEDAD	176	205	hiponatremia crónica moderada	50327002	NARROW
es-S0004-06142009000400011-1	T2	ENFERMEDAD	37	50	EPOC moderado	313297008	EXACT
es-S0365-66912012000300005-1	T2	ENFERMEDAD	1908	1942	afectación macular del segundo ojo	312999006	EXACT
es-S0365-66912012000300005-1	T7	ENFERMEDAD	1573	1661	carcinoma de cérvix uterino evolucionado con afectación del tercio inferior de la vagina	423973006	NARROW
es-S0365-66912012000300005-1	T8	ENFERMEDAD	514	549	atrofia coriorretiniana peripapilar	95686007	NARROW
es-S0365-66912012000300005-1	T10	ENFERMEDAD	926	948	coroiditis serpiginosa	312491004	EXACT
es-S0365-66912004000800009-1	T1	ENFERMEDAD	42	61	esclerosis tuberosa	7199000	EXACT
es-S0365-66912004000800009-1	T2	ENFERMEDAD	106	141	lesiones faciales (adenoma sebáceo)	307598005	EXACT
es-S0365-66912004000800009-1	T3	ENFERMEDAD	158	190	mastopatía fibroquística de mama	27431007	EXACT
es-S0365-66912004000800009-1	T4	ENFERMEDAD	193	206	bocio coloide	61037007	EXACT
es-S0365-66912004000800009-1	T5	ENFERMEDAD	987	1019	quistes epidérmicos de inclusión	419893006	EXACT
es-S0365-66912004000800009-1	T6	ENFERMEDAD	671	688	Tumores de Koeman	403823001	EXACT
es-S0365-66912004000800009-1	T7	ENFERMEDAD	603	669	periungueal tanto en dedos de pies como de manos presenta fibromas	264561009	NARROW
es-S0365-66912004000800009-1	T8	ENFERMEDAD	1366	1378	angiofibroma	302857002	EXACT
es-S0365-66912004000800009-1	T9	ENFERMEDAD	298	318	lesiones palpebrales	60113004	NARROW
es-S0365-66912004000800009-1	T10	ENFERMEDAD	407	424	lesiones faciales	121000119106	EXACT
es-S0365-66912004000800009-1	T11	ENFERMEDAD	697	727	mancha hipopigmentada en tórax	23006000	NARROW
es-S0365-66912004000800009-1	T12	ENFERMEDAD	732	780	párpado inferior izquierdo presenta dos lesiones	402700001	NARROW
es-S1137-66272010000400007-1	T5	ENFERMEDAD	3049	3074	exposición a nefrotóxicos	425400000	NARROW
es-S1887-85712012000400006-1	T1	ENFERMEDAD	1643	1692	asa de intestino delgado estrangulada y necrosada	49286008	EXACT
es-S1887-85712012000400006-1	T2	ENFERMEDAD	890	922	suboclusión de intestino delgado	281255004	EXACT
es-S1887-85712012000400006-1	T4	ENFERMEDAD	1442	1472	oclusión intestinal por bridas	67766009	EXACT
es-S1887-85712012000400006-1	T5	ENFERMEDAD	1051	1069	torsión intestinal	675003	EXACT
es-S1887-85712012000400006-1	T6	ENFERMEDAD	459	503	cicatriz de laparotomía media infraumbilical	422411000	NARROW
es-S1887-85712012000400006-1	T8	ENFERMEDAD	2796	2834	obstrucción y estrangulación del ileon	30074005	NARROW
es-S1887-85712012000400006-1	T9	ENFERMEDAD	2843	2915	hernia interna a través de la hoja derecha del ligamento ancho del útero	30477007	NARROW
es-S1887-85712012000400006-1	T10	ENFERMEDAD	2979	2994	ileon necrosado	95536006	EXACT
es-S1887-85712012000400006-1	T12	ENFERMEDAD	2186	2196	herniación	14778003	EXACT
es-S0210-56912008000400007-3	T1	ENFERMEDAD	761	779	pericarditis aguda	15555002	EXACT
es-S0212-16112013000400053-1	T1	ENFERMEDAD	34	71	neoplasia gástrica antral estenosante	363349007	NARROW
es-S1137-66272012000100017-1	T1	ENFERMEDAD	171	199	enfermedad de Graves-Basedow	353295004	EXACT
es-S1137-66272012000100017-1	T2	ENFERMEDAD	406	411	bocio	3716002	EXACT
es-S1139-76322014000100006-1	T1	ENFERMEDAD	121	150	lesión en el dorso de la mano	118933004	NARROW
es-S1139-76322014000100006-1	T2	ENFERMEDAD	466	477	mastocitoma	404171008	EXACT
es-S1699-65852007000300003-1	T2	ENFERMEDAD	353	375	canino superior caduco	21644001	NARROW
es-S1699-65852007000300003-1	T4	ENFERMEDAD	816	847	diastemas en el sector anterior	734013007	EXACT
es-S1699-65852007000300003-1	T5	ENFERMEDAD	690	763	ausencia del segundo premolar superior derecho y el primer molar inferior	109673006	NARROW
es-S1699-65852007000300003-1	T6	ENFERMEDAD	1420	1429	diastemas	734009000	EXACT
es-S0210-48062009000300013-1	T7	ENFERMEDAD	988	1008	hematoma subcapsular	35566002	NARROW
es-S0213-12852003000500002-1	T1	ENFERMEDAD	250	269	artrosis mandibular	41888000	NARROW
es-S0213-12852003000500002-1	T4	ENFERMEDAD	1626	1686	artrosis leve en la articulación temporomandibular izquierda	15686121000119109	NARROW
es-S0213-12852003000500002-1	T6	ENFERMEDAD	2430	2467	lesión severa en dos vasos coronarios	194843003	NARROW
es-S0213-12852003000500002-1	T7	ENFERMEDAD	2557	2572	angor inestable	4557003	EXACT
es-S0213-12852003000500002-1	T8	ENFERMEDAD	2590	2627	lesión severa de dos vasos coronarios	194843003	NARROW
es-S0213-12852003000500002-1	T11	ENFERMEDAD	486	489	DTM	41888000	EXACT
es-S0004-06142007000900010-1	T2	ENFERMEDAD	196	230	herida de bala en el muslo derecho	262574004	NARROW
es-S0004-06142007000900010-1	T4	ENFERMEDAD	454	503	bala situada a la altura de la sínfisis del pubis	125670008	NARROW
es-S0004-06142007000900010-1	T5	ENFERMEDAD	498	549	pubis, así como una fractura de la rama descendente	301033000	NARROW
es-S0004-06142007000900010-1	T6	ENFERMEDAD	1125	1143	perforación rectal	10825001	EXACT
es-S0004-06142007000900010-1	T9	ENFERMEDAD	2090	2105	orificio rectal	10825001	EXACT
es-S1130-14732006000400005-1	T2	ENFERMEDAD	1379	1455	lesión cortico-subcortical frontal derecha sugestiva de glioma de alto grado	276826005	NARROW
es-S1130-14732006000400005-1	T7	ENFERMEDAD	400	421	glioblastoma cerebral	276828006	EXACT
es-S1130-14732006000400005-1	T8	ENFERMEDAD	499	565	proceso expansivo intraaxial córtico-subcortical frontal izquierdo	126953009	NARROW
es-S1130-14732006000400005-1	T10	ENFERMEDAD	669	743	glioma de alto grado, localizado en región hemisférico premotora izquierda	276826005	NARROW
es-S0376-78922009000400011-1	T1	ENFERMEDAD	598	626	infección de tejidos blandos	95880003	EXACT
es-S0376-78922009000400011-1	T2	ENFERMEDAD	396	477	lesión muy dolorosa, profunda, a nivel de la región posterior del maléolo interno	308902007	NARROW
es-S0376-78922009000400011-1	T3	ENFERMEDAD	53	114	picadura de raya a nivel de la superficie interna del tobillo	242598001	NARROW
es-S0376-78922009000400011-1	T6	ENFERMEDAD	482	518	pie derecho, con necrosis de la piel	95347000	NARROW
es-S0004-06142008000400013-1	T2	ENFERMEDAD	1078	1104	carcinoma ovárico primario	254849005	EXACT
es-S0004-06142008000400013-1	T4	ENFERMEDAD	1339	1391	metástasis de carcinoma de células renales en ovario	94455000	NARROW
es-S0004-06142008000400013-1	T6	ENFERMEDAD	414	440	carcinoma ovárico primario	254849005	EXACT
es-S0004-06142008000400013-1	T7	ENFERMEDAD	861	914	anejo izquierdo presentaba una lesión sólido-quística	97171000119100	NARROW
es-S1130-01082009000400015-1	T3	ENFERMEDAD	496	609	formación quística de paredes finas y morfología tubular ocupando desde hipocondrio izquierdo hasta vacío derecho	446064000	NARROW
es-S1130-01082009000400015-1	T5	ENFERMEDAD	390	416	vesícula biliar distendida	300344005	EXACT
es-S1130-01082007001200014-1	T1	ENFERMEDAD	921	1043	arterias de pequeño calibre, arteriolas y capilares alveolares de los pulmones se identificaron numerosos émbolos biliares	266259002	NARROW
es-S1130-01082007001200014-1	T4	ENFERMEDAD	1832	1848	embolismo biliar	55584005	NARROW
es-S1130-01082007001200014-1	T8	ENFERMEDAD	481	548	cálculo biliar (4,5 x 2,5 cm) impactado en el cuello de la vesícula	59771005	NARROW
es-S1130-01082007001200014-1	T9	ENFERMEDAD	1103	1211	émbolos biliares en el hígado (sinusoides y venas portales), en la mucosa de la vesícula biliar y en el bazo	55584005	NARROW
es-S1130-01082007001200014-1	T15	ENFERMEDAD	1435	1464	necrosis focal de hepatocitos	55294001	EXACT
es-S1130-01082007001200014-1	T16	ENFERMEDAD	1466	1506	leucocitosis en los sinusoides hepáticos	111583006	NARROW
es-S1130-01082007001200014-1	T17	ENFERMEDAD	1466	1552	leucocitosis en los sinusoides hepáticos y en los pequeños vasos sanguíneos del pulmón	111583006	NARROW
es-S1130-01082007001200014-1	T19	ENFERMEDAD	1656	1679	colecistitis gangrenosa	72533002	EXACT
es-S0365-66912005001100009-1	T1	ENFERMEDAD	43	47	GCCA	33647009	EXACT
es-S0365-66912005001100009-1	T3	ENFERMEDAD	218	234	catarata nuclear	53889007	EXACT
es-S0365-66912005001100009-1	T4	ENFERMEDAD	556	571	bloqueo pupilar	384675002	EXACT
es-S0365-66912005001100009-1	T5	ENFERMEDAD	667	683	glaucoma maligno	10100008	EXACT
es-S0210-48062009000600012-1	T1	ENFERMEDAD	3253	3281	Linfoma No Hodgkin folicular	308121000	EXACT
es-S0210-48062009000600012-1	T2	ENFERMEDAD	2605	2654	Linfoma difuso de células pequeñas- medias tipo b	64575004	EXACT
es-S0210-48062009000600012-1	T6	ENFERMEDAD	1683	1721	alteraciones de la coagulación por RTU	234466008	NARROW
es-S0210-48062009000600012-1	T7	ENFERMEDAD	280	345	hemorragia digestiva secundaria a un ulcus duodenal por H. Pylori	27281001	NARROW
es-S0210-48062009000600012-1	T10	ENFERMEDAD	2922	2962	adenopatía paratraqueal inferior derecha	23794001	NARROW
es-S0210-48062009000600012-1	T12	ENFERMEDAD	3026	3077	adenopatías mediastínicas (paratraqueales derechas)	23794001	NARROW
es-S0210-48062009000600012-1	T13	ENFERMEDAD	1434	1463	Hiperplasia Linfoide reactiva	128863005	NARROW
es-S0210-48062009000600012-1	T14	ENFERMEDAD	518	533	fiebre tifoidea	4834000	EXACT
es-S0210-48062009000600012-1	T15	ENFERMEDAD	535	554	síndrome prostático	11441004	EXACT
es-S0210-48062009000600012-1	T18	ENFERMEDAD	656	694	síndrome de apnea obstructiva de sueño	78275009	EXACT
es-S0210-48062009000600012-1	T19	ENFERMEDAD	2172	2204	tumor neuroectodérmico primitivo	699028006	EXACT
es-S0210-48062009000600012-1	T22	ENFERMEDAD	2371	2390	linfomas no Hodgkin	118601006	EXACT
es-S0210-48062009000600012-1	T24	ENFERMEDAD	2488	2498	linfomas B	109979007	EXACT
es-S0210-48062009000600012-1	T25	ENFERMEDAD	2542	2562	linfomas foliculares	109979007	NARROW
es-S0210-48062009000600012-1	T26	ENFERMEDAD	2131	2165	ca. de células pequeñas anaplásico	74364000	NARROW
es-S1135-76062013000100008-1	T5	ENFERMEDAD	875	911	dilatación del estómago y el duodeno	735499005	NARROW
es-S0365-66912008000700010-1	T2	ENFERMEDAD	48	68	MNO primario del ojo	388871003	EXACT
es-S0365-66912008000700010-1	T5	ENFERMEDAD	1439	1457	diplopía binocular	246655008	EXACT
es-S0365-66912008000700010-1	T6	ENFERMEDAD	625	639	MNO intraconal	254978007	NARROW
es-S0365-66912008000700010-1	T7	ENFERMEDAD	278	296	diplopía binocular	246655008	EXACT
es-S1134-80462014000300009-1	T1	ENFERMEDAD	89	106	dolor neuropático	247398009	EXACT
es-S0365-66912005001100010-2	T1	ENFERMEDAD	55	96	cataratas nucleares grado 3 en ambos ojos	53889007	NARROW
es-S0365-66912005001100010-2	T2	ENFERMEDAD	127	142	pterigión nasal	77489003	NARROW
es-S0365-66912005001100010-2	T4	ENFERMEDAD	581	590	pterigión	77489003	EXACT
es-S0365-66912005001100010-2	T5	ENFERMEDAD	626	640	lesión corneal	63725005	EXACT
es-S0210-48062006000400012-1	T4	ENFERMEDAD	3600	3630	neoplasia intratubular seminal	713646001	NARROW
es-S1135-76062005000100002-1	T7	ENFERMEDAD	4569	4603	placas seniles por toda la corteza	128128003	NARROW
es-S1135-76062005000100002-1	T9	ENFERMEDAD	4605	4658	microcalcificaciones en ganglios basales e hipocampos	230311004	NARROW
es-S1135-76062005000100002-1	T10	ENFERMEDAD	1377	1388	contusiones	373600006	EXACT
es-S1135-76062005000100002-1	T11	ENFERMEDAD	161	180	valvulopatía mitral	11851006	EXACT
es-S1135-76062005000100002-1	T12	ENFERMEDAD	195	224	flutter auricular paroxístico	427665004	EXACT
es-S1135-76062005000100002-1	T13	ENFERMEDAD	4662	4732	neuronas con degeneración granulovacuolar y neurofibrilar en hipocampo	418143002	NARROW
es-S1135-76062005000100002-1	T14	ENFERMEDAD	1858	1946	placas de ateroma calcificadas en arterias coronarias descendente anterior y circunfleja	67682002	NARROW
es-S1135-76062005000100002-1	T16	ENFERMEDAD	5493	5519	traumatismo frontoparietal	127295002	NARROW
es-S1135-76062005000100002-1	T18	ENFERMEDAD	1481	1539	herida suturada con cuatro puntos en región ciliar derecha	210343008	NARROW
es-S1135-76062005000100002-1	T22	ENFERMEDAD	1550	1561	contusiones	373600006	EXACT
es-S1135-76062005000100002-1	T27	ENFERMEDAD	2483	2516	herniación transtentorial derecho	230756008	NARROW
es-S1135-76062005000100002-1	T29	ENFERMEDAD	2519	2544	hemorragia en mesencéfalo	95454007	NARROW
es-S1135-76062005000100002-1	T30	ENFERMEDAD	2070	2101	calcificación del anillo mitral	251002009	EXACT
es-S1135-76062005000100002-1	T31	ENFERMEDAD	907	996	"HSD crónico con resangrado"" que abarca las regiones frontal, temporal y parietal derechas"	304831001	NARROW
es-S1135-76062005000100002-1	T34	ENFERMEDAD	998	1038	herniación supracallosa y transtentorial	230756008	EXACT
es-S1135-76062005000100002-1	T37	ENFERMEDAD	2812	2877	colapso del ventrículo lateral derecho y dilatación del izquierdo	277476007	NARROW
es-S1135-76062005000100002-1	T38	ENFERMEDAD	2905	3018	focos de hemorragia en sustancia blanca frontal derecha, cuerpo calloso, tálamo derecho y corteza frontal derecha	449020009	NARROW
es-S1135-76062005000100002-1	T39	ENFERMEDAD	3023	3061	mesencéfalo muestra extensa hemorragia	95454007	NARROW
es-S1135-76062005000100002-1	T40	ENFERMEDAD	3167	3241	focos de hemorragia en el suelo del IV ventrículo y pedúnculos cerebelosos	449020009	NARROW
es-S1135-76062005000100002-1	T42	ENFERMEDAD	436	467	herida contusa en región ciliar	38372004	NARROW
es-S1135-76062005000100002-1	T43	ENFERMEDAD	2879	2902	herniación supracallosa	230756008	EXACT
es-S1135-76062005000100002-1	T46	ENFERMEDAD	685	695	anisocoria	404693002	EXACT
es-S1135-76062005000100002-1	T47	ENFERMEDAD	832	842	anisocoria	404693002	EXACT
es-S0004-06142007000900012-1	T2	ENFERMEDAD	98	124	fractura de tibia y peroné	414293001	EXACT
es-S0004-06142007000900012-1	T7	ENFERMEDAD	509	542	dilatación de vía renal excretora	363083009	NARROW
es-S0365-66912007000200011-1	T1	ENFERMEDAD	1221	1225	DFVA	232049001	EXACT
es-S0365-66912007000200011-1	T2	ENFERMEDAD	274	321	ptisis bulbi debido a un antecedente traumático	4229009	NARROW
es-S0365-66912007000200011-1	T4	ENFERMEDAD	538	584	lesión viteliforme sobreelevada en área foveal	90036004	NARROW
es-S0365-66912004001200010-2	T4	ENFERMEDAD	1210	1261	hemorragia masiva en el hemisferio cerebral derecho	73020009	NARROW
es-S1130-14732005000600009-1	T1	ENFERMEDAD	620	645	hernia inguinal bilateral	85502002	EXACT
es-S1130-14732005000600009-1	T2	ENFERMEDAD	1022	1043	malformación vascular	783806000	EXACT
es-S1130-14732005000600009-1	T3	ENFERMEDAD	872	893	quiste sinovial L2-L3	427518000	NARROW
es-S0365-66912010000700004-1	T5	ENFERMEDAD	404	434	edema macular bilateral difuso	15639231000119102	EXACT
es-S0378-48352004001000003-1	T1	ENFERMEDAD	1736	1763	fracaso hepático fulminante	235884008	EXACT
es-S0378-48352004001000003-1	T4	ENFERMEDAD	1560	1594	hepatitis aguda de etiología viral	57412004	EXACT
es-S0378-48352004001000003-1	T6	ENFERMEDAD	1873	1894	hepatitis aguda viral	57412004	EXACT
es-S0378-48352004001000003-1	T9	ENFERMEDAD	303	329	quiste hidotídico pulmonar	721822004	NARROW
es-S0378-48352004001000003-1	T10	ENFERMEDAD	427	452	isquemia arterial crónica	233957006	NARROW
es-S0378-48352004001000003-1	T11	ENFERMEDAD	455	483	aneurisma en aorta abdominal	233985008	EXACT
es-S1887-85712014000100005-1	T1	ENFERMEDAD	562	588	paresia del IV par craneal	20610004	NARROW
es-S1887-85712014000100005-1	T8	ENFERMEDAD	1673	1766	lesiones isquémicas agudas de localización paramedial en ambos tálamos y mesencéfalo anterior	16218291000119100	NARROW
es-S1887-85712014000100005-1	T9	ENFERMEDAD	1784	1822	obstrucción de la arteria de Percheron	427296003	NARROW
es-S1139-76322016000400018-1	T1	ENFERMEDAD	410	442	estenosis hipertrófica de píloro	48644003	EXACT
es-S1139-76322016000400018-1	T2	ENFERMEDAD	1181	1227	intubación operatoria y el edema postraumático	398080000	NARROW
es-S1139-76322016000400018-1	T3	ENFERMEDAD	2468	2489	malformación vascular	783806000	EXACT
es-S1139-76322016000400018-1	T4	ENFERMEDAD	2653	2680	doble arco aórtico completo	10451007	NARROW
es-S1139-76322016000400018-1	T6	ENFERMEDAD	484	504	alcalosis metabólica	1388004	EXACT
es-S0376-78922015000400012-1	T1	ENFERMEDAD	475	516	fractura de la apófisis estiloides radial	281527002	EXACT
es-S0376-78922015000400012-1	T2	ENFERMEDAD	522	550	fractura del hueso semilunar	2012002	EXACT
es-S0376-78922015000400012-1	T3	ENFERMEDAD	557	610	luxación a través del trazo de fractura del semilunar	263082000	EXACT
es-S0376-78922015000400012-1	T4	ENFERMEDAD	1098	1158	fractura del hueso semilunar era coronal-oblicuo y conminuto	2012002	NARROW
es-S0376-78922015000400012-1	T5	ENFERMEDAD	818	871	fractura-luxación transestiloidesradial-transemilunar	281516004	EXACT
es-S0004-06142008000400011-2	T1	ENFERMEDAD	732	781	linfoma testicular difuso de célula grande tipo B	277664004	NARROW
es-S0004-06142008000400011-2	T2	ENFERMEDAD	112	159	carcinoma de próstata medianamente diferenciado	254900004	NARROW
es-S1130-01082009000200012-1	T3	ENFERMEDAD	387	405	heces calcificadas	53619000	NARROW
es-S1130-01082009000200012-1	T4	ENFERMEDAD	549	571	peritonitis fecaloidea	235985005	EXACT
es-S1130-01082009000200012-1	T7	ENFERMEDAD	740	790	perforación a nivel del ángulo esplénico del colon	50257008	NARROW
es-S1130-01082008000800009-1	T1	ENFERMEDAD	38	59	neoplasia de próstata	126906006	EXACT
es-S1130-01082008000800009-1	T3	ENFERMEDAD	1412	1490	segmento de intestino delgado con una disección de su pared por gas intramural	721656007	NARROW
es-S1130-01082008000800009-1	T10	ENFERMEDAD	297	310	neumoconiosis	40122008	EXACT
es-S1137-66272014000100019-1	T2	ENFERMEDAD	866	884	anomalía congénita	66091009	EXACT
es-S1137-66272014000100019-1	T3	ENFERMEDAD	999	1030	hamartoma quístico retrorrectal	721693001	NARROW
es-S1137-66272014000100019-1	T6	ENFERMEDAD	1676	1679	HQR	254594009	NARROW
es-S1137-66272014000100019-1	T7	ENFERMEDAD	1032	1035	HQR	254594009	NARROW
es-S1134-80462009000100005-1	T1	ENFERMEDAD	61	99	arteriopatía por enfermedad de Buerger	52403007	EXACT
es-S1134-80462009000100005-1	T2	ENFERMEDAD	803	819	patología álgica	373673007	EXACT
es-S0365-66912006000100008-1	T1	ENFERMEDAD	55	79	neurofibromatosis tipo 1	92824003	EXACT
es-S0365-66912006000100008-1	T2	ENFERMEDAD	823	847	glioma del nervio óptico	254976006	EXACT
es-S1130-05582008000400004-1	T3	ENFERMEDAD	125	151	tumor primario desconocido	310504009	EXACT
es-S1130-05582008000400004-1	T4	ENFERMEDAD	1082	1131	carcinoma infiltrante de la paratiroides inferior	255037004	NARROW
es-S1130-05582008000400004-1	T6	ENFERMEDAD	420	448	osteoartropatía hipertrófica	203357004	EXACT
es-S0210-48062003000900009-1	T9	ENFERMEDAD	665	702	carcinoma de células renales quístico	733603009	EXACT
es-S0365-66912004001000008-1	T1	ENFERMEDAD	82	114	lesión pigmentada en iris de ojo	117831000119104	NARROW
es-S0365-66912004001000008-1	T2	ENFERMEDAD	193	219	miopía media en ambos ojos	345061000119109	NARROW
es-S0365-66912004001000008-1	T3	ENFERMEDAD	1138	1167	melanocitoma de cuerpo ciliar	126998003	NARROW
es-S0365-66912004001000008-1	T4	ENFERMEDAD	1370	1415	erosión corneal por uso de lentes de contacto	50792001	NARROW
es-S0365-66912004001000008-1	T5	ENFERMEDAD	1620	1647	glaucoma melanocitomalítico	788947003	NARROW
es-S0365-66912004001000008-1	T7	ENFERMEDAD	1441	1458	inflamación en CA	246992005	EXACT
es-S0365-66912004001000008-1	T9	ENFERMEDAD	2082	2094	melanocitoma	26325004	EXACT
es-S0378-48352005000100005-2	T4	ENFERMEDAD	1132	1158	adenopatía supraclavicular	127088000	EXACT
es-S0365-66912012000500003-1	T2	ENFERMEDAD	1396	1427	escleritis posterior idiopática	267660007	NARROW
es-S0365-66912012000500003-1	T4	ENFERMEDAD	1433	1504	hipertensión ocular secundaria al tratamiento farmacológico corticoideo	1654001	EXACT
es-S1138-123X2006000200007-1	T1	ENFERMEDAD	44	66	enfermedad periodontal	2556008	EXACT
es-S1138-123X2006000200007-1	T2	ENFERMEDAD	1216	1270	diapneusia antiestética en la comisura labial inferior	90678009	NARROW
es-S1137-66272016000200010-1	T2	ENFERMEDAD	409	441	lesión ulcerada a nivel de ciego	16101002	EXACT
es-S1130-01082007001100010-2	T1	ENFERMEDAD	17	34	cirrótico enólico	420054005	EXACT
es-S1130-01082007001100010-2	T3	ENFERMEDAD	782	801	shunt espleno-renal	67307004	NARROW
es-S1130-01082007001100010-2	T7	ENFERMEDAD	520	597	circulación colateral asociada a una derivación porto-sistémica espleno-renal	56073001	NARROW
es-S1130-01082007001100010-2	T9	ENFERMEDAD	274	307	peripancreático un vaso colateral	56073001	NARROW
es-S0212-71992004000300009-1	T11	ENFERMEDAD	2110	2149	linfadenitis necrotizante histiocitaria	127217009	EXACT
es-S0212-71992004000300009-1	T12	ENFERMEDAD	2152	2182	enfermedad de Kikuchi-Fujimoto	127217009	EXACT
es-S1130-01082009000200016-1	T2	ENFERMEDAD	1180	1207	apendicitis crónica fibrosa	58997001	NARROW
es-S1130-01082009000200016-1	T3	ENFERMEDAD	1075	1095	hiperplasia linfoide	128863005	EXACT
es-S1130-01082009000200016-1	T5	ENFERMEDAD	495	528	bario en el interior del apéndice	18526009	NARROW
es-S0212-71992005001100007-1	T4	ENFERMEDAD	2719	2735	mieloma múltiple	109989006	EXACT
es-S0212-71992005001100007-1	T5	ENFERMEDAD	2751	2791	leucemia de células plasmáticas primaria	95210003	EXACT
es-S0212-71992005001100007-1	T6	ENFERMEDAD	2570	2597	adenopatías intrabdominales	128235003	EXACT
es-S0212-71992005001100007-1	T7	ENFERMEDAD	120	159	reumatismo poliarticular en la infancia	396332003	NARROW
es-S0365-66912007000900010-1	T1	ENFERMEDAD	110	133	melanoma de la coroides	255021005	EXACT
es-S0365-66912007000900010-1	T2	ENFERMEDAD	2089	2117	escleritis posterior gigante	267660007	NARROW
es-S0365-66912007000900010-1	T3	ENFERMEDAD	1585	1596	toxocarosis	406619001	EXACT
es-S0365-66912007000900010-1	T4	ENFERMEDAD	2221	2245	escleritis granulomatosa	231876002	EXACT
es-S0365-66912007000900010-1	T6	ENFERMEDAD	2773	2787	espasmo ciliar	95715007	EXACT
es-S0365-66912007000900010-1	T9	ENFERMEDAD	1124	1142	pliegues coroideos	231998005	EXACT
es-S0365-66912007000900010-1	T12	ENFERMEDAD	1182	1207	red vascular intratumoral	399507002	EXACT
es-S1698-44472004000200012-1	T1	ENFERMEDAD	1076	1102	fibroma cemento-osificante	189899000	NARROW
es-S1130-05582013000400005-1	T1	ENFERMEDAD	1762	1801	melanoma mucoso epitelioide infiltrante	783736003	NARROW
es-S1130-05582013000400005-1	T2	ENFERMEDAD	1815	1831	melanoma in situ	127330008	EXACT
es-S1130-05582013000400005-1	T3	ENFERMEDAD	769	795	hemorragia intraoperatoria	213261000	EXACT
es-S1130-05582013000400005-1	T5	ENFERMEDAD	289	305	melanoma nodular	2142002	EXACT
es-S1130-05582013000400005-1	T8	ENFERMEDAD	1620	1669	parálisis del nervio motor ocular común izquierdo	60750009	NARROW
es-S1130-05582013000400005-1	T11	ENFERMEDAD	1257	1302	tumor que se originaba en el cornete inferior	126674007	NARROW
es-S0212-71992000001200006-1	T1	ENFERMEDAD	1778	1795	retinitis por CMV	22455005	EXACT
es-S0212-71992000001200006-1	T3	ENFERMEDAD	172	195	desgarro del canal anal	282077009	EXACT
es-S0212-71992000001200006-1	T6	ENFERMEDAD	2703	2725	toxoplasmosis cerebral	192701001	EXACT
es-S0212-71992000001200006-1	T11	ENFERMEDAD	2102	2180	cápsula interna y ganglios basales izquierdos, con importante edema vasogénico	230759001	NARROW
S0004-06142006000900015-1	T7	ENFERMEDAD	1309	1351	implantes peritoneales y retroperitoneales	188445006	EXACT
S0004-06142006000900015-1	T8	ENFERMEDAD	1422	1463	carcinoma de células claras de alto grado	30546008	NARROW
es-S0376-78922009000400002-2	T2	ENFERMEDAD	239	254	infección local	10443009	EXACT
es-S0376-78922009000100005-1	T1	ENFERMEDAD	46	90	lesión por aplastamiento en miembro superior	9560007	EXACT
es-S0376-78922009000100005-1	T2	ENFERMEDAD	222	306	trombosis de las anastomosis de revascularización radial y cubital a nivel del carpo	234194005	NARROW
es-S0365-66912009001100005-3	T1	ENFERMEDAD	75	99	neurofibromatosis tipo 1	92824003	EXACT
es-S0365-66912009001100005-3	T3	ENFERMEDAD	433	494	glioma del NO en su porción intracanalicular e intraorbitaria	414950005	NARROW
es-S0365-66912009001100005-3	T4	ENFERMEDAD	531	555	neurofibromatosis tipo 1	92824003	EXACT
es-S0365-66912009001100005-3	T6	ENFERMEDAD	816	831	gliomas ópticos	254976006	EXACT
es-S0365-66912009001100005-3	T8	ENFERMEDAD	155	189	manchas café con leche diseminadas	201281002	NARROW
es-S1130-05582014000400006-2	T3	ENFERMEDAD	1187	1200	mediastinitos	47597000	EXACT
es-S1139-76322013000200009-1	T2	ENFERMEDAD	596	602	ataxia	20262006	EXACT
es-S0213-12852013000400006-1	T2	ENFERMEDAD	744	782	vértigo en respuesta al sonido intenso	399153001	NARROW
es-S0213-12852013000400006-1	T3	ENFERMEDAD	1133	1184	dehiscencia del canal semicircular superior derecho	717799003	NARROW
es-S0213-12852013000400006-1	T6	ENFERMEDAD	784	802	fenómeno de Tullio	278469000	EXACT
es-S1888-75462016000400180-1	T1	ENFERMEDAD	218	255	fractura de tercio medio de clavícula	41972004	NARROW
es-S1888-75462016000400180-1	T2	ENFERMEDAD	266	346	fractura de arcos costales derechos producidos en accidente con caída en calzada	1261007	NARROW
es-S1888-75462016000400180-1	T3	ENFERMEDAD	2113	2134	fractura de clavícula	58150001	EXACT
es-S1888-75462016000400180-1	T4	ENFERMEDAD	640	691	fractura de arcos costales derechos cuarto y quinto	31693001	NARROW
es-S1888-75462016000400180-1	T6	ENFERMEDAD	1743	1834	compresión de la rama cubital del nervio cutáneo braquial medial a nivel del hiato basílico	84116009	NARROW
es-S1888-75462016000400180-1	T9	ENFERMEDAD	736	776	fractura de tercio medio de la clavícula	58150001	NARROW
es-S1888-75462016000400180-1	T12	ENFERMEDAD	2171	2188	venas trombosadas	111293003	EXACT
es-S0213-12852007000100002-1	T1	ENFERMEDAD	590	631	inclusión parcial mucosa del elemento 2.8	109544003	NARROW
es-S0213-12852007000100002-1	T2	ENFERMEDAD	1116	1140	ameloblastoma plexiforme	278397007	EXACT
es-S0213-12852007000100002-1	T3	ENFERMEDAD	1760	1784	ameloblastoma plexiforme	278397007	EXACT
es-S0210-48062006000900012-2	T4	ENFERMEDAD	1644	1663	diarrea persistente	236071009	EXACT
es-S1130-01082007000400010-1	T4	ENFERMEDAD	164	175	esteatorrea	66187002	EXACT
es-S1130-01082007000400010-1	T5	ENFERMEDAD	2639	2653	tumor duodenal	126833009	EXACT
es-S1130-01082007000400010-1	T6	ENFERMEDAD	2726	2752	adenocarcinoma pancreático	700423003	EXACT
es-S1130-01082007000400010-1	T7	ENFERMEDAD	2290	2314	infiltrar pared duodenal	94275007	EXACT
es-S1130-01082007000400010-1	T8	ENFERMEDAD	763	779	hepatitis vírica	3738000	EXACT
es-S1130-01082007000400010-1	T9	ENFERMEDAD	977	1006	vesícula biliar era hidrópica	47312008	EXACT
es-S1130-01082007000400010-1	T13	ENFERMEDAD	1325	1333	ampuloma	126858004	EXACT
es-S0210-56912011000200009-1	T1	ENFERMEDAD	44	69	herpes recurrente en boca	235057006	EXACT
es-S0210-56912011000200009-1	T3	ENFERMEDAD	1046	1076	inmunosupresión asociada a VIH	68605000	NARROW
es-S0210-56912011000200009-1	T5	ENFERMEDAD	245	279	recurrencia de la lesión herpética	37323009	EXACT
es-S1130-05582008000400004-5	T10	ENFERMEDAD	720	740	fibromas osificantes	424568000	NARROW
es-S0376-78922011000100010-1	T1	ENFERMEDAD	111	129	amenorrea primaria	156035004	EXACT
es-S0376-78922011000100010-1	T2	ENFERMEDAD	1045	1087	Síndrome de Mayer-Rokitansky-Kuster-Hauser	717705004	EXACT
es-S0376-78922011000100010-1	T3	ENFERMEDAD	214	232	ausencia de vagina	87380008	EXACT
es-S0376-78922011000100010-1	T4	ENFERMEDAD	275	289	útero aplásico	17142008	EXACT
es-S0376-78922011000100010-1	T7	ENFERMEDAD	2867	2884	estenosis vaginal	57829009	EXACT
es-S0376-78922011000100010-1	T8	ENFERMEDAD	584	601	escoliosis lumbar	298591003	EXACT
es-S0376-78922011000100010-1	T9	ENFERMEDAD	612	640	asimetría de crestas ilíacas	299661006	NARROW
es-S1137-66272013000100023-1	T2	ENFERMEDAD	329	346	neoplasia de mama	126926005	EXACT
es-S1137-66272013000100023-1	T7	ENFERMEDAD	2746	2784	complicación vascular a nivel torácico	373434004	EXACT
es-S1137-66272013000100023-1	T8	ENFERMEDAD	2927	2959	hematoma en mediastino posterior	22625005	NARROW
es-S1137-66272013000100023-1	T9	ENFERMEDAD	3015	3066	dilatación pseudoaneurismática de arteria bronquial	22036004	NARROW
es-S1134-80462005000300004-1	T2	ENFERMEDAD	1978	2002	fracturó ambos calcáneos	263247007	NARROW
es-S1134-80462005000300004-1	T6	ENFERMEDAD	2134	2155	fractura de calcáneos	263247007	EXACT
es-S1134-80462005000300004-1	T7	ENFERMEDAD	3720	3764	pérdida de un total de diez piezas dentarias	109673006	NARROW
es-S1134-80462005000300004-1	T9	ENFERMEDAD	2177	2221	distrofia simpático-refleja de ambas piernas	293951000119107	EXACT
es-S1134-80462005000300004-1	T16	ENFERMEDAD	655	675	inestabilidad lumbar	202824000	EXACT
es-S1134-80462005000300004-1	T17	ENFERMEDAD	1008	1040	fibrosis epidural postquirúrgica	95403007	NARROW
es-S1134-80462005000300004-1	T18	ENFERMEDAD	1043	1068	síndrome postlaminectomía	27151001	EXACT
es-S0210-48062009000200019-1	T1	ENFERMEDAD	1059	1084	quiste de uraco infectado	17234001	NARROW
es-S0210-48062009000200019-1	T7	ENFERMEDAD	697	719	absceso en hipogastrio	79560005	NARROW
es-S0210-48062009000200019-1	T8	ENFERMEDAD	2652	2684	muerte súbita de origen cardíaco	95281009	EXACT
es-S1889-836X2015000400006-1	T3	ENFERMEDAD	1519	1552	osteomalacia, en relación con TDF	240165007	NARROW
es-S1889-836X2015000400006-1	T5	ENFERMEDAD	992	1010	hiperglucemia leve	80394007	NARROW
es-S1889-836X2015000400006-1	T6	ENFERMEDAD	1049	1063	hipofosfatemia	4996001	EXACT
es-S1889-836X2015000400006-1	T7	ENFERMEDAD	607	646	columna que mostró signos degenerativos	762305005	EXACT
es-S1889-836X2015000400006-1	T8	ENFERMEDAD	1210	1232	aminoaciduria moderada	35912001	NARROW
es-S1889-836X2015000400006-1	T9	ENFERMEDAD	1099	1111	hipouricemia	4519003	EXACT
es-S0004-06142008000400016-1	T1	ENFERMEDAD	761	788	dorso del glande una lesión	249250005	NARROW
es-S0004-06142008000400016-1	T3	ENFERMEDAD	119	140	carcinoma de próstata	254900004	EXACT
es-S0004-06142008000400016-1	T4	ENFERMEDAD	1512	1520	melanoma	399956005	NARROW
es-S0004-06142008000400016-1	T7	ENFERMEDAD	471	518	lesión exofítica no dolorosa a nivel del glande	110015006	NARROW
es-S0004-06142008000400016-1	T8	ENFERMEDAD	2003	2011	melanoma	399956005	NARROW
es-S1130-14732005000300004-1	T4	ENFERMEDAD	704	719	neuralgia de C2	25416002	NARROW
es-S1130-14732005000300004-1	T7	ENFERMEDAD	1139	1218	lesión ocupante de espacio, que ocupa el foramen de conjunción derecho de C2-C3	128049000	NARROW
es-S1130-14732005000300004-1	T8	ENFERMEDAD	1864	1892	oclusión del flujo vertebral	43658003	EXACT
es-S1130-14732005000300004-1	T9	ENFERMEDAD	437	449	otitis aguda	3110003	EXACT
es-S1130-14732005000300004-1	T10	ENFERMEDAD	2762	2802	invasión del hemicuerpo derecho del axis	1157067003	NARROW
es-S1130-14732005000300004-1	T11	ENFERMEDAD	2807	2848	arteria vertebral se encuentra trombosada	64775002	EXACT
es-S0210-56912009000800006-3	T1	ENFERMEDAD	36	78	hemorragia cerebral, abierta a ventrículos	195168007	EXACT
es-S0210-56912009000800006-3	T2	ENFERMEDAD	278	304	edema pulmonar neurogénico	233705000	EXACT
es-S1698-44472004000400011-1	T1	ENFERMEDAD	1535	1604	odontoma compuesto con áreas de células ameloblásticas proliferativas	84983008	EXACT
es-S1698-44472004000400011-1	T2	ENFERMEDAD	96	159	retraso en la erupción de los incisivos inferiores y del canino	5639000	NARROW
es-S1698-44472004000400011-1	T3	ENFERMEDAD	360	375	epilepsia focal	230381009	EXACT
es-S1698-44472004000400011-1	T4	ENFERMEDAD	430	475	ausencia de los incisivos y canino inferiores	64969001	NARROW
es-S1698-44472004000400011-1	T5	ENFERMEDAD	686	711	lesión quística intraósea	203465002	EXACT
es-S0212-16112009000600018-1	T9	ENFERMEDAD	3353	3387	malnutrición proteicocalórica leve	238107002	NARROW
es-S1139-76322016000300016-2	T1	ENFERMEDAD	688	709	acidosis respiratoria	12326000	EXACT
es-S0004-06142008000300013-1	T1	ENFERMEDAD	1662	1680	ruptura del quiste	177418003	EXACT
es-S0004-06142008000300013-1	T7	ENFERMEDAD	271	283	quiste renal	77945009	EXACT
es-S0004-06142008000300013-1	T8	ENFERMEDAD	1363	1392	infección urinaria por E.Coli	301011002	EXACT
es-S0004-06142008000300013-1	T9	ENFERMEDAD	149	157	artrosis	396275006	EXACT
es-S0004-06142008000300013-1	T10	ENFERMEDAD	160	169	lumbalgia	279039007	EXACT
es-S0004-06142008000300013-1	T11	ENFERMEDAD	339	358	quiste renal simple	77945009	EXACT
es-S1130-01082010000700014-1	T2	ENFERMEDAD	75	96	dermatitis seborreica	50563003	EXACT
es-S1130-01082010000700014-1	T3	ENFERMEDAD	417	442	recto se observan úlceras	54609002	EXACT
es-S1130-01082010000700014-1	T4	ENFERMEDAD	1413	1441	gastroenteritis eosinofílica	359804008	EXACT
es-S1130-01082010000700014-1	T6	ENFERMEDAD	1608	1634	síndrome hipereosinofílico	393573009	EXACT
es-S1130-01082010000700014-1	T7	ENFERMEDAD	1802	1822	colitis eosinofílica	29120000	EXACT
es-S1130-01082010000700014-1	T9	ENFERMEDAD	1586	1605	patología endocrina	130994002	EXACT
es-S1130-01082007000700011-1	T8	ENFERMEDAD	509	574	componente epidermoide de la neoplasia moderadamente diferenciado	118286007	NARROW
es-S1130-01082007000700011-1	T10	ENFERMEDAD	1055	1112	lesión que afecta a todas las capas de la pared esofágica	126817006	NARROW
es-S1130-01082007000700011-1	T11	ENFERMEDAD	1424	1445	adenopatía subcarinal	127102003	NARROW
es-S1130-01082007000700011-1	T13	ENFERMEDAD	794	812	trayecto fistuloso	271766002	EXACT
es-S1137-66272009000500016-1	T2	ENFERMEDAD	131	163	hiperbilirrubinemia no conjugada	7752002	EXACT
es-S1137-66272009000500016-1	T4	ENFERMEDAD	247	264	status convulsivo	230456007	EXACT
es-S1137-66272009000500016-1	T8	ENFERMEDAD	2461	2476	crisis comicial	313307000	EXACT
es-S1137-66272009000500016-1	T9	ENFERMEDAD	2573	2609	trastorno del metabolismo de la urea	36444000	EXACT
es-S1137-66272009000500016-1	T14	ENFERMEDAD	3373	3408	déficit de ornitín transcarbamilasa	80908008	EXACT
es-S1137-66272009000500016-1	T15	ENFERMEDAD	1689	1698	trombosis	439127006	EXACT
es-S1137-66272009000500016-1	T16	ENFERMEDAD	1856	1865	trombosis	439127006	EXACT
es-S1137-66272009000500016-1	T19	ENFERMEDAD	650	664	hiperamoniemia	9360008	EXACT
es-S1139-76322016000300008-1	T1	ENFERMEDAD	700	718	granuloma residual	45647009	EXACT
es-S1139-76322016000300008-1	T2	ENFERMEDAD	809	823	ombligo húmedo	397320006	NARROW
es-S1139-76322016000300008-1	T3	ENFERMEDAD	1763	1788	quiste de uraco infectado	17234001	NARROW
es-S1139-76322016000300008-1	T4	ENFERMEDAD	649	661	onfalorrexis	289299005	EXACT
es-S0376-78922011000500012-1	T1	ENFERMEDAD	868	924	lesiones de pequeño tamaño en antebrazos, manos y muslos	725119006	NARROW
es-S0376-78922011000500012-1	T2	ENFERMEDAD	2597	2606	esfacelos	85982009	EXACT
es-S0376-78922011000500012-1	T3	ENFERMEDAD	112	132	sepsis por neumococo	448421008	EXACT
es-S0376-78922011000500012-1	T6	ENFERMEDAD	1423	1432	esfacelos	85982009	EXACT
es-S0376-78922011000500012-1	T7	ENFERMEDAD	1435	1442	escaras	409590008	EXACT
es-S0376-78922011000500012-1	T8	ENFERMEDAD	1026	1042	necrosis plantar	95347000	NARROW
es-S0376-78922011000500012-1	T9	ENFERMEDAD	1064	1091	escara en zona muda plantar	283064005	NARROW
es-S0376-78922011000500012-1	T10	ENFERMEDAD	1168	1210	necrosis seca de 3o, 4o y 5o dedos del pie	95347000	NARROW
es-S0376-78922011000500012-1	T11	ENFERMEDAD	1221	1237	úlcera pretibial	711168000	NARROW
es-S0376-78922011000500012-1	T15	ENFERMEDAD	784	803	lesiones necróticas	6574001	NARROW
es-S0376-78922011000500012-1	T16	ENFERMEDAD	2131	2140	esfacelos	85982009	EXACT
es-S0376-78922011000500012-1	T17	ENFERMEDAD	48	75	esplenectomía postraumática	234319005	NARROW
es-S1137-66272007000500016-1	T1	ENFERMEDAD	2138	2152	malformaciones	276655000	EXACT
es-S1137-66272007000500016-1	T2	ENFERMEDAD	46	135	artritis juvenil de 12 años de evolución que afecta a rodillas, tobillo derecho y 1ª MTCF	239796000	NARROW
es-S1137-66272007000500016-1	T3	ENFERMEDAD	688	704	artritis juvenil	239796000	EXACT
es-S1137-66272007000500016-1	T4	ENFERMEDAD	1747	1755	artritis	3723001	EXACT
es-S1137-66272007000500016-1	T9	ENFERMEDAD	1295	1329	brote oligoarticular incapacitante	11939005	NARROW
es-S1699-695X2015000200010-1	T2	ENFERMEDAD	1786	1808	deformidad de Madelung	4530000	EXACT
es-S1699-695X2015000200010-1	T3	ENFERMEDAD	1811	1844	luxación cubital distal bilateral	833335001	NARROW
es-S1699-695X2015000200010-1	T5	ENFERMEDAD	625	684	deformidad en la cara dorsal a nivel del estiloides cubital	288245007	NARROW
es-S0210-48062009000400015-2	T6	ENFERMEDAD	608	669	perforación de la pared vesical anterior por la esquirla ósea	262909002	NARROW
S0004-06142006000500002-2	T8	ENFERMEDAD	1474	1507	tumor de células de Leydig difuso	67871000119105	NARROW
es-S1130-01082005001200011-1	T1	ENFERMEDAD	3799	3817	mioclonia cortical	698835006	EXACT
es-S1130-01082005001200011-1	T4	ENFERMEDAD	100	115	diarrea crónica	236071009	EXACT
es-S1130-01082005001200011-1	T7	ENFERMEDAD	4058	4086	distonía en las extremidades	445006008	NARROW
es-S1130-05582015000400005-1	T1	ENFERMEDAD	1290	1314	sangrado transoperatorio	213261000	EXACT
es-S1130-05582015000400005-1	T2	ENFERMEDAD	783	794	macroglosia	25273001	EXACT
es-S1130-05582015000400005-1	T3	ENFERMEDAD	3099	3128	pérdida sensitiva o gustativa	697990000	EXACT
es-S1130-05582015000400005-1	T4	ENFERMEDAD	1439	1474	hipertrofía de los cornetes nasales	17467004	EXACT
es-S1130-05582015000400005-1	T6	ENFERMEDAD	219	241	apiñamientos dentarios	12351004	EXACT
es-S1130-05582015000400005-1	T7	ENFERMEDAD	301	313	úvula bífida	18910001	EXACT
es-S1130-05582015000400005-1	T8	ENFERMEDAD	320	331	macroglosia	25273001	EXACT
es-S1130-05582015000400005-1	T9	ENFERMEDAD	581	610	síndrome de Beckwith-Wiedmann	81780002	EXACT
es-S1130-05582015000400005-1	T10	ENFERMEDAD	2164	2204	lesiones en las ramas del nervio lingual	64309007	NARROW
es-S1130-05582015000400005-1	T11	ENFERMEDAD	2299	2315	hematoma lingual	262651006	EXACT
es-S1130-05582015000400005-1	T14	ENFERMEDAD	275	299	mordida abierta anterior	67289000	EXACT
es-S1130-05582015000400005-1	T15	ENFERMEDAD	444	473	defecto en la pared abdominal	62991000119101	EXACT
es-S1130-05582015000400005-1	T17	ENFERMEDAD	725	751	dificultades respiratorias	49233005	EXACT
es-S0213-12852006000600002-1	T3	ENFERMEDAD	1193	1251	lesiones en evolución: una a la altura del canino superior	21763005	NARROW
es-S0213-12852006000600002-1	T4	ENFERMEDAD	3392	3424	lesión perianal por herpes virus	1087111000119107	EXACT
es-S0213-12852006000600002-1	T9	ENFERMEDAD	3923	3957	reactivación del herpes virus anal	240479006	EXACT
es-S0213-12852006000600002-1	T10	ENFERMEDAD	4066	4142	linfoma No Hodgkin oro facial diagnosticado como de alto grado de malignidad	448386004	NARROW
es-S0213-12852006000600002-1	T11	ENFERMEDAD	4483	4511	candidiasis oral y esofágica	266154004	EXACT
es-S0213-12852006000600002-1	T12	ENFERMEDAD	4544	4563	neutropénica febril	409089005	EXACT
es-S0213-12852006000600002-1	T17	ENFERMEDAD	3107	3152	Linfoma difuso histiocítico a células grandes	109969005	EXACT
es-S0213-12852006000600002-1	T20	ENFERMEDAD	87	93	adicto	228373001	EXACT
es-S1130-01082004001200010-1	T1	ENFERMEDAD	828	884	neoplasia epitelial papilar sólida-quística del páncreas	126859007	NARROW
es-S1130-01082010001100014-1	T1	ENFERMEDAD	247	270	leve anemia microcítica	234349007	NARROW
es-S1130-01082010001100014-1	T2	ENFERMEDAD	273	294	hipogammaglobulinemia	81282009	EXACT
es-S1130-01082010001100014-1	T3	ENFERMEDAD	342	377	segunda porción duodenal una lesión	52182008	NARROW
es-S1130-01082010001100014-1	T4	ENFERMEDAD	803	824	linfoma MALT duodenal	449074003	NARROW
es-S0376-78922008000400008-1	T4	ENFERMEDAD	1027	1047	Síndrome de Kawasaki	75053002	EXACT
es-S0376-78922008000400008-1	T5	ENFERMEDAD	1923	1937	edema laríngeo	195861004	EXACT
es-S0376-78922008000400008-1	T7	ENFERMEDAD	2586	2612	Síndrome de Stevens Jonson	73442001	EXACT
es-S0376-78922008000400008-1	T8	ENFERMEDAD	4946	4979	infección por Staphilococo Aureus	406602003	EXACT
es-S0376-78922008000400008-1	T12	ENFERMEDAD	4797	4817	lesiones intraorales	1089981000119106	NARROW
es-S0376-78922008000400008-1	T13	ENFERMEDAD	5196	5214	discromías en piel	402604004	NARROW
es-S0376-78922008000400008-1	T18	ENFERMEDAD	2060	2079	pérdida de pestañas	34887006	EXACT
es-S0376-78922008000400008-1	T19	ENFERMEDAD	2010	2034	esfácelo de la epidermis	85982009	NARROW
es-S0376-78922008000400008-1	T20	ENFERMEDAD	2081	2229	esfácelo de mucosa de carrillos y dorso-lingual, de tórax anterior y posterior, porción superior de abdomen, porción superior de ambos brazos y pene	95346009	NARROW
es-S0376-78922008000400008-1	T22	ENFERMEDAD	4485	4513	párpados mostraron sinequias	402700001	NARROW
es-S1698-69462006000100003-1	T1	ENFERMEDAD	1672	1692	enfermedad de Cowden	58037000	EXACT
es-S1698-69462006000100003-1	T2	ENFERMEDAD	1030	1065	maxilar inferior desdentado parcial	371084005	EXACT
es-S1698-69462006000100003-1	T3	ENFERMEDAD	1067	1100	maxilar superior desdentado total	109673006	NARROW
es-S1698-69462006000100003-1	T4	ENFERMEDAD	332	348	tumor intestinal	126769007	EXACT
es-S1698-69462006000100003-1	T5	ENFERMEDAD	369	389	pólipos intestinales	254588001	EXACT
es-S1698-69462006000100003-1	T7	ENFERMEDAD	2208	2228	enfermedad de Cowden	58037000	EXACT
es-S1698-69462006000100003-1	T8	ENFERMEDAD	1605	1645	lesión inespecífica de tipo papilomatosa	711329002	EXACT
es-S1698-69462006000100003-1	T9	ENFERMEDAD	1988	1995	pólipos	41329004	EXACT
es-S1698-69462006000100003-1	T10	ENFERMEDAD	1182	1225	mucosa está tapizada por lesiones papulares	1089981000119106	NARROW
es-S1698-69462006000100003-1	T11	ENFERMEDAD	877	902	queratosis palmoplantales	706885006	EXACT
es-S1698-69462006000100003-1	T12	ENFERMEDAD	916	939	verrugas virales planas	240539000	EXACT
es-S1698-69462006000100003-1	T13	ENFERMEDAD	942	1002	lesiones papulares no queratósicas en axilas, ingles y tórax	271757001	NARROW
es-S1698-69462006000100003-1	T14	ENFERMEDAD	617	631	hipertelorismo	22006008	EXACT
es-S1698-69462006000100003-1	T15	ENFERMEDAD	1162	1177	lengua fisurada	52368004	EXACT
es-S1698-69462006000100003-1	T17	ENFERMEDAD	133	173	lesión exofítica en mucosa yugal derecha	1089981000119106	NARROW
es-S1698-69462006000100003-1	T18	ENFERMEDAD	242	264	sangrados intestinales	712510007	EXACT
es-S1698-69462006000100003-1	T19	ENFERMEDAD	585	615	circunferencia craneana grande	1145403003	EXACT
es-S1698-69462006000100003-1	T20	ENFERMEDAD	633	651	puente nasal ancho	118237005	NARROW
es-S1698-69462006000100003-1	T21	ENFERMEDAD	653	670	frente prominente	366636003	NARROW
es-S1698-69462006000100003-1	T22	ENFERMEDAD	673	690	fascies adenoidea	38138003	EXACT
es-S1698-69462006000100003-1	T23	ENFERMEDAD	692	803	Alrededor de los orificios faciales se observan múltiples lesiones papulares asintomáticas del color de la piel	445328000	NARROW
es-S1698-69462006000100003-1	T24	ENFERMEDAD	1143	1159	paladar profundo	93014003	NARROW
S0004-06142007000600012-1	T3	ENFERMEDAD	773	813	Necrosis aséptica de la cabeza del fémur	444904004	EXACT
S0004-06142007000600012-1	T4	ENFERMEDAD	818	839	hipertrofia del psoas	249829006	NARROW
S0004-06142007000600012-1	T9	ENFERMEDAD	1436	1475	Necosis aséptica de la cabeza del fémur	444904004	EXACT
es-S1130-01082009000500013-1	T4	ENFERMEDAD	106	143	meningioma del ángulo pontocerebeloso	126948004	EXACT
es-S1130-01082009000500013-1	T5	ENFERMEDAD	188	221	colon sigmoide por diverticulitis	427910000	EXACT
es-S1130-01082009000500013-1	T7	ENFERMEDAD	237	270	fibrilación auricular paroxística	282825002	EXACT
es-S1130-01082009000500013-1	T11	ENFERMEDAD	952	980	pólipo gástrico hiperplásico	78809005	NARROW
es-S1130-01082009000500013-1	T13	ENFERMEDAD	1257	1275	trombosis vascular	439129009	EXACT
es-S0212-16112014000300032-1	T1	ENFERMEDAD	34	50	cáncer de cervix	123841004	NARROW
es-S0212-16112014000300032-1	T4	ENFERMEDAD	684	702	fístula intestinal	38851006	EXACT
es-S0212-16112014000300032-1	T5	ENFERMEDAD	129	149	sigmoiditis actínica	53372009	NARROW
es-S0212-16112014000300032-1	T6	ENFERMEDAD	737	774	cuadro comicial secundario a imipenem	230441003	NARROW
es-S0212-16112014000300032-1	T11	ENFERMEDAD	518	540	fístula ureteroenteral	197816002	NARROW
es-S1130-01082005001100016-1	T4	ENFERMEDAD	1005	1023	shock anafiláctico	735173007	EXACT
es-S1130-01082005001100016-1	T5	ENFERMEDAD	1350	1360	anafilaxia	39579001	EXACT
es-S1130-01082005001100016-1	T7	ENFERMEDAD	1533	1595	quiste en contacto con vena cava inferior y vena suprahepática	446064000	NARROW
S0004-06142006000100010-1	T6	ENFERMEDAD	1322	1356	mielolipoma de la glándula adrenal	719049003	EXACT
es-S1138-123X2004000100006-2	T1	ENFERMEDAD	145	169	mordida abierta anterior	67289000	EXACT
es-S1138-123X2004000100006-2	T2	ENFERMEDAD	227	262	mordida cruzada bilateral posterior	768010007	EXACT
es-S1138-123X2004000100006-2	T4	ENFERMEDAD	980	995	mordida abierta	35580009	EXACT
es-S1138-123X2004000100006-2	T5	ENFERMEDAD	171	204	protrusión dentoalveolar superior	81256000	NARROW
es-S1138-123X2004000100006-2	T6	ENFERMEDAD	264	282	compresión maxilar	11301000119103	NARROW
es-S1138-123X2004000100006-2	T7	ENFERMEDAD	285	311	rotación del plano oclusal	47944004	NARROW
es-S1139-76322015000300013-1	T1	ENFERMEDAD	733	818	efectos secundarios cardiovasculares, anticolinérgicos y del sistema nervioso central	401207004	NARROW
es-S0376-78922016000200012-1	T2	ENFERMEDAD	393	413	patología prostática	30281009	EXACT
es-S0376-78922016000200012-1	T3	ENFERMEDAD	2995	3035	sarcoma de la vaina neural de bajo grado	402874001	NARROW
es-S0376-78922016000200012-1	T4	ENFERMEDAD	78	104	alergia a contraste yodado	294913003	NARROW
es-S0376-78922016000200012-1	T5	ENFERMEDAD	3499	3589	progresión local de la enfermedad que afectó a los músculos psoas iliaco y cuadrado lumbar	94422005	NARROW
es-S0376-78922016000200012-1	T6	ENFERMEDAD	2170	2180	escoliosis	298382003	EXACT
es-S0376-78922016000200012-1	T8	ENFERMEDAD	504	537	sarcoma mixoide de partes blandas	424952003	NARROW
es-S0376-78922016000200012-1	T10	ENFERMEDAD	1814	1835	anemia postoperatoria	10762261000119105	EXACT
es-S0376-78922016000200012-1	T16	ENFERMEDAD	2540	2562	extrusión del expansor	213081005	NARROW
es-S0376-78922016000200012-1	T20	ENFERMEDAD	601	634	infiltración de tejido subcutáneo	404091004	NARROW
es-S0376-78922016000200012-1	T21	ENFERMEDAD	2185	2204	déficit neurológico	264552009	EXACT
es-S0376-78922016000200012-1	T22	ENFERMEDAD	2738	2755	convexidad lumbar	313471000119104	EXACT
es-S0376-78922012000400009-1	T2	ENFERMEDAD	915	924	linfedema	234097001	EXACT
es-S1130-01082008000500008-1	T3	ENFERMEDAD	66	104	carcinoma epidermoide de suelo de boca	307502000	NARROW
es-S1130-01082008000500008-1	T4	ENFERMEDAD	66	113	carcinoma epidermoide de suelo de boca y lengua	307502000	EXACT
es-S1130-01082008000500008-1	T6	ENFERMEDAD	401	437	metástasis supraclavicular izquierda	94256002	NARROW
es-S1130-01082008000500008-1	T7	ENFERMEDAD	731	756	carcinoma de cavidad oral	235075007	NARROW
es-S1130-01082008000500008-1	T12	ENFERMEDAD	1403	1435	crecimiento piloso en la faringe	75860007	NARROW
es-S0365-66912007001200011-1	T1	ENFERMEDAD	923	925	IL	59698003	NARROW
es-S0365-66912007001200011-1	T2	ENFERMEDAD	551	577	conjuntivalización corneal	15250008	NARROW
es-S0004-06142008000700003-1	T1	ENFERMEDAD	1775	1815	litiasis intravesical por cuerpo extraño	211649008	NARROW
es-S0004-06142008000700003-1	T8	ENFERMEDAD	1560	1647	pelotón de gasas adherida a la pared vesical que no se moviliza por estar calcificada	211649008	NARROW
es-S0004-06142008000700003-1	T9	ENFERMEDAD	1340	1367	cuerpo extraño intravesical	211649008	EXACT
es-S0004-06142008000700003-1	T10	ENFERMEDAD	403	428	absceso de cúpula vaginal	443769009	NARROW
es-S0004-06142008000700003-1	T13	ENFERMEDAD	557	582	absceso en cúpula vaginal	443769009	NARROW
es-S0212-71992005000600008-1	T6	ENFERMEDAD	429	440	prostatismo	11441004	EXACT
es-S0212-71992005000600008-1	T13	ENFERMEDAD	2882	2955	Implantes tumorales en partes blandas, una de ellas a nivel periumbilical	314989000	NARROW
es-S0212-71992005000600008-1	T15	ENFERMEDAD	3206	3220	carcinomatosis	307593001	EXACT
es-S0212-71992005000600008-1	T16	ENFERMEDAD	2972	3003	nódulo de la hermana María José	94576007	EXACT
es-S1130-01082010000200011-1	T2	ENFERMEDAD	1872	1902	divertículos a nivel de yeyuno	111358007	EXACT
es-S1130-01082010000200011-1	T6	ENFERMEDAD	814	834	diverticulitis aguda	307496006	NARROW
es-S1130-01082010000200011-1	T7	ENFERMEDAD	967	988	divertículo en yeyuno	111358007	EXACT
es-S1130-01082010000200011-1	T13	ENFERMEDAD	1345	1446	diverticulitis aguda perforada de intestino delgado con cuerpo extraño en el interior del divertículo	1086491000119108	NARROW
es-S1130-01082010000200011-1	T14	ENFERMEDAD	914	947	divertículos en intestino delgado	860750004	EXACT
es-S1130-01082010000200011-1	T16	ENFERMEDAD	1982	2016	vesícula biliar aparece distendida	300344005	EXACT
es-S0365-66912004000900009-1	T1	ENFERMEDAD	210	256	trombosis venosa profunda en la pierna derecha	132141000119106	NARROW
es-S0365-66912004000900009-1	T6	ENFERMEDAD	1287	1306	hipercoagulabilidad	76612001	EXACT
es-S0376-78922009000400010-3	T1	ENFERMEDAD	72	89	hipoplasia facial	301310005	NARROW
es-S0376-78922009000400010-3	T2	ENFERMEDAD	124	145	anquílosis mandibular	50603008	EXACT
es-S0376-78922009000400010-3	T4	ENFERMEDAD	43	89	asimetría facial por marcada hipoplasia facial	15253005	NARROW
es-S0376-78922009000400010-3	T5	ENFERMEDAD	295	306	maloclusión	47944004	EXACT
es-S0376-78922009000400010-3	T6	ENFERMEDAD	367	422	bloque anquilótico de la articulación témporomandibular	50603008	NARROW
es-S1130-01082008000900017-1	T3	ENFERMEDAD	1559	1581	divertículos yeyunales	95542005	EXACT
es-S1130-01082008000900017-1	T4	ENFERMEDAD	1784	1803	divertículo yeyunal	197084009	EXACT
es-S1130-01082008000900017-1	T8	ENFERMEDAD	2424	2467	diverticulosis yeyunal con ulceración focal	111358007	NARROW
es-S1130-01082008000900017-1	T13	ENFERMEDAD	145	157	hematoquecia	405729008	EXACT
es-S1130-01082008000900017-1	T14	ENFERMEDAD	717	729	hematoquecia	405729008	EXACT
es-S0365-66912007001000008-1	T1	ENFERMEDAD	1217	1264	crisis epilépticas sintomáticas fotosensoriales	60317006	NARROW
es-S0365-66912007001000008-1	T3	ENFERMEDAD	1066	1069	MAV	234141001	EXACT
es-S0365-66912007001000008-1	T5	ENFERMEDAD	2193	2201	exoforia	46343005	EXACT
es-S0365-66912007001000008-1	T6	ENFERMEDAD	244	276	hemorragia occipital parasagital	274100004	NARROW
es-S0365-66912007001000008-1	T7	ENFERMEDAD	561	584	angiogénesis periférica	58729003	NARROW
es-S0365-66912007001000008-1	T9	ENFERMEDAD	627	630	MAV	234141001	EXACT
es-S0365-66912007001000008-1	T10	ENFERMEDAD	2329	2335	miopía	57190000	EXACT
es-S0365-66912007001000008-1	T11	ENFERMEDAD	2455	2484	defecto hemianópsico homónimo	34063005	EXACT
es-S0365-66912007001000008-1	T13	ENFERMEDAD	749	769	hemianopsia homónima	34063005	EXACT
es-S0365-66912007001000008-1	T15	ENFERMEDAD	2722	2727	foria	14619009	EXACT
es-S0004-06142008000300012-1	T1	ENFERMEDAD	4415	4495	angiomiolipoma de predominio lipomatoso del seno renal con infiltración vascular	254921004	NARROW
es-S0004-06142008000300012-1	T2	ENFERMEDAD	2983	3034	Síndrome de Budd-Chiari secundario a trombo en cava	82385007	NARROW
es-S0004-06142008000300012-1	T4	ENFERMEDAD	2498	2549	síndrome de Budd-Chiari secundario a trombo en cava	82385007	NARROW
es-S0004-06142008000300012-1	T5	ENFERMEDAD	3258	3369	trombo con nivel quirúrgico IV al presentar situación supradiafragmática llegando al ostium de aurícula derecha	473359008	EXACT
es-S0004-06142008000300012-1	T7	ENFERMEDAD	3020	3034	trombo en cava	83938003	EXACT
es-S0004-06142008000300012-1	T8	ENFERMEDAD	2535	2549	trombo en cava	83938003	EXACT
es-S0004-06142008000300012-1	T9	ENFERMEDAD	1831	1854	Síndrome de Budd-Chiari	82385007	EXACT
es-S0004-06142008000300012-1	T12	ENFERMEDAD	160	176	vómitos biliosos	71419002	EXACT
es-S0004-06142008000300012-1	T15	ENFERMEDAD	1576	1588	colecistitis	76581006	EXACT
es-S0004-06142008000300012-1	T21	ENFERMEDAD	2256	2275	congestión hepática	76281005	EXACT
es-S0004-06142008000300012-1	T22	ENFERMEDAD	3036	3039	AML	19929002	EXACT
es-S0004-06142008000300012-1	T23	ENFERMEDAD	2013	2027	angiomiolipoma	19929002	EXACT
es-S0004-06142008000300012-1	T24	ENFERMEDAD	2029	2032	AML	19929002	EXACT
es-S0004-06142008000300012-1	T26	ENFERMEDAD	1281	1315	oclusión completa de la luz de VCI	470760002	NARROW
es-S0365-66912007000900016-1	T1	ENFERMEDAD	92	107	episodio gripal	315642008	EXACT
es-S0365-66912007000900016-1	T3	ENFERMEDAD	2742	2774	afectación del haz papilomacular	29555009	NARROW
es-S0365-66912007000900016-1	T10	ENFERMEDAD	1062	1076	pérdida visual	40031005	EXACT
es-S0211-57352011000400009-1	T2	ENFERMEDAD	4212	4304	hiponatremia grave hipotónica sintomática secundaria a tratamiento tiazídico asociado a ISRS	237844003	NARROW
es-S0211-57352011000400009-1	T6	ENFERMEDAD	810	833	Arteriopatía periférica	399957001	EXACT
es-S0211-57352011000400009-1	T8	ENFERMEDAD	871	882	Prostatismo	11441004	EXACT
es-S0211-57352011000400009-1	T17	ENFERMEDAD	2932	2978	Hiponatremia por SIADH secundario a citalopram	237844003	NARROW
es-S0211-57352011000400009-1	T19	ENFERMEDAD	2753	2798	lesiones de sustancia blanca supratentoriales	16058431000119104	NARROW
es-S1137-66272011000100013-2	T4	ENFERMEDAD	1078	1089	aspergiloma	10446001	EXACT
es-S1137-66272011000100013-2	T8	ENFERMEDAD	1381	1391	hemoptisis	66857006	EXACT
es-S0212-71992005000500009-1	T1	ENFERMEDAD	905	929	lesiones endobronquiales	41427001	EXACT
es-S0212-71992005000500009-1	T7	ENFERMEDAD	1452	1544	lesiones granulomatosas crónicas compatibles con tuberculosis tanto en pleura como en pulmón	71943007	NARROW
es-S0212-71992005000500009-1	T9	ENFERMEDAD	1905	1925	quilotórax bilateral	83035003	NARROW
es-S0212-71992005000500009-1	T10	ENFERMEDAD	1927	1974	linfadenitis crónica granulomatosa caseificante	426121003	NARROW
es-S0212-71992005000500009-1	T11	ENFERMEDAD	2042	2127	diseminación miliar pleuropulmonar bilateral, hepática, suprarrenal izquierda y renal	186278007	NARROW
es-S0212-71992005000500009-1	T12	ENFERMEDAD	1990	2039	tuberculosis de ganglios linfáticos mediastínicos	82495004	EXACT
es-S0004-06142010000100015-1	T1	ENFERMEDAD	500	586	infiltración difusa del parénquima testicular por una neoplasia maligna hematolinfoide	94402006	NARROW
es-S0004-06142010000100015-1	T2	ENFERMEDAD	902	949	Linfoma no Hodgkin T periférico no especificado	277613000	EXACT
es-S1139-76322009000700016-1	T3	ENFERMEDAD	2024	2071	pancreatitis aguda secundaria a litiasis biliar	95563007	NARROW
es-S1139-76322009000700016-1	T4	ENFERMEDAD	1845	1871	vía biliar poco distendida	300344005	NARROW
es-S1130-05582015000100004-1	T3	ENFERMEDAD	350	417	lesión tumoral asintomática de 15 mm de diámetro en la mucosa bucal	126802007	NARROW
es-S1130-05582015000100004-1	T4	ENFERMEDAD	1794	1812	fibroma traumático	424568000	NARROW
es-S1130-05582015000100004-1	T5	ENFERMEDAD	505	555	mucosa bucal derecha se observa una lesión tumoral	126802007	NARROW
es-S1130-05582015000100004-1	T9	ENFERMEDAD	583	634	lesión es hipocrómica comparada con la mucosa bucal	1089981000119106	NARROW
es-S0210-48062009000400020-1	T2	ENFERMEDAD	1410	1436	leucemia linfática crónica	51092000	EXACT
es-S0210-48062009000400020-1	T3	ENFERMEDAD	60	89	valvulopatía aórtica y mitral	194732001	EXACT
es-S0210-48062009000400020-1	T4	ENFERMEDAD	194	220	Leucemia Linfática Crónica	51092000	EXACT
es-S0210-48062009000400020-1	T6	ENFERMEDAD	628	648	neoplasia prostática	126906006	EXACT
es-S1130-01082008000200010-1	T2	ENFERMEDAD	3416	3437	déficit de proteína S	1563006	EXACT
es-S1130-01082008000200010-1	T6	ENFERMEDAD	472	487	cancer gástrico	363349007	EXACT
es-S1130-01082008000200010-1	T15	ENFERMEDAD	1718	1764	trombo a nivel de la vena mesentérica superior	197001004	EXACT
es-S1130-01082008000200010-1	T16	ENFERMEDAD	1782	1852	circulación colateral en los ligamentos gastrohepático y periesplénico	59093008	NARROW
es-S1130-01082008000200010-1	T17	ENFERMEDAD	1782	1836	circulación colateral en los ligamentos gastrohepático	59093008	NARROW
es-S1130-01082008000200010-1	T19	ENFERMEDAD	2316	2341	hiperplasia hepatocitaria	278527001	NARROW
es-S1130-01082008000200010-1	T21	ENFERMEDAD	3061	3093	hipertensión portal no cirrótica	722867009	EXACT
es-S1130-01082008000200010-1	T23	ENFERMEDAD	2979	2999	fibrosis perinodular	125566009	EXACT
es-S1130-01082008000200010-1	T25	ENFERMEDAD	3226	3245	hipercoagulabilidad	76612001	EXACT
es-S1134-80462005000100007-1	T1	ENFERMEDAD	221	224	DMD	76670001	EXACT
es-S1134-80462005000100007-1	T2	ENFERMEDAD	2716	2738	bloqueo motor completo	251566000	NARROW
es-S1134-80462005000100007-1	T4	ENFERMEDAD	127	145	flexo de rodilla	203569006	EXACT
es-S0211-69952015000600014-2	T1	ENFERMEDAD	23	109	glomerulonefritis rápidamente progresiva con anticuerpos antimembrana basal glomerular	788613004	NARROW
es-S0211-69952015000600014-2	T2	ENFERMEDAD	566	591	colección líquida pélvica	609620004	NARROW
es-S0211-69952015000600014-2	T3	ENFERMEDAD	232	272	peritonitis, 8 por Staphilococcus aureus	197171003	NARROW
es-S0213-12852005000400003-1	T1	ENFERMEDAD	131	168	lesiones dolorosas en la cavidad oral	1089981000119106	NARROW
es-S0213-12852005000400003-1	T3	ENFERMEDAD	463	473	saturnismo	38342005	EXACT
es-S0213-12852005000400003-1	T4	ENFERMEDAD	499	518	úlcera en la pierna	238790003	EXACT
es-S0213-12852005000400003-1	T6	ENFERMEDAD	1376	1444	lesiones ampollosas en el tórax, la pierna derecha y la cavidad oral	417237009	NARROW
es-S0213-12852005000400003-1	T8	ENFERMEDAD	184	203	ampollas sangrantes	285355007	EXACT
es-S0213-12852005000400003-1	T9	ENFERMEDAD	1205	1219	pénfigo vulgar	49420001	EXACT
es-S0213-12852005000400003-1	T11	ENFERMEDAD	441	461	intoxicación crónica	128301004	EXACT
es-S0213-12852005000400003-1	T12	ENFERMEDAD	801	820	lesión de la pierna	116312005	NARROW
es-S0213-12852005000400003-1	T14	ENFERMEDAD	839	916	lesiones de tipo erosivo recubiertas por una costra en las axilas y el tronco	725119006	NARROW
es-S0213-12852005000400003-1	T16	ENFERMEDAD	1152	1174	acantolisis suprabasal	43327007	NARROW
es-S0210-48062007000700014-1	T1	ENFERMEDAD	554	623	hematoma perineal dependiente de porción proximal de cuerpo cavernoso	283974005	NARROW
es-S0212-16112010000600024-1	T1	ENFERMEDAD	1260	1278	peritonitis difusa	52890006	EXACT
es-S0212-16112010000600024-1	T2	ENFERMEDAD	627	671	epitelioma basocelular terebrante supranasal	402818009	NARROW
es-S0212-16112010000600024-1	T5	ENFERMEDAD	845	888	hernia inguinoescrotal derecha irreductible	823011005	NARROW
es-S0212-16112010000600024-1	T14	ENFERMEDAD	2539	2563	estrés metabólico severo	127339009	NARROW
es-S0212-16112010000600024-1	T20	ENFERMEDAD	3727	3742	hipermagnesemia	66978005	EXACT
es-S0212-16112010000600024-1	T25	ENFERMEDAD	801	825	hipoperfusión periférica	4249000	EXACT
es-S0212-16112010000600024-1	T26	ENFERMEDAD	2933	2935	SR	427698009	EXACT
es-S0212-16112010000600024-1	T27	ENFERMEDAD	3164	3166	SR	427698009	EXACT
es-S0212-16112010000600024-1	T28	ENFERMEDAD	2663	2665	SR	427698009	EXACT
es-S1139-76322015000400012-1	T1	ENFERMEDAD	38	72	picadura de garrapata en la cabeza	770981003	NARROW
es-S1139-76322015000400012-1	T3	ENFERMEDAD	921	942	picadura de garrapata	95898004	EXACT
es-S1139-76322015000400012-1	T5	ENFERMEDAD	1021	1050	sobreinfección de la picadura	108365000	NARROW
es-S1139-76322015000400012-1	T8	ENFERMEDAD	1438	1451	rickettsiosis	37246009	EXACT
es-S1139-76322015000400012-1	T10	ENFERMEDAD	519	584	región parietoccipital izquierda se apreciaba una escara negruzca	409590008	NARROW
es-S1139-76322015000400012-1	T11	ENFERMEDAD	1096	1102	escara	247452009	EXACT
es-S0365-66912007000900011-1	T2	ENFERMEDAD	661	681	hemianopsia homónima	34063005	EXACT
es-S0365-66912007000900011-1	T3	ENFERMEDAD	1194	1253	reacción alérgica al contraste con manifestaciones cutáneas	402396002	NARROW
es-S0365-66912007000900011-1	T4	ENFERMEDAD	1767	1812	nervios ópticos con el mismo grado de atrofia	76976005	EXACT
es-S0365-66912007000900011-1	T5	ENFERMEDAD	1458	1471	subependimoma	4553004	EXACT
es-S0365-66912007000900011-1	T6	ENFERMEDAD	711	750	lesión ocupante de espacio intracraneal	8533009	EXACT
es-S0365-66912007000900011-1	T8	ENFERMEDAD	831	912	calcificación de 2 cm de diámetro en relación con amígdala y cabeza del hipocampo	17944005	NARROW
es-S0365-66912007000900011-1	T9	ENFERMEDAD	1610	1643	atrofia óptica en banda izquierda	76976005	NARROW
es-S0365-66912007000900011-1	T10	ENFERMEDAD	393	435	nervio óptico derecho con atrofia en banda	15632811000119100	NARROW
es-S0365-66912007000900011-1	T11	ENFERMEDAD	520	541	retinopatía diabética	4855003	EXACT
es-S0365-66912007000900011-1	T12	ENFERMEDAD	968	1042	lesión heterogénea en la cabeza del hipocampo izquierdo, con calcificación	17944005	NARROW
es-S0365-66912007000900011-1	T14	ENFERMEDAD	1715	1735	hemianopsia homónima	34063005	EXACT
es-S1130-01082007000100013-1	T5	ENFERMEDAD	1326	1339	Leishmaniasis	80612004	EXACT
es-S1134-80462009000500006-1	T1	ENFERMEDAD	1903	1922	síndrome miofascial	726531007	EXACT
es-S1134-80462009000500006-1	T2	ENFERMEDAD	1575	1631	polidiscopatía con cambios degenerativos en L4-L5, L5-S1	26538006	NARROW
es-S1134-80462009000500006-1	T3	ENFERMEDAD	1925	1952	polidiscopatía degenerativa	77547008	EXACT
es-S1134-80462009000500006-1	T4	ENFERMEDAD	1694	1750	improntas discales significativas sobre el canal medular	410730009	NARROW
es-S1134-80462009000500006-1	T6	ENFERMEDAD	2709	2731	dilatación ventricular	6210001	EXACT
es-S1134-80462009000500006-1	T8	ENFERMEDAD	2766	2783	fuga perivalvular	708024004	EXACT
es-S1134-80462009000500006-1	T9	ENFERMEDAD	2902	2934	válvula protésica malfuncionante	461431000	EXACT
es-S1134-80462009000500006-1	T10	ENFERMEDAD	220	293	prótesis de válvula mitral y desde entonces presentaba fuga periprotésica	703157002	NARROW
es-S0365-66912007000100010-1	T2	ENFERMEDAD	74	87	conjuntivitis	9826008	EXACT
es-S0365-66912007000100010-1	T4	ENFERMEDAD	90	103	epiescleritis	815008	EXACT
es-S0365-66912007000100010-1	T5	ENFERMEDAD	2089	2119	epiteliopatía corneal inferior	15250008	NARROW
es-S0365-66912007000100010-1	T11	ENFERMEDAD	551	571	retracción palpebral	14520009	EXACT
es-S0365-66912007000100010-1	T12	ENFERMEDAD	1149	1200	retracción palpebral superior de 3 mm en ambos ojos	700344004	NARROW
es-S0365-66912007000100010-1	T13	ENFERMEDAD	2359	2407	retracción palpebral superior de 2 mm e inferior	43854003	NARROW
es-S1130-05582012000300005-1	T5	ENFERMEDAD	160	176	quiste branquial	59857007	EXACT
es-S0365-66912007000100009-1	T2	ENFERMEDAD	75	99	arteritis de la temporal	400130008	EXACT
es-S0365-66912007000100009-1	T8	ENFERMEDAD	437	470	defecto pupilar aferente relativo	232122003	EXACT
es-S0365-66912006000700009-1	T1	ENFERMEDAD	58	76	uveítis intermedia	314429009	EXACT
es-S0365-66912006000700009-1	T5	ENFERMEDAD	702	737	cataratas subcapsulares posteriores	315353005	EXACT
es-S0376-78922007000300006-3	T1	ENFERMEDAD	144	177	punción con una espina de pescado	304235000	NARROW
es-S0365-66912007000700011-1	T1	ENFERMEDAD	1210	1213	ERA	231983008	EXACT
es-S0365-66912007000700011-1	T2	ENFERMEDAD	205	220	episodio gripal	315642008	EXACT
es-S0365-66912012001100004-5	T1	ENFERMEDAD	57	84	hemangioblastoma cerebeloso	74073002	EXACT
es-S0365-66912012001100004-5	T3	ENFERMEDAD	234	255	HCR temporal superior	312935003	NARROW
es-S0365-66912012001100004-5	T4	ENFERMEDAD	311	314	HCR	312935003	EXACT
es-S1130-01082009000300015-1	T3	ENFERMEDAD	1169	1204	úlcera se extendía 3 cm en el recto	54609002	NARROW
es-S1130-01082009000300015-1	T4	ENFERMEDAD	51	59	vitíligo	56727007	EXACT
es-S1130-01082009000300015-1	T11	ENFERMEDAD	2784	2803	colitis segmentaria	64226004	NARROW
es-S1130-01082009000300015-1	T14	ENFERMEDAD	2851	2864	pseudopólipos	254590000	NARROW
es-S1130-01082009000300015-1	T15	ENFERMEDAD	1565	1588	esofagitis distal grave	16761005	NARROW
es-S1130-01082009000300015-1	T16	ENFERMEDAD	1594	1611	gastritis erosiva	1086791000119100	EXACT
es-S1130-01082009000300015-1	T19	ENFERMEDAD	495	520	colectomía con una úlcera	46040000	NARROW
es-S1130-01082009000300015-1	T25	ENFERMEDAD	795	820	colitis quística profunda	40663003	EXACT
es-S1130-01082009000300015-1	T26	ENFERMEDAD	2064	2081	tumor pancreático	126859007	EXACT
es-S1130-01082009000300015-1	T27	ENFERMEDAD	935	968	orificio fistuloso en margen anal	786878009	EXACT
es-S1130-01082009000300015-1	T28	ENFERMEDAD	1078	1099	úlcera del canal anal	20928004	EXACT
es-S1130-01082008001000008-1	T2	ENFERMEDAD	527	569	hematoma de gran volumen en recto anterior	262969000	NARROW
es-S1130-01082008001000008-1	T3	ENFERMEDAD	604	647	lesión por trocar de los vasos epigástricos	35191005	NARROW
es-S1130-01082008001000008-1	T4	ENFERMEDAD	949	976	hematoma de pared abdominal	447096000	EXACT
es-S1888-75462015000400006-1	T1	ENFERMEDAD	2434	2484	síndrome de pinzamiento femoroacetabular tipo LEVA	432473000	NARROW
es-S1888-75462015000400006-1	T2	ENFERMEDAD	2277	2295	necrosis avascular	86217007	EXACT
es-S1888-75462015000400006-1	T3	ENFERMEDAD	2347	2409	lesión quística yuxtaarticular en relación con trocánter mayor	699539004	NARROW
es-S1888-75462015000400006-1	T4	ENFERMEDAD	1785	1844	cadera derecha, con irregularidad cortical y leve sinovitis	202926002	NARROW
es-S1888-75462015000400006-1	T6	ENFERMEDAD	1744	1791	alteración subcondral, con edema óseo en cadera	118935006	NARROW
es-S1888-75462015000400006-1	T7	ENFERMEDAD	1874	1907	distensión de la bursa ilio-psoas	281352004	EXACT
es-S1888-75462015000400006-1	T8	ENFERMEDAD	2299	2320	lesiones en el labrum	202336002	NARROW
es-S1888-75462015000400006-1	T9	ENFERMEDAD	2019	2057	pinzamiento de la interlinea articular	785875003	NARROW
es-S1888-75462015000400006-1	T10	ENFERMEDAD	2226	2259	edema en acetábulo anterosuperior	428097001	NARROW
es-S1888-75462015000400006-1	T12	ENFERMEDAD	2107	2134	collar osteofitario femoral	609620004	NARROW
S0004-06142006000500002-3	T6	ENFERMEDAD	767	784	azoospermia total	48188009	NARROW
S0004-06142006000500002-3	T8	ENFERMEDAD	950	966	quiste de cordón	37268004	EXACT
S0004-06142006000500002-3	T11	ENFERMEDAD	2100	2126	Tumor de células de Leydig	45002009	EXACT
S0004-06142006000500002-3	T12	ENFERMEDAD	2157	2201	infiltración del epidídimo, túnica albugínea	94402006	NARROW
S0004-06142006000500002-3	T13	ENFERMEDAD	2436	2454	atrofia testicular	17585008	EXACT
S0004-06142006000500002-3	T14	ENFERMEDAD	2489	2534	hiperplasia de células de Leydig intersticial	733539007	NARROW
es-S0211-69952012000500025-1	T6	ENFERMEDAD	982	1017	arteria humeral ectásica y elongada	195271009	NARROW
es-S0211-69952012000500025-1	T8	ENFERMEDAD	1155	1186	arteria radial distal obstruida	431706008	NARROW
es-S0211-69952012000500025-1	T9	ENFERMEDAD	1219	1305	aneurisma o pseudoaneurisma de la arteria radial secundaria a FAV radiocefálica ligada	195272002	NARROW
es-S0211-69952012000500025-1	T10	ENFERMEDAD	1545	1605	aneurisma verdadero en todo el trayecto de la arteria radial	195272002	EXACT
es-S0211-69952012000500025-1	T11	ENFERMEDAD	2025	2065	aneurisma verdadero de la arteria radial	195272002	EXACT
es-S0211-69952012000500025-1	T13	ENFERMEDAD	1281	1305	FAV radiocefálica ligada	129214009	NARROW
es-S2254-28842014000200009-1	T2	ENFERMEDAD	1470	1496	microangiopatía trombótica	126729006	EXACT
es-S2254-28842014000200009-1	T4	ENFERMEDAD	1024	1027	PTT	78129009	EXACT
es-S2254-28842014000200009-1	T6	ENFERMEDAD	1047	1050	LES	55464009	EXACT
es-S2254-28842014000200009-1	T7	ENFERMEDAD	206	229	Tiroiditis de Hashimoto	21983002	EXACT
es-S2254-28842014000200009-1	T15	ENFERMEDAD	490	501	presíncopes	427461000	EXACT
es-S1130-01082009000600013-1	T1	ENFERMEDAD	777	800	papilomatosis bowenoide	402913004	EXACT
es-S1130-01082009000600013-1	T2	ENFERMEDAD	802	831	neoplasia intraepitelial anal	255143004	EXACT
es-S1130-01082009000600013-1	T4	ENFERMEDAD	408	482	lesión pigmentada, de bordes ligeramente verrucosos, en la región perianal	201340008	NARROW
es-S1130-01082009000600013-1	T5	ENFERMEDAD	630	645	hiperqueratosis	396228006	EXACT
es-S1130-01082009000600013-1	T6	ENFERMEDAD	648	662	paraqueratosis	200766001	EXACT
es-S0211-69952016000200176-1	T1	ENFERMEDAD	66	123	glomerulonefritis extracapilar tipo iii asociada a C-ANCA	101711000119105	NARROW
es-S0211-69952016000200176-1	T3	ENFERMEDAD	384	398	mielotoxicidad	762299008	EXACT
es-S1137-66272013000100024-1	T1	ENFERMEDAD	649	675	artritis séptica de cadera	431606003	EXACT
es-S1137-66272013000100024-1	T2	ENFERMEDAD	1090	1105	fracaso vacunal	95870002	EXACT
es-S1137-66272013000100024-1	T3	ENFERMEDAD	743	769	líquido sinovial purulento	3519007	NARROW
es-S1137-66272013000100024-1	T4	ENFERMEDAD	970	986	artritis séptica	396234004	EXACT
es-S0211-57352013000300011-1	T5	ENFERMEDAD	3698	3744	delirios, de influencia corporal, de telepatía	2776000	NARROW
es-S0211-57352013000300011-1	T8	ENFERMEDAD	3759	3787	fenómeno alucinatorio simple	7011001	NARROW
es-S0211-57352013000300011-1	T11	ENFERMEDAD	3053	3062	Potomanía	15945005	EXACT
es-S0211-57352013000300011-1	T13	ENFERMEDAD	3101	3130	diabetes insípida nefrogénica	111395007	EXACT
es-S0211-57352013000300011-1	T14	ENFERMEDAD	2357	2366	potomanía	15945005	EXACT
es-S0211-57352013000300011-1	T16	ENFERMEDAD	2433	2459	alucinaciones cenestésicas	85550003	EXACT
es-S0211-57352013000300011-1	T20	ENFERMEDAD	3620	3646	consumo abusivo de alcohol	15167005	EXACT
es-S0211-57352013000300011-1	T23	ENFERMEDAD	2689	2774	Trastorno Esquizoafectivo mixto, con síntomas psicóticos congruentes y no congruentes	270901009	NARROW
es-S0211-57352013000300011-1	T25	ENFERMEDAD	2778	2794	Abuso de alcohol	15167005	EXACT
es-S0211-57352013000300011-1	T27	ENFERMEDAD	1078	1104	consumo abusivo de alcohol	15167005	EXACT
es-S0211-57352013000300011-1	T29	ENFERMEDAD	1256	1272	Abuso de alcohol	15167005	EXACT
es-S0211-57352013000300011-1	T30	ENFERMEDAD	801	819	episodio depresivo	871840004	EXACT
es-S0211-57352013000300011-1	T31	ENFERMEDAD	1983	1985	DC	44906001	EXACT
es-S0211-57352013000300011-1	T32	ENFERMEDAD	3747	3749	DC	44906001	EXACT
es-S0211-57352013000300011-1	T33	ENFERMEDAD	4039	4041	DC	44906001	EXACT
es-S1139-76322016000300009-1	T1	ENFERMEDAD	1177	1206	calcificación intratesticular	237896000	NARROW
es-S1139-76322016000300009-1	T2	ENFERMEDAD	803	815	epididimitis	31070006	EXACT
es-S1139-76322016000300009-1	T3	ENFERMEDAD	1424	1457	microcalcificaciones testiculares	64910008	NARROW
es-S1139-76322016000300009-1	T4	ENFERMEDAD	840	858	torsión testicular	81996005	EXACT
es-S1139-76322016000300009-1	T5	ENFERMEDAD	906	935	calcificación intratesticular	237896000	NARROW
es-S0210-48062005000300014-1	T4	ENFERMEDAD	59	74	Hipertiroidismo	34486009	EXACT
es-S0210-48062005000300014-1	T7	ENFERMEDAD	1071	1099	vena renal estaba trombosada	15842009	EXACT
es-S1137-66272012000300023-1	T2	ENFERMEDAD	238	287	leve disminución del factor VII de la coagulación	37193007	NARROW
es-S1137-66272012000300023-1	T8	ENFERMEDAD	613	625	hematoquecia	405729008	EXACT
es-S1130-05582014000300006-1	T2	ENFERMEDAD	152	178	adenoma de células basales	27230006	EXACT
es-S1130-05582014000300006-1	T5	ENFERMEDAD	442	475	invasión perineural e intraneural	94442001	NARROW
es-S1130-05582014000300006-1	T7	ENFERMEDAD	1468	1501	invasión perineural e intraneural	94442001	NARROW
es-S1130-05582014000300006-1	T8	ENFERMEDAD	1601	1620	invasión perineural	698081007	EXACT
es-S1134-80462015000200005-1	T1	ENFERMEDAD	1303	1319	policontusionado	373600006	EXACT
es-S1134-80462015000200005-1	T3	ENFERMEDAD	826	849	contusión pulmonar leve	262784001	NARROW
es-S1134-80462015000200005-1	T4	ENFERMEDAD	2014	2038	hepatopatía aguda tóxica	197354009	NARROW
es-S1134-80462015000200005-1	T9	ENFERMEDAD	940	1002	fractura de la rama isquiopubiana izquierda sin desplazamiento	301033000	NARROW
es-S1134-80462015000200005-1	T10	ENFERMEDAD	2871	2879	distimia	78667006	EXACT
es-S1134-80462015000200005-1	T11	ENFERMEDAD	1097	1140	avulsión ósea del borde iliaco superomedial	700009007	NARROW
es-S1134-80462015000200005-1	T12	ENFERMEDAD	1240	1274	prominencia discal difusa en L4-L5	443700006	NARROW
es-S1134-80462015000200005-1	T13	ENFERMEDAD	1004	1076	diástasis de 10 mm en la porción superior de la articulación sacroiliaca	29885006	NARROW
es-S1130-05582007000500007-1	T1	ENFERMEDAD	817	858	tumor odontogénico epitelial calcificante	83048004	EXACT
es-S1130-05582007000500007-1	T2	ENFERMEDAD	250	286	exadicto a drogas por vía parenteral	228388006	NARROW
es-S1130-05582007000500007-1	T3	ENFERMEDAD	1148	1202	tumor odontogénico epitelial calcificante de mandíbula	276968006	NARROW
es-S1130-05582007000500007-1	T8	ENFERMEDAD	1209	1246	infiltraba partes blandas periósticas	79282002	NARROW
es-S0212-16112011000300031-1	T1	ENFERMEDAD	1099	1117	síndrome de Wilkie	235806008	EXACT
es-S0212-16112011000300031-1	T2	ENFERMEDAD	1502	1523	estómago de retención	307227006	EXACT
es-S0212-16112011000300031-1	T3	ENFERMEDAD	1527	1559	alteraciones hidroelectrolíticas	237840007	EXACT
es-S0212-16112011000300031-1	T5	ENFERMEDAD	1807	1833	síndrome de realimentación	427698009	EXACT
es-S0212-16112011000300031-1	T6	ENFERMEDAD	750	791	dilatación de la segunda porción duodenal	235699006	NARROW
es-S0212-16112011000300031-1	T7	ENFERMEDAD	845	868	pinza aorto-mesentérica	235806008	EXACT
es-S0212-16112011000300031-1	T8	ENFERMEDAD	1034	1074	trastorno del comportamiento alimentario	72366004	EXACT
es-S0212-16112011000300031-1	T9	ENFERMEDAD	2321	2339	hipotonía gástrica	46218001	EXACT
