filename	label	span_ini	span_end	term	code	sem_rel	is_abbrev	is_composite	need_context
es-S0210-48062005000300014-1	SINTOMA	900	955	(áreas de necrosis) con distorsión del parénquima renal	767094002	NARROW	False	False	False
S0004-06142006000500002-2	SINTOMA	819	851	a nivel hepático varias imágenes	442684004	EXACT	False	False	True
es-S0212-71992005000600008-1	SINTOMA	825	921	Abdomen blando y depresible, doloroso a la palpación en hipocondrio derecho y zona periumbilical	301404009	EXACT	False	False	False
es-S1137-66272011000300024-1	SINTOMA	1022	1085	Abdomen blando y depresible, no doloroso, sin masas ni megalias	163133003	EXACT	False	False	False
es-S0212-71992000001200006-1	SINTOMA	762	816	abdomen discreta y difusamente doloroso a la palpación	440220007	EXACT	False	False	False
es-S1130-01082006000900014-1	SINTOMA	399	438	abdomen doloroso en hipocondrio derecho	301367001	EXACT	False	False	False
es-S1130-01082010000200011-1	SINTOMA	459	516	abdomen era blando y depresible, con dolor a la palpación	440220007	EXACT	False	False	False
es-S0210-48062005000300014-1	SINTOMA	448	479	abdomen fue blando y depresible	249543005	EXACT	False	False	False
es-S0211-69952012000700028-1	SINTOMA	960	977	abdomen globuloso	60728008	EXACT	False	False	False
es-S0210-48062005000400012-1	SINTOMA	618	635	abdomen globuloso	60728008	EXACT	False	False	False
es-S0213-12852006000600002-1	SINTOMA	1713	1752	abdomen se presentaba blando e indoloro	249543005	EXACT	False	False	False
es-S0004-06142008000300012-1	SINTOMA	523	552	Abdomen sin masas ni megalias	163133003	EXACT	False	False	False
es-S1137-66272016000300010-1	SINTOMA	920	975	Abdomen: blando, depresible, no doloroso a la palpación	163133003	EXACT	False	False	False
es-S1130-01082008001000008-1	SINTOMA	245	291	abombamiento de todo el recto anterior derecho	871692005	NARROW	False	False	True
es-S1698-44472004000400011-1	SINTOMA	505	559	abultamiento de la cortical vestibular de la mandíbula	441708007	NARROW	False	False	False
es-S0210-48062009000400015-2	SINTOMA	35	46	accidentado	417746004	EXACT	False	False	True
es-S1130-63432014000500008-1	SINTOMA	1999	2026	acortándose el intervalo QT	77867006	EXACT	False	False	False
es-S1137-66272013000100024-1	SINTOMA	173	191	actitud antiálgica	111953009	EXACT	False	False	False
es-S0376-78922007000300006-3	SINTOMA	261	292	actitud en semiflexión del dedo	424478004	EXACT	False	False	True
es-S0365-66912007000100010-1	SINTOMA	1623	1650	actividad a nivel orbitario	246912006	NARROW	False	False	True
es-S1130-01082005001200011-1	SINTOMA	2688	2735	actividad bioeléctrica cerebral de fondo normal	164717000	EXACT	False	False	False
es-S1130-01082005001200011-1	SINTOMA	4532	4570	actividad bioeléctrica de fondo normal	164717000	EXACT	False	False	True
es-S1137-66272012000300023-1	SINTOMA	1058	1139	actividad en zona de intestino delgado a nivel de ileon, ciego o colon ascendente	85919009	NARROW	False	False	True
es-S0376-78922009000300005-1	SINTOMA	425	449	actividad sexual regular	228453005	EXACT	False	False	False
es-S0212-71992004001100006-1	SINTOMA	3072	3114	actividades lentas intermitentes frontales	274521009	NARROW	False	False	True
es-S0212-71992005000600008-1	SINTOMA	2190	2245	acúmulos hipercaptantes en esqueleto axial y periférico	88230002	NARROW	False	False	False
es-S0210-48062006000400012-1	SINTOMA	1358	1390	adecuado desarrollo pondoestural	23397005	NARROW	False	False	False
es-S1130-01082008000500008-1	SINTOMA	1716	1743	adecuado estado nutricional	248324001	EXACT	False	False	False
es-S0365-66912009000300009-1	SINTOMA	470	501	adelgazamiento corneal superior	423459005	EXACT	False	False	False
es-S0365-66912012000800005-1	SINTOMA	978	1006	adelgazamiento en ambos ojos	128127008	NARROW	False	False	True
es-S1130-14732005000600009-1	SINTOMA	92	133	adormecimiento de piernas con parestesias	429783005	EXACT	False	False	False
es-S0365-66912007001000008-1	SINTOMA	1436	1485	afectación cerebral estructural parieto-occipital	274521009	NARROW	False	False	True
es-S1130-01082005001200011-1	SINTOMA	2510	2541	afectación de la memoria visual	9236007	NARROW	False	False	True
es-S1134-80462009000500006-1	SINTOMA	1472	1501	afectación de la sensibilidad	85972008	NARROW	False	False	True
es-S0212-71992005000500009-1	SINTOMA	383	416	afectación de parénquima pulmonar	301232003	NARROW	False	False	False
es-S0365-66912012000300005-1	SINTOMA	1618	1661	afectación del tercio inferior de la vagina	25658005	NARROW	False	False	False
es-S1137-66272014000200011-1	SINTOMA	3238	3306	afectación difusa de carácter miliar en ambos parénquimas pulmonares	409609008	NARROW	False	False	False
es-S0212-71992005000400007-1	SINTOMA	2101	2142	afectación difusa del parénquima hepático	767094002	NARROW	False	False	True
es-S0211-57352013000300011-1	SINTOMA	3551	3569	afectación frontal	129606007	EXACT	False	False	True
es-S1134-80462005000300004-1	SINTOMA	2741	2776	afectación grave de la sensibilidad	85972008	NARROW	False	False	False
es-S1137-66272011000100013-2	SINTOMA	747	793	afectación intersticial bilateral micronodular	64667001	NARROW	False	False	False
es-S0212-71992008000700009-1	SINTOMA	483	508	afectación intraorbitaria	371436007	EXACT	False	False	True
es-S0211-57352013000300011-1	SINTOMA	1512	1577	afectación izquierda temporoparietal que se rodea de amplio edema	195216008	NARROW	False	False	True
es-S0365-66912012000300005-1	SINTOMA	855	880	afectación macular en ojo	312999006	EXACT	False	False	False
es-S1130-01082007000700011-1	SINTOMA	827	850	afectación mediastínica	49483002	EXACT	False	False	False
es-S1137-66272010000400007-1	SINTOMA	2051	2095	afectaciones renales eran de tipo glomerular	197679002	EXACT	False	False	False
es-S1130-01082008000300010-1	SINTOMA	1237	1298	Ag bacterianos en orina: negativo para neumococo y legionella	309306009	NARROW	False	False	False
es-S0211-57352011000400009-1	SINTOMA	1702	1723	agitaciones nocturnas	24199005	NARROW	False	False	False
es-S0210-48062004000200011-1	SINTOMA	3188	3210	agregación plaquetaria	117294002	EXACT	False	False	False
es-S0365-66912008000700010-1	SINTOMA	429	473	agudeza visual (AV) inicial era de la unidad	82132006	EXACT	True	False	False
es-S0365-66912012000300005-1	SINTOMA	1296	1318	agudeza visual estable	170728008	NARROW	False	False	True
es-S0365-66912007000200011-1	SINTOMA	1395	1427	agudeza visual permanece estable	170728008	NARROW	False	False	True
es-S1134-80462009000500006-1	SINTOMA	900	908	agujetas	68962001	NARROW	False	False	False
es-S0211-57352013000300011-1	SINTOMA	2461	2479	aislamiento social	422650009	EXACT	False	False	True
es-S0212-71992005000600008-1	SINTOMA	1557	1580	alfafetoproteína normal	166558007	EXACT	False	False	False
es-S0210-48062005000300014-1	SINTOMA	2255	2279	algia músculoesquelética	68962001	EXACT	False	False	False
es-S1134-80462014000300009-1	SINTOMA	160	180	alodinia en la ingle	102570003	NARROW	False	False	False
es-S0210-48062009000200019-1	SINTOMA	1621	1648	alteración a nivel colónico	128524007	EXACT	False	False	False
es-S1130-63432014000400016-1	SINTOMA	2959	2987	alteración de la coagulación	64779008	EXACT	False	False	False
es-S1130-14732005000300004-1	SINTOMA	924	949	alteración de vías largas	118940003	NARROW	False	False	True
es-S0365-66912007000900016-1	SINTOMA	1567	1626	alteración del epitelio pigmentario retiniano (EPR) macular	421689001	EXACT	True	False	False
es-S0210-48062005000300014-1	SINTOMA	311	340	alteración del estado general	213257006	EXACT	False	False	False
es-S1130-01082007001100010-2	SINTOMA	100	134	alteración del nivel de conciencia	3006004	EXACT	False	False	False
es-S1139-76322009000700016-1	SINTOMA	507	540	alteración del ritmo deposicional	88111009	EXACT	False	False	False
es-S0211-69952016000600552-1	SINTOMA	2782	2840	alteración en el control de movimientos de la mano derecha	15929741000119101	NARROW	False	False	False
es-S1139-76322015000300013-1	SINTOMA	1033	1069	alteración en el nivel de conciencia	3006004	EXACT	False	False	False
es-S0210-48062009000300013-1	SINTOMA	485	508	alteración hemodinámica	422773005	EXACT	False	False	False
es-S1137-66272014000200013-1	SINTOMA	1093	1111	alteración nodular	129733003	EXACT	False	False	True
es-S0365-66912007000900016-1	SINTOMA	1127	1153	alteraciones campimétricas	12772003	EXACT	False	False	False
es-S1130-01082005001200011-1	SINTOMA	4318	4345	alteraciones de la conducta	430909002	EXACT	False	False	False
es-S1889-836X2015000200005-2	SINTOMA	754	789	alteraciones de la estática de pies	249990003	NARROW	False	False	True
es-S1137-66272016000300010-1	SINTOMA	1283	1333	alteraciones de la repolarización, despolarización	44808001	NARROW	False	False	False
es-S1130-63432014000500008-1	SINTOMA	1226	1262	alteraciones de marcadores cardíacos	405740000	EXACT	False	False	False
es-S1130-63432015000100008-1	SINTOMA	747	778	alteraciones del comportamiento	430909002	EXACT	False	False	False
es-S0212-71992008000700009-1	SINTOMA	1049	1069	alteraciones del ojo	371405004	EXACT	False	False	False
es-S1134-80462009000500006-1	SINTOMA	1000	1022	alteraciones del sueño	39898005	EXACT	False	False	False
es-S1137-66272016000300010-1	SINTOMA	348	385	alteraciones en el ritmo deposicional	88111009	EXACT	False	False	False
es-S1137-66272009000500016-1	SINTOMA	1786	1833	alteraciones en hígado, bazo, vejiga ni riñones	249561001	NARROW	False	False	False
es-S1130-63432014000500008-1	SINTOMA	483	516	alteraciones en la repolarización	44808001	NARROW	False	False	False
es-S1134-80462005000100007-1	SINTOMA	963	996	alteraciones en la repolarización	44808001	NARROW	False	False	False
es-S1699-695X2015000300013-1	SINTOMA	692	736	alteraciones en los reflejos osteotendinosos	46670006	EXACT	False	False	False
es-S1130-63432014000500008-1	SINTOMA	655	700	alteraciones muy difusas en la repolarización	44808001	NARROW	False	False	False
es-S1137-66272016000300010-1	SINTOMA	1415	1456	alteraciones pleuroparenquimatosas agudas	60485005	EXACT	False	False	True
es-S1130-63432014000500008-1	SINTOMA	1301	1345	alteraciones regionales en la contractilidad	233928007	NARROW	False	False	True
es-S0211-57352013000300011-1	SINTOMA	2433	2459	alucinaciones cenestésicas	85550003	EXACT	False	False	False
es-S0212-71992004001100006-1	SINTOMA	1125	1157	alucinaciones visuales complejas	64269007	NARROW	False	False	False
es-S0376-78922008000400008-1	SINTOMA	3581	3647	ambas córneas se apreció una nata fibrosa por esfacelación corneal	91514001	NARROW	False	False	False
es-S0376-78922008000400008-1	SINTOMA	4479	4513	Ambos párpados mostraron sinequias	246829005	EXACT	False	False	True
es-S1698-44472004000400011-1	SINTOMA	1940	1952	ameloblastos	20462008	EXACT	False	False	True
es-S1889-836X2015000400006-1	SINTOMA	1210	1232	aminoaciduria moderada	35912001	EXACT	False	False	False
es-S1135-76062010000300006-1	SINTOMA	1432	1488	análisis químico-toxicológico realizado resulta negativo	167008003	EXACT	False	False	True
es-S1137-66272007000500016-1	SINTOMA	187	201	ANAS negativos	165851002	EXACT	True	False	True
es-S0376-78922011000500012-1	SINTOMA	3517	3534	anestesia plantar	309087008	NARROW	False	False	False
es-S0376-78922011000500012-1	SINTOMA	1568	1585	anestesia plantar	309087008	NARROW	False	False	False
es-S0376-78922011000500012-1	SINTOMA	1139	1166	anestesia plantar izquierda	309087008	NARROW	False	False	False
es-S1887-85712016000100005-1	SINTOMA	1375	1414	Anestesia y parálisis total del miembro	86022000	NARROW	False	False	True
es-S0365-66912007000900016-1	SINTOMA	395	466	angiofluoresceingrafía (AFG) mostró múltiples puntos hiperfluorescentes	29555009	NARROW	True	False	False
es-S1130-05582009000600004-1	SINTOMA	1056	1099	ángulo mandibular derecho mucho más marcado	235082006	EXACT	False	False	False
es-S0365-66912012000700004-1	SINTOMA	417	458	anillo perimacular de puntos blanquecinos	414639009	NARROW	False	False	False
es-S0211-57352011000400009-1	SINTOMA	3082	3092	ánimo bajo	366979004	EXACT	False	False	False
es-S0211-57352011000400009-1	SINTOMA	1656	1669	ánimo decaído	366979004	EXACT	False	False	False
es-S0211-57352013000300011-1	SINTOMA	2509	2526	ánimo hipertímico	30819006	NARROW	False	False	False
es-S1139-76322015000300013-1	SINTOMA	975	1003	anomalías del ritmo cardiaco	698247007	EXACT	False	False	False
es-S0376-78922016000200011-1	SINTOMA	1816	1850	anomalías en el parénquima mamario	129792006	EXACT	False	False	True
es-S0365-66912007001000008-1	SINTOMA	1529	1553	anomalías epileptiformes	43400009	EXACT	False	False	False
es-S0365-66912012000500003-1	SINTOMA	2251	2273	anomalías tomográficas	169030006	EXACT	False	False	False
es-S0004-06142008000300012-1	SINTOMA	1317	1363	Anormalidad inespecífica de cabeza de páncreas	3855007	NARROW	False	False	False
es-S1139-76322016000400018-1	SINTOMA	1553	1643	anormalidades en el parénquima pulmonar, estructuras del cuello o columna de aire traqueal	268926000	NARROW	False	False	False
es-S0210-48062005000700012-1	SINTOMA	573	601	antibrucela-coombs: positivo	365708008	NARROW	False	False	False
es-S1130-01082005001200011-1	SINTOMA	800	847	anticuerpos anti-endomisio débilmente positivos	443718009	NARROW	False	False	False
es-S1130-01082005001200011-1	SINTOMA	738	797	anticuerpos anti-gliadina y anti-transglutaminasa negativos	440109001	NARROW	False	False	False
es-S1137-66272014000200011-1	SINTOMA	1587	1631	anticuerpos anti-TPO y anti-TG indetectables	312397004	NARROW	False	False	False
es-S1130-01082009000600013-1	SINTOMA	846	927	anticuerpos frente al virus de la inmunodeficiencia humana (VIH) fueron negativos	406108000	EXACT	True	False	False
es-S1139-76322017000100010-1	SINTOMA	968	1031	anticuerpos IgA antitransglutaminasa (> 128 U/ml) e IgA (normal	440109001	NARROW	False	False	False
es-S1137-66272011000100013-2	SINTOMA	1256	1301	antígeno galactomanano presentaba positividad	365706007	NARROW	False	False	False
es-S0378-48352004001000003-1	SINTOMA	1213	1221	antiHBe-	309306009	NARROW	False	False	False
es-S0378-48352004001000003-1	SINTOMA	1179	1187	antiHBs-	406117000	EXACT	False	False	False
S0004-06142006000100014-1	SINTOMA	1719	1746	anulación funcional derecha	155876003	EXACT	False	False	True
es-S1130-01082009000200016-1	SINTOMA	691	741	apéndice de tamaño normal y ligeramente congestivo	8744003	NARROW	False	False	False
es-S1130-01082007000100013-1	SINTOMA	939	976	apéndice era macroscópicamente normal	300307005	NARROW	False	False	False
es-S1135-76062005000100002-1	SINTOMA	2577	2643	aplanamiento del hemisferio derecho, sobre todo del lóbulo frontal	195217004	NARROW	False	False	True
es-S1888-75462015000400006-1	SINTOMA	1245	1297	apoyo monopodal alterno derecho-izquierdo es estable	282300003	NARROW	False	False	True
es-S0376-78922007000300006-3	SINTOMA	439	501	área hipoecogénica alrededor del tendón flexor del dedo índice	116311003	NARROW	False	False	False
es-S0210-48062007000700014-1	SINTOMA	683	781	área hipointensa de aproximadamente 8x2x0,8 cm. localizada en región posterior de cuerpo cavernoso	300515007	NARROW	False	False	True
es-S1130-01082006000900014-1	SINTOMA	709	754	Área pancreática de aspecto ecográfico normal	300357002	NARROW	False	False	False
es-S1135-76062010000300006-1	SINTOMA	638	708	área parduzca de 0,5 x 1 cm en la corteza cerebral del lóbulo parietal	128128003	NARROW	False	False	False
es-S0365-66912007001200011-1	SINTOMA	742	788	arquitectura normal de las empalizadas de Vogt	392315004	EXACT	False	False	True
es-S1699-695X2015000200010-1	SINTOMA	1327	1430	articulaciones metacarpo-falángicas, interfalángicas proximales e interfalángicas distales están libres	299061005	NARROW	False	False	False
es-S1130-01082009000400015-1	SINTOMA	645	692	asa aferente dilatada y replecionada de líquido	86247009	NARROW	False	False	True
es-S1887-85712012000400006-1	SINTOMA	983	1018	asas de intestino delgado dilatadas	86247009	NARROW	False	False	False
es-S0376-78922011000100010-1	SINTOMA	612	640	asimetría de crestas ilíacas	299661006	EXACT	False	False	False
es-S1130-05582009000600004-1	SINTOMA	160	194	asimetría facial derecha, indolora	15253005	EXACT	False	False	False
es-S0212-71992008000700009-1	SINTOMA	204	220	asimetría ocular	301918006	NARROW	False	False	True
es-S1134-80462014000500004-1	SINTOMA	970	989	aspecto cushingoide	67967009	EXACT	False	False	False
es-S1130-01082007000100009-1	SINTOMA	1015	1070	aspecto mucoso en empedrado en recto y colon transverso	128524007	NARROW	False	False	False
es-S0212-16112010000100017-1	SINTOMA	2335	2350	aspecto quiloso	23839001	EXACT	False	False	True
es-S0212-16112010000100017-1	SINTOMA	2732	2746	aspecto seroso	22641006	EXACT	False	False	False
es-S0212-16112010000100017-1	SINTOMA	3392	3406	aspecto seroso	22641006	EXACT	False	False	False
es-S0365-66912005001100009-2	SINTOMA	275	323	atalamia con contacto iridoendotelial periférico	371405004	NARROW	False	False	False
es-S0365-66912005001100009-2	SINTOMA	394	417	atalamia con hipertonía	371405004	NARROW	False	False	True
es-S1135-76062013000200010-1	SINTOMA	398	404	atonía	19532005	EXACT	False	False	False
es-S0211-57352011000400009-1	SINTOMA	2725	2750	atrofia cortical moderada	278849000	NARROW	False	False	False
es-S1137-66272009000500016-1	SINTOMA	2136	2149	aumento de BT	176271000119108	EXACT	True	False	True
es-S0004-06142008000300012-1	SINTOMA	2292	2341	aumento de calibre de vena porta y suprahepáticas	161991006	NARROW	False	False	False
es-S1130-01082010000700014-1	SINTOMA	1208	1247	aumento de eosinófilos en lámina propia	417967008	NARROW	False	False	False
es-S1130-01082007000400010-1	SINTOMA	684	699	aumento de FFAA	274770006	EXACT	True	False	True
es-S0210-48062004000500009-1	SINTOMA	117	157	aumento de frecuencia miccional nocturna	139394000	EXACT	False	False	False
es-S1130-01082008001000008-1	SINTOMA	371	436	aumento de la atenuación y volumen del recto anterior del abdomen	871692005	NARROW	False	False	False
es-S0210-48062004000200011-1	SINTOMA	735	787	aumento de la consistencia del epidídimo y del teste	249230006	NARROW	False	False	False
es-S1137-66272013000200023-1	SINTOMA	3610	3645	aumento de la creatinina plasmática	166717003	EXACT	False	False	False
es-S0365-66912007000100009-1	SINTOMA	1122	1151	aumento de la grasa orbitaria	246838007	EXACT	False	False	False
es-S0211-57352011000400009-1	SINTOMA	3989	4023	aumento de la osmolaridad urinaria	167244000	EXACT	False	False	False
es-S0365-66912007000100010-1	SINTOMA	1329	1346	aumento de la PIO	112222000	EXACT	True	False	True
es-S0365-66912007000200011-1	SINTOMA	1843	1938	aumento de la reflectividad posterior a la altura del complejo epitelio pigmentado-coriocapilar	247103004	NARROW	False	False	False
es-S0365-66912004000900009-1	SINTOMA	852	902	aumento de la resistencia a la proteína c activada	421527008	EXACT	False	False	True
es-S1139-76322015000400012-1	SINTOMA	1195	1244	aumento de la velocidad de sedimentación globular	165468009	EXACT	False	False	False
es-S0210-48062005000300014-1	SINTOMA	1224	1241	aumento de la VSG	165468009	EXACT	True	False	True
es-S0212-71992004001100006-1	SINTOMA	257	274	aumento de la VSG	165468009	EXACT	True	False	True
es-S0365-66912004001000008-1	SINTOMA	1533	1547	aumento de PIO	112222000	EXACT	True	False	True
es-S0212-71992004001100006-1	SINTOMA	2484	2498	aumento de PTH	66999008	EXACT	True	False	True
es-S1134-80462005000100007-1	SINTOMA	617	657	aumento de trama broncovascular en bases	409609008	NARROW	False	False	False
es-S1130-01082006000900014-1	SINTOMA	782	822	aumento de volumen de cabeza pancreática	425810000	NARROW	False	False	False
es-S0212-71992008000700009-1	SINTOMA	1092	1154	aumento de volumen de la parte derecha de la cara y del cuello	274755005	EXACT	False	False	False
es-S1130-05582009000600004-1	SINTOMA	505	558	aumento de volumen en la región del ángulo mandibular	441708007	NARROW	False	False	False
es-S0004-06142008000400011-2	SINTOMA	303	332	aumento de volumen testicular	276412008	EXACT	False	False	False
es-S0210-48062004000200011-1	SINTOMA	110	162	aumento del diámetro y de la consistencia testicular	276412008	EXACT	False	False	False
es-S1130-05582008000400004-1	SINTOMA	820	875	aumento del tamaño de la glándula paratiroidea inferior	9092004	NARROW	False	False	False
es-S0004-06142008000300011-1	SINTOMA	153	195	aumento del tamaño testicular e induración	276412008	EXACT	False	False	False
es-S0210-48062007001000004-1	SINTOMA	442	463	aumento del testículo	276412008	EXACT	False	False	False
es-S1130-05582014000400006-2	SINTOMA	242	352	aumento del volumen en la región submandibular que se extiende a la región cervical anterior y supraclavicular	24411000119104	NARROW	False	False	False
es-S0004-06142008000300011-1	SINTOMA	338	368	aumento del volumen testicular	276412008	EXACT	False	False	False
es-S0211-69952009000600023-1	SINTOMA	444	526	aumento difuso de la fijación del lóbulo paratiroideo inferior izquierdo y derecho	73132005	NARROW	False	False	True
es-S0004-06142010000100015-1	SINTOMA	217	256	aumento difuso del tamaño del testículo	276412008	EXACT	False	False	False
es-S0211-69952015000500015-2	SINTOMA	266	301	Aumento esporádico de transaminasas	707724006	EXACT	False	False	False
es-S0365-66912012000800005-1	SINTOMA	497	550	aumento marcado de la excavación papilar en ambos ojo	890396001	EXACT	False	False	True
es-S0210-48062006000200018-1	SINTOMA	119	155	aumento moderado de volumen escrotal	276331001	EXACT	False	False	False
es-S0376-78922016000200011-1	SINTOMA	1485	1513	aumento paulatino de la mama	366346006	NARROW	False	False	True
S0004-06142007000600012-1	SINTOMA	167	219	aumento progresivo de los órganos genitales externos	300479008	NARROW	False	False	False
es-S0212-71992005000600008-1	SINTOMA	1511	1555	ausencia de componente M en el proteinograma	131137002	NARROW	False	False	False
es-S1137-66272011000300024-1	SINTOMA	2391	2428	Ausencia de cuerpo y cola pancreática	204806003	EXACT	False	False	True
es-S0212-16112010000600024-1	SINTOMA	103	125	ausencia de deposición	300377009	EXACT	False	False	True
es-S0210-56912008000400007-3	SINTOMA	782	806	ausencia de pulso radial	301165004	EXACT	False	False	False
es-S1699-65852007000300003-1	SINTOMA	690	763	ausencia del segundo premolar superior derecho y el primer molar inferior	234948008	NARROW	False	False	False
es-S0211-69952016000200176-1	SINTOMA	1694	1787	autoinmunidad (ANA, anticuerpos anti-MBG, complemento, crioglobulinas, etc.) fueron negativos	165878000	NARROW	True	False	False
es-S1887-85712014000100005-1	SINTOMA	2200	2222	autonomía de la marcha	165245003	EXACT	False	False	False
es-S0365-66912012001100004-5	SINTOMA	582	611	AV de la unidad en ambos ojos	82132006	EXACT	True	False	True
es-S0365-66912009001100005-3	SINTOMA	645	665	AV estaba conservada	82132006	EXACT	True	False	True
es-S1139-76322016000400018-1	SINTOMA	288	303	ávido por comer	102608004	EXACT	False	False	False
es-S1699-695X2015000200010-1	SINTOMA	1148	1167	BA de codo completo	304299008	EXACT	True	False	True
es-S1137-66272011000100013-2	SINTOMA	1095	1135	baciloscopias de esputo fueron negativas	167996009	EXACT	False	False	False
es-S1130-01082008000300010-1	SINTOMA	1203	1235	Bacteriología de esputo negativa	167987009	NARROW	False	False	False
es-S0365-66912012000700004-1	SINTOMA	74	98	baja agudeza visual (AV)	170728008	EXACT	True	False	False
es-S1699-695X2015000200010-1	SINTOMA	803	854	balance articular (BA) de las muñecas era simétrico	299016006	EXACT	True	False	False
es-S0212-71992004001100006-1	SINTOMA	1971	1998	balance motor era simétrico	298312007	EXACT	False	False	False
es-S0378-48352006000300005-1	SINTOMA	1722	1753	banda minimonoclonal IgM lambda	285426000	NARROW	False	False	False
es-S1130-01082005001200011-1	SINTOMA	3075	3140	bandas oligoclonales y análisis serológico múltiple, fue negativo	442225006	NARROW	False	False	False
es-S1130-01082007001100010-1	SINTOMA	379	393	bazo homogéneo	300563005	NARROW	False	False	False
es-S1130-01082007001200014-1	SINTOMA	802	887	benzodiazepinas, mianserina, ibuprofeno y ketoprofeno en concentraciones terapéuticas	494716691000132104	NARROW	False	False	False
es-S1130-01082010000200011-1	SINTOMA	413	427	bien hidratada	1144674006	EXACT	False	False	False
es-S0365-66912004001200010-2	SINTOMA	447	489	biomicroscopía de polo anterior fue normal	301936006	EXACT	False	False	False
es-S1135-76062005000100002-1	SINTOMA	4402	4416	bolas axonales	106144008	NARROW	False	False	True
es-S0376-78922012000300010-1	SINTOMA	214	232	bolsas palpebrales	103268003	EXACT	False	False	True
es-S0376-78922012000300010-1	SINTOMA	1176	1194	bolsas palpebrales	103268003	EXACT	False	False	False
es-S0004-06142008000500009-1	SINTOMA	813	845	borramiento de la línea de psoas	609624008	NARROW	False	False	True
es-S0376-78922009000100014-1	SINTOMA	123	153	brazo izquierdo. La tumoración	309525008	EXACT	False	False	False
es-S1137-66272007000500016-1	SINTOMA	1295	1330	brote oligoarticular incapacitante,	250098005	EXACT	False	False	False
es-S0211-69952016000600552-1	SINTOMA	3535	3609	brotes de actividad paroxística [ondas theta] en región temporal izquierda	251496007	NARROW	False	False	False
es-S0211-69952016000600552-1	SINTOMA	3711	3758	brotes paroxísticos bilaterales de ondas agudas	251479006	NARROW	False	False	False
es-S1139-76322009000100006-1	SINTOMA	674	684	buen color	77775007	EXACT	False	False	False
es-S1887-85712016000100005-1	SINTOMA	3174	3208	buen estado vasculonervioso distal	1148973008	EXACT	False	False	False
es-S1139-76322009000700016-1	SINTOMA	986	1002	buena coloración	77775007	EXACT	False	False	False
es-S0210-48062009000400015-2	SINTOMA	775	806	buena curación de las fracturas	125163009	NARROW	False	False	False
es-S1137-66272009000500016-1	SINTOMA	1607	1654	buena diferenciación de sustancia blanca y gris	830121005	NARROW	False	False	True
es-S1134-80462015000200005-1	SINTOMA	1448	1475	buena dinámica respiratoria	22803001	EXACT	False	False	True
es-S0004-06142008000300012-1	SINTOMA	2837	2862	buena función ventricular	371859008	NARROW	False	False	True
es-S0365-66912004001000008-1	SINTOMA	1221	1241	buena función visual	45089002	EXACT	False	False	False
es-S1139-76322009000100006-1	SINTOMA	370	393	buena ganancia ponderal	8943002	EXACT	False	False	False
es-S1139-76322009000700016-1	SINTOMA	949	984	buena hidratación de piel y mucosas	1144674006	EXACT	False	False	False
es-S0211-69952012000500025-1	SINTOMA	1947	1973	buena perfusión de la mano	366216006	NARROW	False	False	False
es-S1137-66272016000300010-1	SINTOMA	720	742	Buena perfusión distal	45332005	EXACT	False	False	True
es-S0365-66912006000900010-1	SINTOMA	1454	1476	buena visión binocular	45089002	EXACT	False	False	False
es-S1130-14732005000300004-1	SINTOMA	499	506	bultoma	4147007	EXACT	False	False	False
es-S1139-76322015000400012-1	SINTOMA	390	409	bultos en la cabeza	10683471000119104	EXACT	False	False	True
es-S0212-71992004001100006-1	SINTOMA	2598	2620	CA 15,3 estaba elevado	396701002	NARROW	False	False	False
es-S1888-75462015000400006-1	SINTOMA	1912	1958	cabeza femoral presenta un pequeño islote óseo	879910002	NARROW	False	False	True
es-S1135-76062013000200010-1	SINTOMA	1765	1797	cadáver muy pálido con livideces	56430004	EXACT	False	False	False
es-S0212-71992005001100007-1	SINTOMA	2411	2439	cadenas ligeras Kappa libres	414764000	NARROW	False	False	True
es-S1137-66272010000400007-1	SINTOMA	1964	1982	cadmio en la orina	441811002	NARROW	False	False	False
es-S1137-66272010000400007-1	SINTOMA	1896	1912	cadmio en sangre	274891006	NARROW	False	False	False
es-S1130-01082006000900014-1	SINTOMA	1571	1605	caída de las cifras de hemoglobina	165397008	EXACT	False	False	False
es-S1130-01082005001200011-1	SINTOMA	1819	1836	caídas frecuentes	279992002	EXACT	False	False	False
es-S1130-05582008000400004-5	SINTOMA	335	361	calcemia permaneció normal	166701009	EXACT	False	False	False
es-S0210-48062007001000004-1	SINTOMA	2137	2191	Calcificación en vertiente anteroinferior de testículo	300492006	NARROW	False	False	False
es-S1139-76322016000300009-1	SINTOMA	1177	1206	calcificación intratesticular	18115005	NARROW	False	False	False
es-S1134-80462014000500004-1	SINTOMA	1375	1448	calcificaciones groseras en tejidos de partes blandas de cavidad torácica	280129003	NARROW	False	False	False
es-S1134-80462014000500004-1	SINTOMA	1568	1705	calcificaciones musculares en territorio pectoral, periescapular, dorsal, paravertebral y fundamentalmente en territorio glúteo izquierdo	446993003	NARROW	False	False	False
es-S0210-48062004000200011-1	SINTOMA	1538	1603	calcificaciones que afectan a polo superior, inferior y epidídimo	236763001	NARROW	False	False	False
es-S0365-66912007000900010-1	SINTOMA	1631	1663	calcio en sangre fueron normales	166701009	EXACT	False	False	False
es-S0210-48062004000800009-1	SINTOMA	1658	1734	cambios postquirúrgicos a nivel de la cortical renal y de la grasa adyacente	79131000119100	NARROW	False	False	False
es-S0212-16112009000600018-1	SINTOMA	1189	1247	cambios postquirúrgicos de linfadenectomía retroperitoneal	128071005	NARROW	False	False	False
es-S0211-69952009000600023-1	SINTOMA	2037	2086	Campimetría: fuera de límites normales para el OD	19900004	NARROW	True	False	True
es-S0365-66912007000100009-1	SINTOMA	1425	1474	campo visual se observa una reducción concéntrica	421561005	EXACT	False	False	False
es-S0376-78922008000400008-1	SINTOMA	1576	1612	capa blanquecina en lengua y faringe	300243002	NARROW	False	False	False
es-S0212-16112010000100017-1	SINTOMA	1253	1281	capacidad funcional reducida	8510008	EXACT	False	False	True
es-S1130-01082007000100009-1	SINTOMA	603	613	caquéctico	238108007	EXACT	False	False	False
es-S0212-16112010000600024-1	SINTOMA	827	842	caquexia severa	28928000	EXACT	False	False	False
es-S0211-69952012000500025-1	SINTOMA	539	618	cara anterior del antebrazo izquierdo presentaba una enorme tumoración pulsátil	448928006	NARROW	False	False	False
es-S1130-01082007001100009-1	SINTOMA	685	748	cara lateral izquierda de la ampolla rectal un área eritematosa	249632006	NARROW	False	False	False
es-S0210-48062007000300014-1	SINTOMA	141	181	caracteres sexuales secundarios normales	472992004	EXACT	False	False	False
es-S0210-48062009000600012-1	SINTOMA	3197	3228	cariotipo con resultado de 46XY	734876009	EXACT	False	False	False
es-S0210-48062007000300014-1	SINTOMA	2025	2041	Cariotipo: 46,XY	734876009	EXACT	False	False	False
es-S0210-56912008000200007-1	SINTOMA	1827	1874	catéter peritoneal (crecimiento de C. albicans)	430958003	NARROW	False	False	True
es-S1139-76322017000100010-1	SINTOMA	115	133	cefalea bitemporal	41413006	EXACT	False	False	False
es-S0212-71992004001100006-1	SINTOMA	195	234	cefalea localizada en cara y hemicráneo	162300006	EXACT	False	False	False
es-S1698-69462006000100006-1	SINTOMA	205	255	cefalea tensional en regiones occipital y temporal	398057008	EXACT	False	False	False
es-S1137-66272016000200010-1	SINTOMA	1115	1146	células gigantes multinucleadas	60401004	EXACT	False	False	False
es-S0212-71992004001100006-1	SINTOMA	3760	3783	células malignas en LCR	230156002	EXACT	True	False	True
es-S1137-66272013000100023-1	SINTOMA	2003	2022	células neoplásicas	88400008	EXACT	False	False	True
es-S0376-78922008000400008-1	SINTOMA	2891	2898	Cetonas	167288007	EXACT	False	False	True
es-S0210-48062007000300014-1	SINTOMA	1516	1581	Chlamydia, Micoplasma y Ureaplasma en secreción uretral negativos	168344001	NARROW	False	False	False
es-S1139-76322009000100006-1	SINTOMA	881	895	cianosis acras	95442007	EXACT	False	False	False
es-S1130-01082007001100010-2	SINTOMA	140	216	cifras de amonio durante el ingreso se mantuvieron persistentemente elevadas	9360008	EXACT	False	False	False
es-S1130-01082007001100010-1	SINTOMA	733	775	cifras de amonio persistentemente elevadas	9360008	EXACT	False	False	False
es-S1137-66272012000300024-1	SINTOMA	1013	1043	cifras de hemoglobina normales	165399006	EXACT	False	False	False
es-S0365-66912004000900009-1	SINTOMA	739	777	cifras elevadas de protrombina tisular	409674002	EXACT	False	False	False
es-S1130-01082008000200010-1	SINTOMA	1782	1852	circulación colateral en los ligamentos gastrohepático y periesplénico	128052008	NARROW	False	False	True
es-S1698-69462006000100003-1	SINTOMA	585	615	circunferencia craneana grande	248374004	EXACT	False	False	True
es-S0210-48062005000400012-1	SINTOMA	958	1002	citología fue positiva para células malignas	309307000	NARROW	False	False	False
es-S0212-71992000001200006-1	SINTOMA	1719	1750	CMV en cultivo celular de orina	168208008	NARROW	True	False	True
es-S0212-71992000001200006-1	SINTOMA	1622	1656	CMV en cultivo de biopsia de colon	235749000	EXACT	True	False	True
es-S0211-69952016000600552-1	SINTOMA	1153	1173	coagulación normales	71269007	EXACT	False	False	False
es-S1130-01082008000300010-1	SINTOMA	1091	1110	Coagulación: normal	165562007	EXACT	False	False	False
es-S0211-69952009000600023-1	SINTOMA	859	878	Coagulograma normal	165562007	EXACT	False	False	False
es-S1130-14732005000300004-1	SINTOMA	1489	1517	colapsa la arteria vertebral	90520006	NARROW	False	False	True
es-S0376-78922009000400011-1	SINTOMA	995	1026	colección de material purulento	128477000	EXACT	False	False	False
es-S1130-14732005000600009-1	SINTOMA	738	816	colección polilobulada, intrarraquídea, extradural que comprimía el saco dural	299736000	NARROW	False	False	True
es-S1888-75462015000400006-1	SINTOMA	2107	2134	collar osteofitario femoral	271092002	NARROW	False	False	False
es-S0376-78922011000100010-1	SINTOMA	656	688	colon por enema opaco fue normal	168833002	NARROW	False	False	False
es-S1137-66272012000100017-1	SINTOMA	2080	2114	colonias de color amarillo pálidas	84324009	NARROW	False	False	False
es-S1137-66272016000200010-1	SINTOMA	1790	1828	colonoscopia de control que fue normal	313170008	EXACT	False	False	False
es-S1137-66272012000300023-1	SINTOMA	1241	1346	colonoscopia en la que se observaron restos hemáticos por todo el trayecto explorado hasta 15 cm de ileon	313172000	NARROW	False	False	False
es-S1130-01082009000200016-1	SINTOMA	301	379	colonoscopia que alcanza hasta íleon terminal, con una mucosa y calibre normal	313170008	EXACT	False	False	False
es-S1137-66272016000300010-1	SINTOMA	683	718	Coloración normal de piel y mucosas	77775007	EXACT	False	False	False
es-S1889-836X2015000400006-1	SINTOMA	607	646	columna que mostró signos degenerativos	762305005	EXACT	False	False	False
es-S1139-76322009000100006-1	SINTOMA	979	1002	complejos QRS estrechos	28630001	EXACT	False	False	False
es-S0378-48352006000300005-1	SINTOMA	2206	2259	componente atelectásico con desviación del mediastino	46621007	NARROW	False	False	False
es-S1698-69462006000100006-1	SINTOMA	434	453	componente doloroso	22253000	EXACT	False	False	False
es-S1139-76322013000200009-1	SINTOMA	417	438	componente vegetativo	722998005	EXACT	False	False	False
es-S1139-76322016000400018-1	SINTOMA	2285	2335	compresión extrínseca 2 cm por encima de la carina	69061003	NARROW	False	False	True
es-S1130-05582003000600004-2	SINTOMA	1543	1574	compromiso del cornete inferior	249355003	NARROW	False	False	False
es-S0211-69952009000600023-1	SINTOMA	1917	1963	compromisos de la vía óptica de grado moderado	54767005	NARROW	False	False	True
es-S1135-76062013000100008-1	SINTOMA	1668	1740	concentraciones subterapéuticas de metoclopramida, ibuprofeno y diazepam	860749004	NARROW	False	False	False
es-S1134-80462015000200005-1	SINTOMA	2756	2796	Concilió el sueño de forma satisfactoria	314939008	NARROW	False	False	False
es-S1130-01082008000300010-1	SINTOMA	1540	1571	condensación en lóbulo superior	95436008	NARROW	False	False	False
es-S0378-48352006000300005-1	SINTOMA	536	561	condensación paracardiaca	128308005	NARROW	False	False	False
es-S1887-85712016000100005-1	SINTOMA	828	857	condiciones generales estable	301459008	EXACT	False	False	True
es-S0211-57352013000300011-1	SINTOMA	3492	3535	conductas verbales socialmente inapropiadas	297265001	EXACT	False	False	False
es-S1130-01082007001200014-1	SINTOMA	720	767	conductos cístico y colédoco estaban permeables	300339003	NARROW	False	False	False
es-S1130-01082005001200011-1	SINTOMA	4381	4397	confusión mental	40917007	EXACT	False	False	False
es-S1137-66272011000100013-2	SINTOMA	618	637	conglomerado en LSD	8701000175105	NARROW	True	False	True
es-S1137-66272011000100013-2	SINTOMA	842	881	conglomerado en LSD con calcificaciones	445249002	NARROW	True	False	True
es-S0365-66912007001200011-1	SINTOMA	551	577	conjuntivalización corneal	231929005	NARROW	False	False	False
es-S0376-78922008000400008-1	SINTOMA	798	821	conjuntivas hiperémicas	76849009	EXACT	False	False	False
es-S1137-66272014000200013-1	SINTOMA	2669	2700	conservación del estado general	427868000	EXACT	False	False	True
es-S1130-01082009000500007-1	SINTOMA	916	962	conservación del reflejo rectoanal inhibitorio	299866004	EXACT	False	False	False
es-S0365-66912006000900010-1	SINTOMA	1236	1267	conservando la motilidad ocular	103251002	EXACT	False	False	False
es-S1130-01082008000300010-1	SINTOMA	1910	1964	consolidación en resolución parcial en lóbulo inferior	95436008	NARROW	False	False	False
es-S1130-01082008000300010-1	SINTOMA	1771	1826	consolidación parenquimatosa extensa en lóbulo superior	95436008	NARROW	False	False	False
es-S0365-66912005001100009-1	SINTOMA	1022	1046	contacto iridoendotelial	129623003	EXACT	False	False	True
es-S1137-66272013000100024-1	SINTOMA	593	627	contenido ecogénico intraarticular	167899003	NARROW	False	False	False
es-S1135-76062013000100008-1	SINTOMA	1362	1396	contenido gástrico en la vía aérea	278693002	EXACT	False	False	True
es-S1130-14732006000200011-1	SINTOMA	1898	1946	conteniendo el díploe tejido fibroso cigatricial	713668006	NARROW	False	False	True
es-S0210-48062006000900012-2	SINTOMA	1969	1980	continencia	45850009	EXACT	False	False	True
es-S0004-06142008000700003-1	SINTOMA	894	947	contorno débilmente cálcico en pelvis en área vesical	31204009	NARROW	False	False	True
es-S1137-66272011000300024-1	SINTOMA	311	329	control metabólico	170763003	NARROW	False	False	True
es-S1130-01082008000300010-1	SINTOMA	3134	3169	controles radiológicos son normales	408573005	EXACT	False	False	False
es-S0376-78922016000200012-1	SINTOMA	2738	2755	convexidad lumbar	424774003	NARROW	False	False	True
es-S0210-48062004000200011-1	SINTOMA	3233	3294	Coombs directo siendo débilmente positivo a inmunoglobulina G	165773002	NARROW	False	False	False
es-S1130-01082010000700014-1	SINTOMA	343	367	coprocultivos: negativos	307811009	EXACT	False	False	False
S0004-06142007000600014-1	SINTOMA	668	725	cordón espermático derecho una imagen de señal baja en T2	300509007	NARROW	False	False	False
es-S0210-56912008000400007-3	SINTOMA	864	904	correcta localización de la endoprótesis	722810000	NARROW	False	False	False
es-S1137-66272012000300024-1	SINTOMA	834	870	correctos niveles de anticoagulación	365634009	NARROW	False	False	True
es-S1137-66272016000300010-1	SINTOMA	1549	1590	creatinina plasmática en valores normales	166716007	EXACT	False	False	False
es-S1130-01082008000300010-1	SINTOMA	838	857	crepitantes en base	284520004	EXACT	False	False	False
es-S0212-71992005000400007-1	SINTOMA	636	664	crepitantes en base pulmonar	284520004	EXACT	False	False	False
es-S0210-48062004000200011-1	SINTOMA	529	568	crepitantes en la auscultación pulmonar	48409008	EXACT	False	False	False
es-S0212-71992005000600008-1	SINTOMA	691	731	Crepitantes en la base pulmonar izquierd	284520004	EXACT	False	False	False
es-S0212-71992004001100006-1	SINTOMA	3541	3616	cresta iliaca presentó trabéculas artefactadas sin actividad hematopoyética	417735002	NARROW	False	False	True
es-S0376-78922008000400008-1	SINTOMA	376	393	crisis convulsiva	91175000	EXACT	False	False	False
es-S0212-71992004001100006-1	SINTOMA	1054	1087	crisis de sacudidas en hemicuerpo	27369003	NARROW	False	False	True
es-S0376-78922008000400008-1	SINTOMA	2907	2916	Cristales	46784006	EXACT	False	False	True
es-S0365-66912007000900010-1	SINTOMA	2987	3017	cristalino estaba transparente	840672002	EXACT	False	False	False
es-S1134-80462014000500004-1	SINTOMA	2512	2533	cuadros inflamatorios	128139000	EXACT	False	False	False
es-S0004-06142008000700003-1	SINTOMA	1340	1367	cuerpo extraño intravesical	211649008	EXACT	False	False	False
es-S1137-66272011000100013-2	SINTOMA	1141	1191	cultivo de esputo positivo para Aspergillus flavus	13290001000004109	EXACT	False	False	False
es-S0365-66912009000300009-1	SINTOMA	668	739	cultivo de exudado conjuntival son positivos para Neisseria Gonorrhoeae	168288005	NARROW	False	False	False
es-S1139-76322016000300008-1	SINTOMA	1817	1855	cultivo de exudado Staphycoccus aureus	406602003	NARROW	False	False	True
es-S1130-01082008000300010-1	SINTOMA	2329	2380	cultivo de Legionella, Gram, BAAR y hongos negativo	708118007	EXACT	False	False	False
es-S0211-69952013000200018-1	SINTOMA	840	945	cultivo del exudado de las úlceras fue positivo para Pseudomona aeruginosa y Streptococcus beta no A no B	442635007	NARROW	False	False	False
S0004-06142006000100014-1	SINTOMA	2621	2656	cultivo del fluido resulto negativo	708118007	EXACT	False	False	False
es-S0376-78922009000400011-1	SINTOMA	1658	1706	cultivo detectó la presencia de Proteus vulgaris	442635007	NARROW	False	False	True
es-S1130-01082007000100009-1	SINTOMA	255	298	cultivo positivo para Staphylococcus aureus	442635007	NARROW	False	False	False
es-S1137-66272011000300024-1	SINTOMA	2493	2548	cultivo vulvovaginal fue positivo para Candida albicans	168358004	NARROW	False	False	False
es-S0378-48352006000300005-1	SINTOMA	423	497	cultivo y las tinciones de Gram y Ziehl-Neelsen de esputo fueron negativos	708118007	NARROW	False	False	False
es-S1137-66272016000200010-1	SINTOMA	1560	1589	cultivo, que fueron negativos	708118007	EXACT	False	False	False
es-S0210-48062007000300014-1	SINTOMA	1467	1502	Cultivos de orina y semen negativos	167568007	EXACT	False	False	False
es-S0376-78922008000400008-1	SINTOMA	4904	4979	cultivos de punta de catéter determinaron infección por Staphilococo Aureus	442635007	NARROW	False	False	False
es-S0212-71992004001100006-1	SINTOMA	2971	3004	cultivos del LCR fueron negativos	708118007	NARROW	True	False	True
es-S1137-66272011000100013-2	SINTOMA	1412	1447	cultivos positivos para Aspergillus	13290001000004109	EXACT	False	False	True
es-S0210-48062009000200019-1	SINTOMA	1224	1404	cultivos seriados se aislan Leuconostoc spp, Streptococcus intermedius, Clostridium perfringens, Escherichia Coli, Bacteroides ovatus, Corynebacterium spp. y Pseudomonas aeruginosa	88458008	NARROW	False	False	True
es-S1137-66272007000500016-1	SINTOMA	2087	2106	datos inflamatorios	409774005	NARROW	False	False	False
es-S1888-75462016000400180-1	SINTOMA	1618	1635	D-Dímero positivo	449830004	EXACT	False	False	False
es-S0376-78922008000400008-1	SINTOMA	5237	5259	deambulación con ayuda	427512004	EXACT	False	False	False
es-S1130-01082005001200011-1	SINTOMA	2193	2236	deambulación se vio seriamente comprometida	9589009	EXACT	False	False	False
es-S1889-836X2015000400006-1	SINTOMA	911	952	debilidad muscular de predominio proximal	249939004	EXACT	False	False	False
es-S1139-76322015000400012-1	SINTOMA	507	514	decaída	87521009	EXACT	False	False	False
es-S0365-66912012000800005-1	SINTOMA	1249	1284	defecto arciforme superior en el OD	332131000119107	NARROW	True	False	True
es-S0365-66912012000800005-1	SINTOMA	1290	1314	defecto central en el OI	677511000119104	NARROW	True	False	True
es-S1130-05582015000400005-1	SINTOMA	444	473	defecto en la pared abdominal	62991000119101	EXACT	False	False	True
es-S0365-66912007001000008-1	SINTOMA	2455	2529	defecto hemianópsico homónimo izquierdo altamente congruente en ambos ojos	55634009	NARROW	False	False	False
es-S0365-66912007000200009-1	SINTOMA	594	634	defecto pupilar aferente relativo en ojo	232122003	EXACT	False	False	False
es-S0376-78922016000200012-1	SINTOMA	2488	2508	déficits funcionales	69701009	NARROW	False	False	True
es-S1699-695X2015000200010-1	SINTOMA	347	372	deformidad de las muñecas	298945002	EXACT	False	False	False
es-S1888-75462015000400006-1	SINTOMA	1455	1519	deformidad en forma de joroba en región cérvico-cefálica femoral	271092002	NARROW	False	False	False
es-S1699-695X2015000200010-1	SINTOMA	625	684	deformidad en la cara dorsal a nivel del estiloides cubital	271088009	NARROW	False	False	False
es-S1698-44472004000200012-1	SINTOMA	234	293	deformidad estética facial e interfiriéndole la masticación	118930001	NARROW	False	False	True
es-S0376-78922012000400009-1	SINTOMA	45	63	deformidad peneana	33958003	NARROW	False	False	True
es-S1135-76062013000200010-1	SINTOMA	2570	2605	depósito de fibrina intrasinusoidal	16080000	NARROW	False	False	False
es-S1137-66272012000300023-1	SINTOMA	990	1035	depósito patológico a nivel de flanco derecho	118931002	NARROW	False	False	True
es-S0365-66912007000200011-1	SINTOMA	1736	1759	depresión foveal normal	398637008	NARROW	False	False	False
es-S0210-48062004000200011-1	SINTOMA	793	836	desaparición del surco epidídimo testicular	249230006	NARROW	False	False	False
es-S1139-76322016000400018-1	SINTOMA	1015	1060	desaturación del oxígeno en la pulsioximetría	238159008	EXACT	False	False	False
es-S0376-78922008000400008-1	SINTOMA	1617	1644	descarga retronasal verdosa	14310000	NARROW	False	False	False
es-S0211-69952013000200018-1	SINTOMA	1925	1983	descargas bilaterales de ondas lentas, agudas y trifásicas	251479006	NARROW	False	False	False
es-S1130-01082005001200011-1	SINTOMA	2785	2867	descargas eléctricas en forma de picos-ondas en las regiones centrales del cerebro	251503006	NARROW	False	False	False
es-S1137-66272009000500016-1	SINTOMA	2793	2807	descenso de BT	124078008	EXACT	True	False	True
es-S0210-48062007000300014-1	SINTOMA	76	109	Descenso testicular al nacimiento	300493001	NARROW	False	False	False
es-S0211-57352013000300011-1	SINTOMA	2205	2246	descompensación de síntomas psiquiátricos	75864003	EXACT	False	False	False
es-S1130-01082007001100010-1	SINTOMA	1389	1419	descompensación hidrópica leve	59927004	NARROW	False	False	True
es-S1135-76062013000200010-1	SINTOMA	1969	2002	desgarro de la cápsula de Glisson	262795007	EXACT	False	False	False
es-S1139-76322016000300015-1	SINTOMA	1177	1204	desgarro en base del cordón	373680009	EXACT	False	False	False
es-S1698-69462006000100006-1	SINTOMA	616	632	desgaste oclusal	10017004	EXACT	False	False	False
es-S1137-66272016000300010-1	SINTOMA	669	681	deshidratada	34095006	EXACT	False	False	False
es-S0211-57352013000300011-1	SINTOMA	2547	2560	desinhibición	247973004	EXACT	False	False	False
es-S0212-71992004001100006-1	SINTOMA	1570	1596	desorientada temporalmente	19657006	EXACT	False	False	False
es-S1134-80462009000200004-1	SINTOMA	841	913	desplazamiento caudal de las amígdalas cerebelosas por el orificio magno	414400006	EXACT	False	False	False
es-S1130-01082009000500007-1	SINTOMA	689	736	desplazamiento de todos los órganos abdominales	249561001	NARROW	False	False	True
es-S1698-44472004000200012-1	SINTOMA	981	1004	desplazamiento dentario	405258007	EXACT	False	False	False
es-S1698-44472004000400011-1	SINTOMA	964	1015	desplazamiento lateral de las raíces de los dientes	109677007	NARROW	False	False	False
es-S1130-05582003000600004-2	SINTOMA	1499	1540	destrucción del tabique intersinuso-nasal	80142000	NARROW	False	False	False
es-S2254-28842014000200009-1	SINTOMA	1222	1253	desviación de la comisura bucal	235106005	NARROW	False	False	False
es-S0213-12852003000500002-1	SINTOMA	1465	1500	desviación de la línea media dental	1231489009	EXACT	False	False	False
es-S1135-76062005000100002-1	SINTOMA	2759	2806	desviación de la línea media hacia la izquierda	299728009	EXACT	False	False	True
es-S0376-78922008000400008-1	SINTOMA	185	208	desviación de la mirada	45030009	NARROW	False	False	False
es-S1130-05582003000600004-2	SINTOMA	349	380	desviación de la pirámide nasal	249316004	EXACT	False	False	False
es-S0211-57352013000300011-1	SINTOMA	3235	3316	deterioro cognitivo tanto en memoria operativa como en velocidad de procesamiento	386806002	NARROW	False	False	False
es-S0365-66912008000700010-1	SINTOMA	879	894	deterioro de AV	170728008	EXACT	True	False	True
es-S0211-69952013000200018-1	SINTOMA	1297	1323	deterioro de función renal	314983004	EXACT	False	False	False
es-S0210-56912009000800006-3	SINTOMA	1034	1053	deterioro de la PIC	28073009	NARROW	True	False	True
es-S0210-48062005000400012-1	SINTOMA	588	617	deterioro del estado general,	285384003	EXACT	False	False	False
es-S0211-69952013000200019-2	SINTOMA	147	184	deterioro progresivo de función renal	314983004	EXACT	False	False	False
es-S0210-56912009000800006-3	SINTOMA	231	264	deterioro respiratorio progresivo	80954004	NARROW	False	False	False
es-S1138-123X2006000200007-1	SINTOMA	1216	1270	diapneusia antiestética en la comisura labial inferior	109803005	NARROW	False	False	False
es-S1130-01082010000700014-1	SINTOMA	184	234	diarrea, en ocasiones acompañadas de moco y sangre	95545007	EXACT	False	False	False
es-S1130-05582015000400005-1	SINTOMA	63	85	dificultad de fonación	286246003	EXACT	False	False	False
es-S1887-85712014000100005-1	SINTOMA	152	194	dificultad en la articulación del lenguaje	286279003	EXACT	False	False	False
es-S1130-14732005000300004-1	SINTOMA	4473	4523	dificultad motora en ambas extremidades superiores	15634971000119107	EXACT	False	False	False
es-S0365-66912007000100009-1	SINTOMA	260	302	dificultad para abrir los párpados del ojo	366010006	NARROW	False	False	False
es-S0211-69952016000600552-1	SINTOMA	2861	2889	dificultad para la deglución	399122003	EXACT	False	False	False
es-S1130-14732005000600009-1	SINTOMA	159	184	dificultad para la marcha	9589009	EXACT	False	False	False
es-S0365-66912006000900010-1	SINTOMA	1391	1433	dificultad para realizar tareas cotidianas	365031000	NARROW	False	False	False
es-S1134-80462005000300004-1	SINTOMA	944	973	dificultades para la erección	276364001	EXACT	False	False	False
es-S1130-05582015000400005-1	SINTOMA	725	751	dificultades respiratorias	230145002	EXACT	False	False	False
es-S2254-28842014000200009-1	SINTOMA	536	562	dificultan la deambulación	9589009	EXACT	False	False	False
es-S1698-69462006000100006-1	SINTOMA	851	870	digestiones pesadas	87548005	EXACT	False	False	False
es-S1130-01082009000400015-1	SINTOMA	429	484	dilatación de las vías biliares intra- y extrahepáticas	1082431000119108	NARROW	False	False	True
es-S1130-01082009000500007-1	SINTOMA	570	619	dilatación gigante del recto y el colon izquierdo	23298002	NARROW	False	False	False
es-S0211-69952009000600023-1	SINTOMA	2524	2555	dilatación y tortuosidad venosa	12856003	NARROW	False	False	False
es-S0365-66912008000700010-1	SINTOMA	278	333	diplopía binocular en elevación, levo y dextroversiones	246655008	EXACT	False	False	False
es-S1887-85712014000100005-1	SINTOMA	723	750	diplopía binocular vertical	246655008	NARROW	False	False	False
es-S0365-66912007000100009-1	SINTOMA	573	590	diplopia vertical	24982008	EXACT	False	False	False
es-S1130-01082005001200011-1	SINTOMA	2054	2068	disartria leve	8011004	EXACT	False	False	False
es-S1134-80462014000500004-1	SINTOMA	4301	4312	disestesias	79151009	EXACT	False	False	False
es-S1130-14732005000300004-1	SINTOMA	615	658	disestesias en hombro y extremidad superior	298750003	NARROW	False	False	False
es-S0212-71992008000700009-1	SINTOMA	796	804	disfonia	16617009	EXACT	False	False	False
es-S1699-695X2015000300013-1	SINTOMA	787	797	dismetrías	32566006	EXACT	False	False	False
es-S1887-85712014000100005-1	SINTOMA	878	888	dismetrías	32566006	EXACT	False	False	False
es-S0365-66912007000200009-1	SINTOMA	80	129	disminución brusca de la agudeza visual de su ojo	170728008	EXACT	False	False	False
es-S1130-05582015000400005-1	SINTOMA	2994	3042	disminución considerable del tamaño de la lengua	249380003	NARROW	False	False	False
es-S0365-66912012000300005-1	SINTOMA	53	90	disminución de agudeza visual del ojo	170728008	EXACT	False	False	False
es-S0212-71992004001100006-1	SINTOMA	1698	1741	disminución de agudeza visual en ambos ojos	170728008	EXACT	False	False	False
es-S0004-06142008000400011-2	SINTOMA	430	459	disminución de flujo vascular	21762000	EXACT	False	False	False
es-S1889-836X2015000400006-1	SINTOMA	757	778	disminución de fuerza	26544005	EXACT	False	False	False
es-S1699-695X2015000300013-1	SINTOMA	651	688	disminución de fuerza en los miembros	713514005	EXACT	False	False	False
es-S0211-69952016000600552-1	SINTOMA	1421	1451	disminución de gammaglobulinas	131137002	EXACT	False	False	False
es-S0365-66912007000900010-1	SINTOMA	227	275	disminución de la agudeza visual (AV) unilateral	170728008	EXACT	True	False	False
es-S1130-05582014000400006-2	SINTOMA	1004	1077	disminución de la luz de las vías aéreas de la región cervical y torácica	248554005	NARROW	False	False	True
es-S0211-57352011000400009-1	SINTOMA	4040	4080	disminución de la osmolaridad plasmática	267447008	EXACT	False	False	False
es-S1887-85712016000100005-1	SINTOMA	1309	1338	Disminución de la temperatura	71200009	NARROW	False	False	True
es-S1137-66272012000300024-1	SINTOMA	1746	1785	disminución de sus niveles plaquetarios	415116008	EXACT	False	False	False
es-S0365-66912007000700011-1	SINTOMA	72	134	disminución de visión en su ojo izquierdo, de aparición brusca	337541000119105	EXACT	False	False	False
es-S1139-76322016000400018-1	SINTOMA	2518	2550	disminución del calibre traqueal	233786002	EXACT	False	False	False
es-S1134-80462015000200005-1	SINTOMA	1144	1217	disminución del grosor de los espacios intersomáticos en L4-L5 y en L5-S1	129139009	NARROW	False	False	False
es-S1135-76062013000200010-1	SINTOMA	1076	1103	disminución del hematocrito	165414004	EXACT	False	False	False
es-S0211-69952012000700028-1	SINTOMA	800	833	disminución del ritmo de diuresis	718403007	EXACT	False	False	False
es-S0210-56912011000200009-1	SINTOMA	410	444	disminución del ruido respiratorio	58840004	EXACT	False	False	True
es-S1139-76322016000400018-1	SINTOMA	2972	3023	disminución en la intensidad del ruido inspiratorio	58840004	NARROW	False	False	False
es-S0212-71992005000600008-1	SINTOMA	617	673	disminución generalizada de fuerza en las 4 extremidades	713514005	NARROW	False	False	False
es-S0211-69952012000700028-1	SINTOMA	1665	1722	disminución porcentual de albúmina sin picos monoclonales	127355002	NARROW	False	False	False
es-S0365-66912012000500003-1	SINTOMA	148	202	disminución progresiva de agudeza visual en ambos ojos	218951000119100	EXACT	False	False	False
es-S0211-69952009000600023-1	SINTOMA	1581	1613	dismuncion moderada de la visión	397542006	EXACT	False	False	False
es-S0212-71992005000500009-1	SINTOMA	113	130	dísnea progresiva	230145002	EXACT	False	False	False
es-S0212-71992005000600008-1	SINTOMA	2079	2105	distensión aérea abdominal	271835004	EXACT	False	False	False
es-S1888-75462015000400006-1	SINTOMA	1874	1907	distensión de la bursa ilio-psoas	726220000	NARROW	False	False	False
es-S0376-78922008000400008-1	SINTOMA	1681	1690	distermia	103002009	EXACT	False	False	False
es-S1130-14732005000300004-1	SINTOMA	1420	1449	distorsión del cordón medular	76107001	NARROW	False	False	True
es-S1130-14732005000300004-1	SINTOMA	1616	1657	distorsiona la musculatura laterocervical	298391004	EXACT	False	False	True
es-S0210-48062007000300014-1	SINTOMA	598	628	Distribución de vello androide	247537000	EXACT	False	False	True
es-S0378-48352004001000003-1	SINTOMA	2039	2063	DNA del VHB fue negativo	406010001	EXACT	True	False	True
es-S0378-48352004001000003-1	SINTOMA	1249	1265	DNA VHB positivo	165806002	EXACT	True	False	True
es-S1130-05582009000600004-1	SINTOMA	1148	1173	doble contorno mandibular	724623005	NARROW	False	False	True
es-S1134-80462005000300004-1	SINTOMA	340	373	dolor a hombros, brazos y piernas	9972008	NARROW	False	False	True
es-S1134-80462009000500006-1	SINTOMA	1127	1145	dolor a la flexión	298255009	NARROW	False	False	False
es-S1888-75462015000400006-1	SINTOMA	634	675	dolor a la flexión, aducción y rotaciones	298255009	EXACT	False	False	False
es-S1889-836X2015000200005-2	SINTOMA	690	725	dolor a la movilización del antepié	299513007	NARROW	False	False	False
es-S1699-695X2015000200010-1	SINTOMA	1016	1085	dolor a la palpación a nivel de la articulación radio-carpiana distal	299017002	NARROW	False	False	False
es-S1130-01082009000900012-1	SINTOMA	425	473	dolor a la palpación abdominal en flanco derecho	301404009	EXACT	False	False	False
es-S1887-85712012000400006-1	SINTOMA	543	580	dolor a la palpación de manera difusa	247348008	EXACT	False	False	True
es-S1888-75462015000400006-1	SINTOMA	969	1008	dolor a la palpación de puntos ciáticos	838412000	NARROW	False	False	False
es-S1888-75462015000400006-1	SINTOMA	1095	1141	dolor a la palpación en la cintilla iliotibial	299372009	NARROW	False	False	False
es-S1888-75462015000400006-1	SINTOMA	563	621	dolor a la palpación en tercio medio de la región inguinal	102570003	EXACT	False	False	False
es-S0376-78922007000300006-3	SINTOMA	294	366	dolor a la palpación sobre el trayecto tendinoso flexor del segundo dedo	423417009	NARROW	False	False	False
es-S0212-71992005000600008-1	SINTOMA	734	778	Dolor a la percusión de la columna vertebral	48926009	NARROW	False	False	False
S0004-06142006000500002-2	SINTOMA	37	65	dolor a nivel de hipogastrio	162053006	EXACT	False	False	False
es-S1887-85712012000400006-1	SINTOMA	85	118	dolor abdominal continuo y difuso	102614006	EXACT	False	False	False
es-S1139-76322009000700016-1	SINTOMA	1053	1114	Dolor abdominal difuso a la palpación en epigastrio y flancos	440220007	NARROW	False	False	False
es-S0004-06142008000300012-1	SINTOMA	58	115	dolor abdominal difuso con mayor intensidad en epigastrio	79922009	EXACT	False	False	False
es-S1137-66272012000300024-1	SINTOMA	570	597	dolor abdominal epigástrico	79922009	EXACT	False	False	False
es-S1137-66272016000300010-1	SINTOMA	204	231	dolor abdominal epigástrico	79922009	EXACT	False	False	False
es-S0004-06142008000300012-1	SINTOMA	558	628	dolor abdominal generalizado a la palpación, más intenso en epigastrio	301403003	NARROW	False	False	False
es-S1130-01082009000400015-1	SINTOMA	211	252	dolor abdominal localizado en mesogastrio	162046002	EXACT	False	False	False
es-S1130-01082010000200011-1	SINTOMA	192	244	dolor abdominal más intenso en fosa iliaca izquierda	162052001	EXACT	False	False	False
es-S0004-06142008000300012-1	SINTOMA	202	240	dolor aumenta con la tos e inspiración	427146008	EXACT	False	False	False
es-S1134-80462009000500006-1	SINTOMA	410	448	dolor basal continuo en la zona lumbar	40709005	EXACT	False	False	False
es-S1134-80462009000500006-1	SINTOMA	410	468	dolor basal continuo en la zona lumbar, de intensidad leve	40709005	EXACT	False	False	False
es-S1130-14732005000300004-1	SINTOMA	516	539	dolor cervical moderado	81680005	EXACT	False	False	False
es-S1130-01082006000900014-1	SINTOMA	247	282	dolor cólico en hipocondrio derecho	301367001	EXACT	False	False	False
es-S1139-76322016000300009-1	SINTOMA	510	541	dolor con el ascenso testicular	63901009	EXACT	False	False	True
es-S0376-78922007000300006-3	SINTOMA	369	407	dolor con la extensión pasiva del dedo	299112005	NARROW	False	False	False
es-S1888-75462015000400006-1	SINTOMA	136	174	dolor con práctica de ejercicio físico	427341007	EXACT	False	False	False
es-S0004-06142008000500009-1	SINTOMA	267	306	dolor continuo en región iliaca y sacra	703619001	NARROW	False	False	False
es-S1134-80462005000300004-1	SINTOMA	2315	2360	dolor continuo, de intensidad moderada-severa	426206001	EXACT	False	False	False
es-S1134-80462009000500006-1	SINTOMA	84	111	dolor crónico por lumbalgia	278860009	EXACT	False	False	False
es-S1698-69462006000100006-1	SINTOMA	833	849	dolor de espalda	399194009	EXACT	False	False	False
es-S1130-05582008000400004-1	SINTOMA	224	239	dolor del muslo	10601006	NARROW	False	False	False
es-S1130-01082008000200010-1	SINTOMA	631	668	Dolor difuso a la palpación abdominal	440220007	EXACT	False	False	False
es-S1699-695X2015000200010-1	SINTOMA	66	88	dolor en ambas muñecas	56608008	EXACT	False	False	False
es-S0213-12852003000500002-1	SINTOMA	107	131	dolor en área mandibular	274667000	EXACT	False	False	False
es-S1135-76062014000100006-1	SINTOMA	212	234	dolor en el epigastrio	79922009	EXACT	False	False	False
es-S1130-01082005001100016-1	SINTOMA	61	124	dolor en epigastrio-hipocondrio derecho irradiado a la escápula	301367001	NARROW	False	False	False
es-S0004-06142008000400013-1	SINTOMA	196	218	dolor en fosas renales	274279008	EXACT	False	False	False
es-S0210-48062004000800009-1	SINTOMA	252	274	dolor en fosas renales	274279008	EXACT	False	False	False
es-S1130-14732005000300004-1	SINTOMA	4312	4373	dolor en hemifacies izquierda irradiado a extremidad superior	425677008	NARROW	False	False	False
es-S0212-16112010000600024-1	SINTOMA	131	158	dolor en la región inguinal	102570003	EXACT	False	False	False
es-S1130-14732005000600009-1	SINTOMA	321	349	dolor en miembros inferiores	10601006	EXACT	False	False	False
es-S0212-71992008000700009-1	SINTOMA	82	94	dolor en ojo	41652007	EXACT	False	False	False
es-S0213-12852003000500002-1	SINTOMA	848	970	dolor en región submandibular bilateral, de tres días de evolución, que ahora se irradia a zona precordial y a la garganta	274667000	NARROW	False	False	False
es-S1134-80462009000100005-1	SINTOMA	591	605	dolor gástrico	79922009	EXACT	False	False	False
es-S0213-12852003000500002-1	SINTOMA	1162	1204	dolor ha sido resistente a los analgésicos	14040001000004109	EXACT	False	False	False
es-S0212-71992005001100007-1	SINTOMA	193	219	dolor intenso en hemitórax	102588006	EXACT	False	False	False
es-S0376-78922009000400011-1	SINTOMA	128	152	dolor intenso y quemante	103013007	EXACT	False	False	False
es-S0213-12852007000100002-1	SINTOMA	369	418	dolor leve, divulgado en la zona del tercer molar	27355003	NARROW	False	False	False
es-S0004-06142008000300011-1	SINTOMA	251	293	dolor lumbar que se le irradia a testículo	40709005	NARROW	False	False	False
es-S1137-66272015000200019-2	SINTOMA	585	634	dolor más intenso a la palpación del borde costal	102591006	EXACT	False	False	False
es-S1134-80462014000500004-1	SINTOMA	3093	3109	dolor más severo	76948002	EXACT	False	False	False
es-S1889-836X2015000200005-2	SINTOMA	462	486	dolor mecánico en el pie	47933007	NARROW	False	False	False
es-S1698-69462006000100006-1	SINTOMA	664	691	dolor muscular masticatorio	699682009	EXACT	False	False	False
es-S1698-44472004000400011-1	SINTOMA	275	314	dolor ocasional e hinchazón de la encía	11114002	EXACT	False	False	False
es-S1134-80462009000200004-1	SINTOMA	482	497	dolor occipital	297128006	EXACT	False	False	False
es-S1134-80462009000200004-1	SINTOMA	655	670	dolor occipital	297128006	EXACT	False	False	False
es-S1888-75462015000400006-1	SINTOMA	1336	1356	dolor para la marcha	428264009	EXACT	False	False	False
es-S1130-01082009000200016-1	SINTOMA	85	125	dolor persistente en fosa iliaca derecha	162051008	EXACT	False	False	False
es-S1130-01082007000400010-1	SINTOMA	3251	3291	dolor persistente en hipocondrio derecho	301367001	EXACT	False	False	False
es-S0211-69952011000100019-1	SINTOMA	413	445	dolor pleurítico en el hemitórax	2237002	EXACT	False	False	False
es-S1698-69462006000100003-1	SINTOMA	109	165	dolor producido por una lesión exofítica en mucosa yugal	473008002	EXACT	False	False	False
es-S1134-80462009000500006-1	SINTOMA	623	710	dolor se localizaba en la zona dorsolumbar con irradiación hacia el área inguinogenital	40709005	NARROW	False	False	False
es-S1134-80462014000500004-1	SINTOMA	3228	3260	dolor severo a nivel de escápula	20793008	EXACT	False	False	False
es-S1134-80462015000500005-1	SINTOMA	85	127	dolor tipo escozor en la zona del omóplato	20793008	EXACT	False	False	False
es-S1887-85712016000100005-1	SINTOMA	466	486	dolor torácico agudo	102587001	EXACT	False	False	False
es-S0210-56912011000200009-1	SINTOMA	171	195	dolor torácico bilateral	29857009	EXACT	False	False	False
es-S1137-66272013000100023-1	SINTOMA	428	471	dolor torácico transfixivo de inicio súbito	371030007	EXACT	False	False	False
es-S0004-06142008000500009-1	SINTOMA	461	515	dolor y defensa a la palpación profunda de fosa lumbar	838412000	EXACT	False	False	False
es-S1887-85712016000100005-1	SINTOMA	885	994	dolor y formación de hematoma en cara volar de antebrazo derecho en relación a zona de punción de cateterismo	774133001	NARROW	False	False	False
es-S0376-78922007000300006-3	SINTOMA	77	114	dolor y tumefacción en el dedo índice	299060006	EXACT	False	False	False
es-S1887-85712016000100005-1	SINTOMA	1142	1192	Dolor, exacerbado con la extensión pasiva de dedos	299072000	EXACT	False	False	False
es-S1134-80462009000100005-1	SINTOMA	114	134	dolores en la pierna	10601006	EXACT	False	False	False
es-S0213-12852006000600002-1	SINTOMA	4448	4469	dolores generalizados	82991003	EXACT	False	False	False
es-S0365-66912007000900010-1	SINTOMA	318	334	dolores oculares	41652007	EXACT	False	False	False
es-S1889-836X2015000400006-1	SINTOMA	246	267	dolores óseos difusos	12584003	EXACT	False	False	False
es-S0004-06142008000500009-1	SINTOMA	526	580	dolorimiento a la percusión y palpación de fosa lumbar	838412000	EXACT	False	False	False
es-S1130-01082009000300015-1	SINTOMA	1014	1031	doloroso al tacto	247328001	EXACT	False	False	False
es-S0212-16112010000100017-1	SINTOMA	2539	2554	drenaje quiloso	395132000	EXACT	False	False	False
es-S0365-66912007000200011-1	SINTOMA	589	622	drusas duras en el polo posterior	420501001	EXACT	False	False	False
es-S0365-66912007000200009-1	SINTOMA	771	807	drusas duras sobre arcadas vasulares	420501001	EXACT	False	False	False
es-S1135-76062005000100002-1	SINTOMA	3813	3870	duramadre estaba fuertemente adherida a la calota craneal	193071004	NARROW	False	False	False
es-S1139-76322016000400018-1	SINTOMA	2760	2786	ecocardiografía fue normal	169240004	EXACT	False	False	False
es-S1139-76322009000100006-1	SINTOMA	2156	2178	ecocardiografía normal	169240004	EXACT	False	False	False
es-S1139-76322016000300015-1	SINTOMA	1037	1071	ecografía abdominal que fue normal	163133003	NARROW	False	False	False
es-S1137-66272013000100024-1	SINTOMA	534	589	ecografía de caderas con distensión de cápsula articula	118935006	NARROW	False	False	False
es-S1130-01082009000500007-1	SINTOMA	483	519	ecografía ginecológica, son normales	1157297002	NARROW	False	False	False
es-S0210-48062004000200011-1	SINTOMA	1313	1355	Ecografía renal y vesical sin alteraciones	163352001	NARROW	False	False	False
es-S0365-66912008000700010-1	SINTOMA	137	159	edema blando palpebral	193967004	EXACT	False	False	False
es-S1889-836X2015000200005-2	SINTOMA	2035	2103	edema de 1er y 3er MTT, de huesos cuneiforme, escafoides y astrágalo	102576009	EXACT	False	False	False
es-S0212-71992008000700009-1	SINTOMA	363	385	edema de la conjuntiva	84178004	EXACT	False	False	False
S0004-06142007000600012-1	SINTOMA	1118	1150	edema de los miembros inferiores	102572006	EXACT	False	False	False
es-S0376-78922009000400011-1	SINTOMA	832	856	edema de tejidos blandos	95322002	NARROW	False	False	False
es-S1889-836X2015000200005-2	SINTOMA	970	994	edema de tejidos blandos	95322002	NARROW	False	False	False
es-S1888-75462015000400006-1	SINTOMA	2226	2259	edema en acetábulo anterosuperior	118935006	NARROW	False	False	True
es-S0212-71992004001100006-1	SINTOMA	1420	1443	edema en ambos párpados	15732321000119108	EXACT	False	False	False
es-S0376-78922008000400008-1	SINTOMA	1923	1937	edema laríngeo	51599000	EXACT	False	False	False
es-S0365-66912010000700004-1	SINTOMA	917	954	edema macular difuso severo bilateral	15639231000119102	EXACT	False	False	False
es-S0365-66912007000100010-1	SINTOMA	465	489	edema palpebral superior	700339006	EXACT	False	False	False
es-S0004-06142008000300012-1	SINTOMA	2394	2410	edema periportal	76281005	NARROW	False	False	False
es-S1139-76322016000400018-1	SINTOMA	1208	1227	edema postraumático	7939003	NARROW	False	False	True
es-S0212-71992000001200006-1	SINTOMA	2164	2180	edema vasogénico	230759001	EXACT	False	False	True
es-S0211-69952012000700028-1	SINTOMA	1007	1046	edemas con fóvea en miembros inferiores	102572006	NARROW	False	False	False
es-S0365-66912010000700004-1	SINTOMA	1208	1229	edemas de las piernas	449707004	EXACT	False	False	False
es-S0210-48062004000200011-1	SINTOMA	2515	2548	edemas de los miembros inferiores	102572006	EXACT	False	False	False
es-S0365-66912010000700004-1	SINTOMA	800	838	edemas periféricos en las extremidades	424372002	EXACT	False	False	False
es-S1888-75462016000400180-1	SINTOMA	1035	1069	edematización del miembro superior	102558002	EXACT	False	False	False
es-S0211-69952013000200019-2	SINTOMA	516	545	edematización inguinoescrotal	88995000	NARROW	False	False	False
es-S0211-69952015000600014-2	SINTOMA	493	519	efecto masa en hipogastrio	84454003	NARROW	False	False	False
es-S0211-57352013000300011-1	SINTOMA	1579	1619	efecto masa sobre el sistema ventricular	59540003	NARROW	False	False	True
es-S1135-76062014000100006-1	SINTOMA	285	326	electrocardiograma se informó como normal	164854000	EXACT	False	False	False
es-S0211-69952013000200018-1	SINTOMA	1821	1867	electroencefalograma (EEG), que fue patológico	274521009	EXACT	True	False	False
es-S0211-69952014000400019-1	SINTOMA	658	705	Electroencefalograma con enlentecimiento difuso	251471009	EXACT	False	False	False
es-S0365-66912007000200011-1	SINTOMA	1111	1187	electrooculograma siendo su resultado dentro de los límites de la normalidad	1231193005	EXACT	False	False	False
es-S0213-12852007000100002-1	SINTOMA	779	840	elemento 2.8 presentaba zonas de radiotransparente aumentadas	125134006	NARROW	False	False	True
es-S2340-98942015000100005-1	SINTOMA	413	432	elevación de CA 125	432519008	EXACT	False	False	False
es-S0210-48062009000300013-1	SINTOMA	683	706	Elevación de creatinina	166717003	EXACT	False	False	False
es-S1134-80462015000200005-1	SINTOMA	1858	1888	elevación de enzimas hepáticas	707724006	EXACT	False	False	False
es-S1130-01082010000200011-1	SINTOMA	2658	2691	elevación de enzimas pancreáticas	443828007	EXACT	False	False	False
es-S1134-80462009000500006-1	SINTOMA	2586	2618	elevación de lactodeshidrogenasa	396697000	EXACT	False	False	False
es-S0210-48062007001000004-1	SINTOMA	1332	1348	elevación de LDH	396697000	EXACT	True	False	True
es-S1698-44472004000400012-1	SINTOMA	2400	2445	elevación de los niveles de alfa-fetoproteina	399643001	EXACT	False	False	False
es-S0365-66912008000700010-1	SINTOMA	897	913	elevación de PIO	112222000	EXACT	True	False	True
es-S0211-69952016000600552-1	SINTOMA	1795	1843	elevación de ST de 1mm en todas las derivaciones	76388001	NARROW	False	False	False
es-S1137-66272009000500016-1	SINTOMA	1947	1969	elevación del amoniaco	9360008	EXACT	False	False	False
es-S1130-01082007000400010-1	SINTOMA	809	826	elevación del CEA	445201008	EXACT	True	False	True
es-S0210-48062004000200011-1	SINTOMA	1056	1081	elevación del fibrinógeno	123791008	EXACT	False	False	False
es-S0378-48352004001000003-1	SINTOMA	2310	2327	elevación del PSA	396152005	EXACT	True	False	True
es-S1130-14732006000200011-1	SINTOMA	1857	1896	elevación y erosión de la tabla externa	788917000	NARROW	False	False	True
es-S1130-05582015000400005-1	SINTOMA	151	167	elevada estatura	248328003	EXACT	False	False	False
es-S0365-66912007000900016-1	SINTOMA	6	14	emétrope	45089002	EXACT	False	False	False
es-S0213-12852006000600002-1	SINTOMA	2265	2302	en la zona incisal, una protuberancia	235013007	NARROW	False	False	True
es-S0365-66912004001000008-1	SINTOMA	312	361	en OD se observaba una masa pigmentada redondeada	300849006	NARROW	True	False	True
es-S0210-48062009000200019-1	SINTOMA	1524	1562	enema opaco, que no aporta información	168838006	EXACT	False	False	False
es-S0365-66912009001100005-3	SINTOMA	319	377	engrosamiento bien delimitado, homogéneo e isodenso del NO	77157004	NARROW	True	False	True
es-S0212-71992004001100006-1	SINTOMA	2657	2687	engrosamiento de calota difuso	788954009	EXACT	False	False	True
es-S1130-01082007000700011-1	SINTOMA	636	715	engrosamiento de la pared esofágica en tercio inferior y unión esófago gástrica	37657006	NARROW	False	False	False
es-S0365-66912007000900010-1	SINTOMA	908	940	engrosamiento de la pared ocular	422272001	NARROW	False	False	True
es-S1137-66272013000200023-1	SINTOMA	306	339	engrosamiento de la pared vesical	42643001	NARROW	False	False	True
es-S0210-48062005000400012-1	SINTOMA	1377	1407	engrosamiento de pared vesical	42643001	NARROW	False	False	False
es-S0211-69952012000700028-1	SINTOMA	2414	2449	engrosamiento de pliegues gástricos	29384001	NARROW	False	False	True
es-S0004-06142008000300012-1	SINTOMA	1934	1969	engrosamiento de pliegues gástricos	29384001	NARROW	False	False	False
es-S1134-80462009000200004-1	SINTOMA	917	953	engrosamiento difuso de las meninges	15758002	NARROW	False	False	False
es-S1137-66272016000200010-1	SINTOMA	701	754	engrosamiento en la pared de ciego y colon ascendente	128524007	NARROW	False	False	False
es-S0365-66912007000900010-1	SINTOMA	1284	1384	engrosamiento escleral de aspecto nodular que captaba el contraste en la zona postero-interna del OI	16000031000119101	NARROW	True	False	False
es-S0365-66912012000500003-1	SINTOMA	790	819	engrosamiento escleral difuso	33064008	NARROW	False	False	False
es-S1134-80462009000200004-1	SINTOMA	1450	1472	engrosamiento meníngeo	15758002	NARROW	False	False	False
es-S0212-71992004001100006-1	SINTOMA	2718	2795	engrosamiento meníngeo-dural disperso más marcado en región frontal izquierda	15758002	NARROW	False	False	False
es-S0211-69952015000600014-2	SINTOMA	540	564	engrosamiento peritoneal	95550001	EXACT	False	False	True
es-S0365-66912012000500003-1	SINTOMA	1708	1736	enrojecimiento de ambos ojos	12241791000119109	EXACT	False	False	False
es-S1137-66272012000100017-1	SINTOMA	481	529	enrojecimiento en la zona de extracción dentaria	110342004	NARROW	False	False	False
es-S0212-71992000001200006-1	SINTOMA	1490	1549	enteropatógenos y toxina de Clostridium difficile negativos	309306009	NARROW	False	False	False
es-S0210-48062007000300014-1	SINTOMA	2004	2023	epidídimos normales	300503008	EXACT	False	False	False
S0004-06142007000200017-1	SINTOMA	658	705	Epidídimos y cordones sin hallazgos patológicos	300503008	EXACT	False	False	False
es-S1130-05582010000200004-1	SINTOMA	2053	2103	episodio inflamatorio fistulizado en hemimandíbula	714751007	NARROW	False	False	False
es-S1134-80462014000500004-1	SINTOMA	2765	2784	episodios dolorosos	39565009	EXACT	False	False	False
es-S2254-28842014000200009-1	SINTOMA	698	707	Epistaxis	249366005	EXACT	False	False	False
es-S0210-48062007000300014-1	SINTOMA	340	360	Erecciones matutinas	248772002	EXACT	False	False	False
es-S1139-76322015000400012-1	SINTOMA	614	626	eritema leve	444827008	EXACT	False	False	False
es-S1139-76322014000100006-1	SINTOMA	32	92	eritema y edema en la hemicara derecha, y el brazo y la mano	95320005	NARROW	False	False	False
es-S1130-14732005000300004-1	SINTOMA	1765	1797	erosión de la masa lateral de C2	262522002	NARROW	False	False	False
es-S1130-14732005000300004-1	SINTOMA	1246	1336	erosión de la masa lateral del axis, así como de la articulación interapofisaria posterior	410730009	NARROW	False	False	False
es-S1130-14732006000200011-1	SINTOMA	1064	1101	erosión de la tabla externa e interna	788917000	NARROW	False	False	False
es-S0212-16112010000600024-1	SINTOMA	552	575	escasa higiene corporal	410428008	EXACT	False	False	False
es-S0365-66912007000200009-1	SINTOMA	2209	2230	escotoma campimétrico	246659002	EXACT	False	False	False
es-S0365-66912008000700010-1	SINTOMA	843	871	escotoma periférico inferior	246659002	EXACT	False	False	False
es-S0376-78922008000400008-1	SINTOMA	2010	2058	esfácelo de la epidermis, principalmente en cara	360493007	EXACT	False	False	False
es-S0376-78922008000400008-1	SINTOMA	2081	2229	esfácelo de mucosa de carrillos y dorso-lingual, de tórax anterior y posterior, porción superior de abdomen, porción superior de ambos brazos y pene	247440002	NARROW	False	False	True
es-S0376-78922011000500012-1	SINTOMA	2131	2140	esfacelos	13924000	NARROW	False	False	False
es-S0376-78922011000500012-1	SINTOMA	2597	2606	esfacelos	13924000	NARROW	False	False	False
es-S0376-78922011000500012-1	SINTOMA	1423	1432	esfacelos	13924000	NARROW	False	False	False
es-S0212-71992000001200006-1	SINTOMA	872	891	esfínter conservado	249641001	EXACT	False	False	True
es-S0365-66912007000900010-1	SINTOMA	973	1031	espacio extra-escleral se observaba una zona hipoecogénica	246973008	NARROW	False	False	True
es-S0212-71992005000400007-1	SINTOMA	703	732	esplenomegalia a la palpación	249572006	EXACT	False	False	False
es-S1130-01082007001100010-2	SINTOMA	408	432	esplenomegalia homogénea	16294009	NARROW	False	False	False
es-S0210-48062004000200011-1	SINTOMA	2304	2328	esplenomegalia homogénea	16294009	NARROW	False	False	False
es-S1137-66272016000200010-1	SINTOMA	1498	1530	esputos, que no eran bacilíferos	167987009	EXACT	False	False	False
es-S2254-28842014000200009-1	SINTOMA	875	888	esquistocitos	385472000	EXACT	False	False	False
es-S0210-48062004000200011-1	SINTOMA	489	502	está afectado	135818000	EXACT	False	False	False
es-S1134-80462015000200005-1	SINTOMA	477	525	estabilidad tanto respiratoria como hemodinámica	301459008	EXACT	False	False	False
es-S0212-16112010000600024-1	SINTOMA	2675	2692	estado caquéctico	29740003	EXACT	False	False	False
es-S0212-16112010000600024-1	SINTOMA	1822	1838	estado edematoso	271808008	EXACT	False	False	True
es-S0213-12852006000600002-1	SINTOMA	3723	3752	estado general muy deficiente	135819008	EXACT	False	False	False
es-S1130-63432014000500008-1	SINTOMA	1559	1582	estenosis angiográficas	726490008	EXACT	False	False	False
es-S1888-75462016000400180-1	SINTOMA	1344	1354	estertores	29647006	EXACT	False	False	False
es-S0376-78922008000400008-1	SINTOMA	1646	1666	estertores roncantes	47525004	EXACT	False	False	False
es-S0212-16112011000300031-1	SINTOMA	2555	2601	estómago con morfología y vaciamiento normales	300305002	EXACT	False	False	False
es-S1135-76062014000100006-1	SINTOMA	1056	1111	estómago, de aspecto hiperémico, retráctil, con nódulos	29384001	NARROW	False	False	True
es-S1139-76322016000400018-1	SINTOMA	778	813	estridor de predominio inspiratorio	58596002	EXACT	False	False	False
es-S1139-76322016000400018-1	SINTOMA	3078	3095	estridor residual	70407001	EXACT	False	False	True
es-S0365-66912007000200011-1	SINTOMA	916	1021	estructura cuneiforme de reflectividad media-alta entre el epitelio pigmentado y la retina neurosensorial	29555009	NARROW	False	False	False
es-S0210-48062006000400012-1	SINTOMA	971	1033	estructuras bien definidas de aspecto ovalado en saco escrotal	249232003	NARROW	False	False	True
es-S1698-44472004000400011-1	SINTOMA	900	922	estructuras radiopacas	128308005	EXACT	False	False	False
es-S1139-76322016000400018-1	SINTOMA	1724	1780	estructuras supraglóticas y las cuerdas vocales íntegras	301222005	EXACT	False	False	False
es-S0210-48062009000200019-1	SINTOMA	2061	2129	estudio anátomo-patológico intraoperatorio, descartándose malignidad	165131004	EXACT	False	False	False
es-S0210-48062005000300014-1	SINTOMA	685	721	estudio cistoscópico resultó anodino	718546008	EXACT	False	False	False
es-S0210-48062004000500009-1	SINTOMA	1428	1469	estudio de extensión que resulta negativo	309309002	EXACT	False	False	True
es-S1130-01082010000400015-1	SINTOMA	850	909	estudio de extensión realizado tras la cirugía fue negativo	309309002	EXACT	False	False	False
es-S0210-48062006000900012-2	SINTOMA	318	355	estudio de extensión resultó negativo	309309002	EXACT	False	False	False
es-S0210-48062007000300014-1	SINTOMA	998	1036	estudio de fertilidad sin alteraciones	300551000	NARROW	False	False	True
S0004-06142006000100010-1	SINTOMA	681	742	estudio hormonal para la determinación de cortisol fue normal	166478001	EXACT	False	False	False
es-S0211-69952016000600552-1	SINTOMA	1332	1387	estudio inmunológico (inmunoglobulinas, ANA) era normal	1148806002	NARROW	True	False	False
es-S1137-66272014000200011-1	SINTOMA	2814	2913	estudio metabólico con 8,26 mCi de 18FDG, RM cerebral y pélvica y gammagrafía ósea que fue negativo	408573005	NARROW	True	False	True
es-S1137-66272016000300010-1	SINTOMA	744	752	Eupneica	276362002	EXACT	False	False	False
es-S0213-12852005000400003-1	SINTOMA	1277	1305	exacerbación de las lesiones	300578003	NARROW	False	False	True
es-S1134-80462005000300004-1	SINTOMA	3480	3504	exacerbaciones dolorosas	1144586002	EXACT	False	False	True
es-S0376-78922012000300010-1	SINTOMA	375	408	examen funcional ocular es normal	112081000119108	NARROW	False	False	True
es-S1130-14732006000200011-1	SINTOMA	693	722	examen neurológico fue normal	18460000	EXACT	False	False	False
es-S1130-05582003000600004-2	SINTOMA	439	475	examen ocular no mostró alteraciones	164727006	NARROW	False	False	False
es-S0365-66912007000900010-1	SINTOMA	522	584	exámen oftalmológico del OD no mostraba ninguna particularidad	164727006	NARROW	True	False	False
es-S1139-76322009000100006-1	SINTOMA	114	129	exantema facial	121000119106	NARROW	False	False	False
es-S1699-65852007000300003-1	SINTOMA	340	375	exfoliado el canino superior caduco	109536003	NARROW	False	False	False
es-S0365-66912009001100005-3	SINTOMA	203	222	exoftalmos axial OD	18265008	NARROW	True	False	False
es-S0365-66912007000100009-1	SINTOMA	328	350	exoftalmos ipsilateral	18265008	EXACT	False	False	False
es-S0365-66912007000100009-1	SINTOMA	598	620	exoftalmos ipsilateral	18265008	EXACT	False	False	False
es-S1130-01082008000300010-1	SINTOMA	407	432	expectoración blanquecina	427931002	EXACT	False	False	False
es-S0212-16112009000600018-1	SINTOMA	2192	2238	exploración abdominal sin hallazgos relevantes	163133003	EXACT	False	False	False
es-S0365-66912006000100008-1	SINTOMA	486	546	Exploración biomicroscópica del segmento anterior era normal	301936006	NARROW	False	False	False
es-S1698-44472004000200012-1	SINTOMA	879	912	exploración cervical era negativa	298378000	NARROW	False	False	True
es-S0004-06142008000300011-1	SINTOMA	1667	1729	exploración física así como las pruebas por imágenes negativas	408573005	EXACT	False	False	False
es-S1139-76322017000100010-1	SINTOMA	440	496	Exploración física y neurológica dentro de la normalidad	18460000	EXACT	False	False	False
es-S1139-76322016000300016-2	SINTOMA	365	404	exploración física y neurológica normal	18460000	EXACT	False	False	False
es-S0212-71992000001200006-1	SINTOMA	914	958	exploración neurológica rigurosamente normal	18460000	EXACT	False	False	False
es-S0376-78922015000400012-1	SINTOMA	365	404	exploración neurovascular distal normal	1148973008	EXACT	False	False	False
es-S1130-01082007000400010-1	SINTOMA	3325	3364	exploraciones radiológicas son anodinas	168500000	EXACT	False	False	False
es-S0376-78922009000100005-1	SINTOMA	150	219	exposición de la placa de osteosíntesis en el tercio distal del radio	429353004	NARROW	False	False	True
es-S1139-76322016000300008-1	SINTOMA	908	949	expulsión espontánea de pus en el ombligo	35745008	NARROW	False	False	False
es-S0365-66912004001000008-1	SINTOMA	1077	1098	extensión extraocular	370054008	NARROW	False	False	True
es-S1137-66272014000200011-1	SINTOMA	2525	2548	extensión extratiroidea	370054008	NARROW	False	False	True
es-S0004-06142008000500009-1	SINTOMA	929	955	extravasación de contraste	427924001	EXACT	False	False	True
es-S1130-01082008000900017-1	SINTOMA	1126	1209	extravasación intraluminal de contraste dependiente de una arteria yeyunal proximal	427924001	NARROW	False	False	False
es-S1137-66272016000300010-1	SINTOMA	1117	1151	Extremidades inferiores sin edemas	116312005	NARROW	False	False	False
es-S0211-57352013000300011-1	SINTOMA	265	277	extrovertida	224954004	EXACT	False	False	False
es-S1130-01082007001200014-1	SINTOMA	650	667	exudado purulento	35013009	EXACT	False	False	False
es-S1139-76322016000300008-1	SINTOMA	308	340	exudado purulento por el ombligo	35745008	EXACT	False	False	False
es-S0212-71992004001100006-1	SINTOMA	1900	1932	exudados algodonosos bilaterales	39832008	EXACT	False	False	False
es-S0365-66912012000500003-1	SINTOMA	691	709	exudados lipídicos	247131008	EXACT	False	False	True
es-S1698-69462006000100003-1	SINTOMA	673	690	fascies adenoidea	38138003	EXACT	False	False	False
es-S0210-48062007000300014-1	SINTOMA	500	522	fascies característica	248196002	EXACT	False	False	False
es-S0212-71992004001100006-1	SINTOMA	1619	1641	fatigabilidad muscular	80449002	EXACT	False	False	False
es-S0213-12852013000400006-1	SINTOMA	784	802	fenómeno de Tullio	278469000	EXACT	False	False	False
es-S0376-78922009000300005-1	SINTOMA	3382	3416	fisura junto a la comisura vaginal	289517005	NARROW	False	False	False
es-S0376-78922009000300005-1	SINTOMA	3930	3962	fisuras en la comisura posterior	289517005	NARROW	False	False	True
es-S1130-01082008000200010-1	SINTOMA	2226	2244	flebografía normal	168965003	EXACT	False	False	False
es-S1130-01082008000300010-1	SINTOMA	2298	2324	flora normal de vías altas	1003772006	EXACT	False	False	True
es-S0365-66912012000500003-1	SINTOMA	830	859	fluido en la cápsula de Tenon	371405004	NARROW	False	False	False
es-S1130-01082007001100010-1	SINTOMA	1055	1092	flujo hepatófugo en la vena esplénica	234131004	NARROW	False	False	False
es-S1130-01082007001100010-1	SINTOMA	1011	1034	flujo portal hepatópeto	446634009	NARROW	False	False	True
es-S0376-78922009000100005-1	SINTOMA	323	370	flujo reverso en la arteria interósea posterior	33005006	NARROW	False	False	False
es-S0211-57352011000400009-1	SINTOMA	3733	3749	focalidad motora	106145009	EXACT	False	False	False
es-S1130-14732005000200009-1	SINTOMA	599	701	focos de hiperseñal situados en la cisterna cuadrigémina y en el labio superior de la cisura calcarina	210038008	NARROW	False	False	False
es-S0365-66912007001000008-1	SINTOMA	2245	2295	fondo de ojo de ambos ojos es aparentemente normal	164734008	EXACT	False	False	False
es-S1137-66272014000200013-1	SINTOMA	493	539	fondo de ojo del OD no presentaba alteraciones	830009009	EXACT	True	False	False
es-S0365-66912004001000008-1	SINTOMA	812	848	fondo de ojo sin patología valorable	164734008	EXACT	False	False	False
es-S0376-78922012000300010-1	SINTOMA	877	896	formación palpebral	301913002	EXACT	False	False	True
es-S0376-78922012000300010-1	SINTOMA	500	557	formación sólida en la región súpero-externa de la órbita	371436007	NARROW	False	False	True
es-S1134-80462014000500004-1	SINTOMA	2575	2593	formaciones óseas,	36123008	EXACT	False	False	False
es-S1889-836X2015000400006-1	SINTOMA	1065	1075	fosfaturia	85487008	EXACT	False	False	False
es-S1137-66272007000500016-1	SINTOMA	204	215	FR negativo	165840002	EXACT	True	False	True
es-S0376-78922009000100014-1	SINTOMA	268	286	fragilidad cutánea	724850003	EXACT	False	False	False
es-S0376-78922015000400012-1	SINTOMA	615	713	fragmento dorsal del semilunar se encuentra unido a los huesos del carpo y desplazados dorsalmente	263108000	NARROW	False	False	False
es-S0376-78922009000400011-1	SINTOMA	875	898	fragmentos radio-opacos	28328005	EXACT	False	False	True
es-S1888-75462016000400180-1	SINTOMA	1236	1253	frecuencia normal	10675001	EXACT	False	False	False
es-S1698-69462006000100006-1	SINTOMA	1125	1147	frecuentes despertares	423052008	EXACT	False	False	False
es-S1698-69462006000100003-1	SINTOMA	653	670	frente prominente	112630007	NARROW	False	False	False
es-S1134-80462009000500006-1	SINTOMA	275	293	fuga periprotésica	234184000	EXACT	False	False	True
es-S1134-80462009000500006-1	SINTOMA	2766	2783	fuga perivalvular	234184000	EXACT	False	False	True
es-S0213-12852003000500002-1	SINTOMA	1505	1541	función mandibular estaba conservada	736706004	EXACT	False	False	False
es-S0211-69952013000200018-1	SINTOMA	1121	1153	función renal permanecía estable	81141003	NARROW	False	False	False
es-S1137-66272011000300024-1	SINTOMA	3356	3412	función renal se ha mantenido dentro de límites normales	81141003	EXACT	False	False	False
es-S1699-695X2015000300013-1	SINTOMA	2583	2606	función tiroidea normal	312397004	EXACT	False	False	False
es-S1137-66272012000100017-1	SINTOMA	693	721	función tiroidea normalizada	312397004	EXACT	False	False	False
es-S1889-836X2015000400006-1	SINTOMA	654	694	gammagrafía con Tc99, que resultó normal	408573005	NARROW	False	False	False
es-S0210-48062003000900009-1	SINTOMA	893	927	Gammagrafía ósea: Sin alteraciones	408573005	NARROW	False	False	False
es-S1130-01082005001200011-1	SINTOMA	1410	1437	ganancia importante de peso	8943002	EXACT	False	False	False
es-S1130-01082008000800009-1	SINTOMA	1505	1563	gas en los vasos mesentéricos subsidiarios y la vena porta	307223005	NARROW	False	False	False
es-S0212-71992008000700009-1	SINTOMA	1792	1827	gasometría arterial fueron normales	167019000	EXACT	False	False	False
es-S1134-80462009000100005-1	SINTOMA	517	527	gastralgia	1197659000	EXACT	False	False	False
es-S1130-01082007000400010-1	SINTOMA	1362	1408	gastroscopia, siendo esta rigurosamente normal	165141001	EXACT	False	False	False
es-S0376-78922011000100010-1	SINTOMA	191	232	genitales internos con ausencia de vagina	87380008	EXACT	False	False	True
es-S2254-28842014000200009-1	SINTOMA	710	723	gingivorragia	86276007	EXACT	False	False	False
es-S1137-66272010000400007-1	SINTOMA	1686	1708	glucemias son normales	166921001	EXACT	False	False	False
es-S1130-01082008001000008-1	SINTOMA	218	230	golpe de tos	43025008	EXACT	False	False	False
es-S0212-16112010000600024-1	SINTOMA	236	258	grave deterioro social	161152002	EXACT	False	False	True
es-S2254-28842014000200009-1	SINTOMA	1316	1341	habla con lenguaje normal	286395001	EXACT	False	False	False
es-S0378-48352004001000003-1	SINTOMA	1171	1177	HBsAg+	165806002	EXACT	False	False	False
es-S0210-48062009000400015-2	SINTOMA	198	212	hematuria leve	53298000	EXACT	False	False	False
es-S1139-76322016000200013-1	SINTOMA	623	678	hematuria macroscópica tras la realización de ejercicio	197941005	NARROW	False	False	False
es-S0210-48062005000400012-1	SINTOMA	508	536	hematuria total con coágulos	197942003	EXACT	False	False	False
es-S0365-66912007000900011-1	SINTOMA	1715	1761	hemianopsia homónima derecha en la campimetría	5591009	EXACT	False	False	False
es-S0211-69952009000600023-1	SINTOMA	1407	1432	hemianopsia nasal derecha	77674003	NARROW	False	False	False
es-S0210-48062004000200011-1	SINTOMA	686	720	hemiescroto derecho presenta edema	88995000	EXACT	False	False	False
es-S0210-56912008000200007-1	SINTOMA	218	263	hemocultivo positivo a Streptococcus pyogenes	8730001000004107	NARROW	False	False	False
es-S1137-66272013000100024-1	SINTOMA	469	496	hemocultivo que es negativo	708118007	EXACT	False	False	False
es-S0212-71992000001200006-1	SINTOMA	1383	1410	Hemocultivos (X3) negativos	708118007	NARROW	False	False	False
es-S1137-66272012000100017-1	SINTOMA	1776	1849	hemocultivos aerobio y anaerobio el crecimiento de un bacilo gramnegativo	8730001000004107	NARROW	False	False	False
es-S0210-48062005000700012-1	SINTOMA	388	462	hemocultivos en medios convencionales y de Ruiz Castañeda fueron negativos	708118007	NARROW	False	False	False
es-S1130-01082008000300010-1	SINTOMA	1127	1176	Hemocultivos negativos para anaerobios y aerobios	708118007	NARROW	False	False	False
S0004-06142007000600012-1	SINTOMA	518	553	Hemograma completo: Cifras normales	165406005	EXACT	False	False	False
es-S0004-06142008000300013-1	SINTOMA	513	546	Hemograma dentro de la normalidad	165406005	EXACT	False	False	False
es-S1134-80462009000500006-1	SINTOMA	299	313	hemólisis leve	73320003	EXACT	False	False	False
es-S1134-80462015000200005-1	SINTOMA	733	767	hemostasia dentro de la normalidad	71269007	EXACT	False	False	False
es-S0212-71992004001100006-1	SINTOMA	2370	2387	Hemostasia normal	71269007	EXACT	False	False	False
es-S1135-76062013000200010-1	SINTOMA	1899	1932	Hígado aumentado de tamaño y peso	80515008	EXACT	False	False	False
es-S1137-66272009000500016-1	SINTOMA	3171	3205	hígado con arquitectura conservada	300337001	NARROW	False	False	False
es-S0378-48352004001000003-1	SINTOMA	1330	1353	hígado de tamaño normal	300337001	NARROW	False	False	False
es-S1130-01082008000200010-1	SINTOMA	1365	1392	hígado era de tamaño normal	300337001	EXACT	False	False	False
es-S1130-01082006000900014-1	SINTOMA	494	510	hígado homogéneo	300324004	NARROW	False	False	False
es-S1137-66272009000500016-1	SINTOMA	1700	1733	hígado homogéneo sin alteraciones	300337001	EXACT	False	False	False
es-S0004-06142008000300012-1	SINTOMA	1487	1537	hígado y vía biliar intra y extrahepática normales	300337001	NARROW	False	False	False
es-S0376-78922007000300006-3	SINTOMA	239	258	hinchazón simétrica	65124004	EXACT	False	False	True
es-S1137-66272009000500016-1	SINTOMA	650	664	hiperamoniemia	9360008	EXACT	False	False	False
es-S1137-66272012000100017-1	SINTOMA	1002	1058	hipercelularidad con parada madurativa en serie mieloide	167927007	EXACT	False	False	False
es-S0365-66912007001200011-1	SINTOMA	1667	1682	hiperemia mixta	781682005	EXACT	False	False	False
es-S0365-66912007001200011-1	SINTOMA	640	655	hiperemia mixta	781682005	EXACT	False	False	True
es-S1134-80462015000500005-1	SINTOMA	682	717	hiperestesia en la región escapular	20793008	NARROW	False	False	False
es-S0365-66912007000200011-1	SINTOMA	678	706	hiperfluorescencia en anillo	371405004	NARROW	False	False	True
es-S1889-836X2015000400006-1	SINTOMA	992	1010	hiperglucemia leve	80394007	EXACT	False	False	False
es-S0365-66912012000700004-1	SINTOMA	667	714	hiperreflectividad en capas internas retinianas	399858007	NARROW	False	False	False
es-S1130-63432014000400016-1	SINTOMA	2990	3007	hipertrasaminemia	707724006	EXACT	False	False	False
es-S0376-78922007000300006-3	SINTOMA	516	545	hipervascularización sinovial	3519007	NARROW	False	False	False
es-S1698-44472004000400012-1	SINTOMA	463	529	hipoestesia en el territorio de distribución del nervio mentoniano	95525004	EXACT	False	False	False
es-S0365-66912012000800005-1	SINTOMA	1402	1440	hipofluorescencia inicial de la foseta	247143009	NARROW	False	False	True
es-S0365-66912007000200011-1	SINTOMA	1643	1678	hipofluorescencia intensa mantenida	118235002	NARROW	False	False	True
es-S0365-66912012000300005-1	SINTOMA	759	850	hipofluorescencia precoz e hiperfluorescencia tardía variable de las lesiones en ambos ojos	371405004	NARROW	False	False	False
es-S0211-69952009000600023-1	SINTOMA	250	282	hipotensión arterial sintomática	45007003	EXACT	False	False	False
es-S0211-69952009000600023-1	SINTOMA	1096	1119	hipotensión sintomática	45007003	EXACT	False	False	False
es-S1137-66272007000500016-1	SINTOMA	168	185	HLA B-27 positivo	712680005	EXACT	True	False	True
es-S0365-66912007000100010-1	SINTOMA	749	796	hormonas tiroideas (T3,T4,TSH) estaban elevadas	131089005	EXACT	True	False	False
es-S0376-78922009000300005-1	SINTOMA	3603	3634	humedad permanente de la vagina	289598001	EXACT	False	False	False
es-S1130-01082007000400010-1	SINTOMA	443	467	ictericia cutáneo-mucosa	18165001	EXACT	False	False	False
es-S1130-01082005001100016-1	SINTOMA	280	307	ictericia de piel y mucosas	18165001	EXACT	False	False	False
es-S0378-48352004001000003-1	SINTOMA	562	583	ictericia mucocutánea	18165001	EXACT	False	False	False
es-S0378-48352004001000003-1	SINTOMA	670	691	ictericia mucocutánea	18165001	EXACT	False	False	False
es-S0211-69952012000700028-1	SINTOMA	1597	1616	IgM e IgA, normales	166165005	NARROW	False	False	False
es-S0378-48352004001000003-1	SINTOMA	1153	1169	IgM VHA negativo	165996008	NARROW	True	False	True
es-S1130-01082009000900012-1	SINTOMA	586	658	íleon terminal con paredes engrosadas y signos de proliferación vascular	312895004	NARROW	False	False	False
es-S2340-98942015000100005-1	SINTOMA	490	515	imagen adyacente al colon	300310003	EXACT	False	False	False
S0004-06142006000100014-1	SINTOMA	2097	2143	imagen cálcica en teórica zona de pelvis renal	236710009	NARROW	False	False	False
es-S0004-06142008000300011-1	SINTOMA	708	726	imagen cicatricial	251768002	NARROW	False	False	False
es-S0210-48062009000200019-1	SINTOMA	809	865	imagen con nivel líquido de 15 x 9 x 8 cm en hipogastrio	441988000	NARROW	False	False	True
es-S1139-76322016000300009-1	SINTOMA	896	935	imagen de calcificación intratesticular	441687008	NARROW	False	False	True
es-S0210-48062003000900009-1	SINTOMA	807	826	imagen fría central	365853002	NARROW	False	False	False
es-S1130-01082005001100017-2	SINTOMA	321	376	imagen heterogénea de 15 x 14,5 cm dependiente de riñón	249578005	NARROW	False	False	False
es-S0210-48062009000400020-1	SINTOMA	467	512	imagen hipodensa de 3 cm el lóbulo prostático	309089006	NARROW	False	False	False
es-S0004-06142008000500009-1	SINTOMA	877	913	imagen lobulada de contenido líquido	365853002	NARROW	False	False	False
es-S1137-66272013000200023-1	SINTOMA	3464	3478	imagen nodular	129734009	NARROW	False	False	False
es-S0212-71992005001100007-1	SINTOMA	1336	1391	imagen nodular calcificada en lóbulo inferior izquierdo	786838002	NARROW	False	False	False
S0004-06142006000500002-2	SINTOMA	654	688	imagen nodular hipoecoica en teste	87860000	NARROW	False	False	False
es-S0210-48062006000200018-1	SINTOMA	540	570	imagen nodular intratesticular	87860000	NARROW	False	False	False
es-S1698-44472004000400012-1	SINTOMA	617	689	imagen radiolúcida, de contornos poco definidos, en el cuerpo mandibular	125129007	NARROW	False	False	True
es-S0365-66912012001100004-5	SINTOMA	449	481	imagen sacular hiperfluorescente	371405004	NARROW	False	False	True
es-S0210-48062005000400012-1	SINTOMA	3247	3265	imágenes nodulares	125132005	NARROW	False	False	False
es-S0004-06142009000400011-1	SINTOMA	657	742	imágenes polipoideas parietales menores de 2-3 cm tanto en vejiga como en divertículo	309248004	EXACT	False	False	False
es-S1698-44472004000400011-1	SINTOMA	794	843	imágenes radiolúcidas y radiopacas en su interior	365853002	NARROW	False	False	False
es-S1889-836X2015000200005-2	SINTOMA	433	447	IMC era normal	35425004	EXACT	True	False	True
es-S1139-76322016000300015-1	SINTOMA	343	383	implantación amplia del cordón umbilical	90009001	NARROW	False	False	False
es-S0212-16112014000300032-1	SINTOMA	1118	1147	imposibilidad de ingesta oral	450819000	EXACT	False	False	False
es-S0211-69952016000600552-1	SINTOMA	206	242	imposibilidad para elevar el párpado	11934000	EXACT	False	False	False
es-S0210-48062006000700012-1	SINTOMA	373	402	imposibilidad para la micción	102835006	EXACT	False	False	False
es-S0004-06142009000400011-1	SINTOMA	288	317	imposibilidad para la micción	102835006	EXACT	False	False	False
S0004-06142007000600012-1	SINTOMA	247	264	impotencia sexual	860914002	EXACT	False	False	False
es-S0004-06142008000300012-1	SINTOMA	404	426	impresiona de gravedad	135818000	EXACT	False	False	False
es-S1698-69462006000200016-1	SINTOMA	144	183	inadecuada posición del canino inferior	366226004	NARROW	False	False	False
es-S0212-71992005000600008-1	SINTOMA	252	284	incapacidad para la deambulación	228158008	EXACT	False	False	False
es-S1134-80462014000500004-1	SINTOMA	501	533	incapacidad para la deambulación	228158008	EXACT	False	False	False
es-S1130-01082008000500008-1	SINTOMA	967	1010	incapacidad total para la alimentación oral	228155006	EXACT	False	False	False
es-S0211-69952011000100019-1	SINTOMA	390	411	incomodidad abdominal	43364001	NARROW	False	False	False
es-S1138-123X2004000100006-2	SINTOMA	405	425	incompetencia labial	698195007	EXACT	False	False	True
es-S1130-01082009000300015-1	SINTOMA	2608	2626	incontinencia anal	72042002	EXACT	False	False	False
es-S0212-71992008000700009-1	SINTOMA	959	994	incremento del trabajo respiratorio	49233005	EXACT	False	False	False
es-S1130-05582014000300006-1	SINTOMA	862	901	incremento metabólico a nivel parotídeo	300257000	NARROW	False	False	False
es-S0211-57352013000300011-1	SINTOMA	290	303	independiente	718360006	EXACT	False	False	False
es-S0211-69952012000700028-1	SINTOMA	269	321	independiente para las actividades de la vida diaria	718360006	EXACT	False	False	False
es-S0376-78922015000400012-1	SINTOMA	983	1009	inestabilidad de la lesión	52776004	EXACT	False	False	True
es-S1134-80462005000300004-1	SINTOMA	655	675	inestabilidad lumbar	202824000	EXACT	False	False	False
es-S0376-78922015000400012-1	SINTOMA	1896	1923	inestabilidad radiocarpiana	782430000	EXACT	False	False	False
es-S0376-78922016000200012-1	SINTOMA	601	634	infiltración de tejido subcutáneo	128041002	NARROW	False	False	True
es-S1130-01082009000200012-1	SINTOMA	314	369	infiltración y engrosamiento de toda la pared del colon	128524007	NARROW	False	False	False
es-S1130-01082008000300010-1	SINTOMA	1987	2006	infiltrado alveolar	409609008	EXACT	False	False	False
es-S0212-71992005000600008-1	SINTOMA	1986	2037	infiltrado alveolar en el lóbulo inferior izquierdo	409609008	NARROW	False	False	False
es-S0212-71992005000400007-1	SINTOMA	2003	2028	infiltrado pulmonar basal	409609008	NARROW	False	False	False
es-S1137-66272016000200010-1	SINTOMA	1429	1482	infiltrado reticulonodular en ambos campos superiores	409609008	NARROW	False	False	True
es-S1130-01082008000300010-1	SINTOMA	1326	1348	infiltrados alveolares	409609008	EXACT	False	False	False
es-S1130-01082008000300010-1	SINTOMA	1597	1616	infiltrados basales	409609008	EXACT	False	False	False
es-S0365-66912007000900010-1	SINTOMA	2683	2716	inflamación en la cámara anterior	246992005	EXACT	False	False	False
es-S0365-66912012000500003-1	SINTOMA	2061	2081	inflamación escleral	78370002	EXACT	False	False	False
es-S0365-66912008000700010-1	SINTOMA	161	194	ingurgitación conjuntivo-escleral	781682005	NARROW	False	False	False
es-S0211-57352011000400009-1	SINTOMA	3324	3346	inhibición psicomotriz	43994002	EXACT	False	False	True
es-S0211-57352013000300011-1	SINTOMA	4544	4559	insight parcial	27026000	NARROW	False	False	False
es-S0210-48062007000700014-1	SINTOMA	796	843	integridad de túnica albugínea y fascia de Buck	249244000	NARROW	False	False	True
es-S1130-01082008000900011-1	SINTOMA	1431	1458	integridad del eje vascular	21829004	NARROW	False	False	True
es-S0211-57352013000300011-1	SINTOMA	305	331	Intelectualmente brillante	367358004	EXACT	False	False	False
es-S0212-71992005000400007-1	SINTOMA	520	547	intensa palidez mucocutánea	274643008	NARROW	False	False	False
es-S0211-57352011000400009-1	SINTOMA	3495	3514	intensa somnolencia	271782001	EXACT	False	False	False
es-S1130-01082005001100016-1	SINTOMA	147	171	intolerancia alimenticia	235719002	EXACT	False	False	False
es-S0212-71992005000500009-1	SINTOMA	830	872	intradermoreacción de Mantoux fue negativa	268375009	EXACT	False	False	False
es-S0376-78922009000300005-1	SINTOMA	3718	3754	introito vaginal se mantiene cerrado	161815000	EXACT	False	False	False
es-S1130-01082007001100010-1	SINTOMA	484	534	inversión del flujo en las venas porta y esplénica	307223005	NARROW	False	False	False
es-S0365-66912007000900010-1	SINTOMA	2909	2925	inyección ciliar	247044000	NARROW	False	False	True
es-S0365-66912005001100009-1	SINTOMA	482	519	iridectomías se observaban permeables	423552003	EXACT	False	False	False
es-S0365-66912007000900010-1	SINTOMA	726	739	iris abombado	247025007	NARROW	False	False	False
es-S1130-63432014000500008-1	SINTOMA	267	276	irradiado	9972008	EXACT	False	False	True
es-S1887-85712012000400006-1	SINTOMA	1295	1340	irritación peritoneal en hemiabdomen inferior	300419003	EXACT	False	False	False
es-S0212-71992000001200006-1	SINTOMA	1551	1611	jugo duodenal y biopsia de 2ª porción duodenal sin patógenos	309306009	NARROW	False	False	False
es-S0376-78922009000300005-1	SINTOMA	3760	3814	labios mayores presentan un aspecto juvenil y turgente	289499007	NARROW	False	False	False
es-S0210-48062004000200011-1	SINTOMA	1130	1166	Lactato deshidrogenosa (LDH) elevada	396697000	EXACT	True	False	False
es-S0365-66912004000800009-1	SINTOMA	343	361	lagrimeo en el ojo	31788005	EXACT	False	False	False
es-S0212-71992008000700009-1	SINTOMA	123	141	lagrimeo incesante	31788005	EXACT	False	False	False
es-S0365-66912007000900010-1	SINTOMA	601	739	lámpara de hendidura del OI mostraba una inyección ciliar marcada, una reacción inflamatoria leve en la cámara anterior y un iris abombado	45177002	NARROW	True	False	False
es-S0211-69952009000600023-1	SINTOMA	1869	1900	latencias centrales prolongadas	102968003	NARROW	False	False	True
es-S0212-71992005000500009-1	SINTOMA	1006	1044	lavado broncoalveolar fueron negativos	309306009	NARROW	False	False	False
es-S0376-78922008000400008-1	SINTOMA	1215	1243	lengua con placa blanquecina	91002001	EXACT	False	False	False
es-S1887-85712014000100005-1	SINTOMA	186	233	lenguaje, con emisión y comprensión conservadas	286402008	NARROW	False	False	False
es-S0212-71992004001100006-1	SINTOMA	3047	3067	lentificación difusa	364852004	NARROW	False	False	True
es-S0211-57352011000400009-1	SINTOMA	3875	3890	lentitud motora	62330004	NARROW	False	False	True
es-S1130-01082008000900011-1	SINTOMA	1175	1228	lesión anecoica, bien delimitada, de aspecto quístico	396877008	EXACT	False	False	False
es-S0004-06142008000400016-1	SINTOMA	471	518	lesión exofítica no dolorosa a nivel del glande	110015006	NARROW	False	False	False
es-S0365-66912004000800009-1	SINTOMA	407	461	lesiones faciales con distribución en alas de mariposa	30704002	EXACT	False	False	False
es-S0212-71992005000600008-1	SINTOMA	2561	2623	lesiones focales hepáticas en segmento III con patrón vascular	300331000	NARROW	False	False	False
es-S0211-57352011000400009-1	SINTOMA	2630	2673	lesiones hemorrágicas intra ni extraaxiales	1386000	NARROW	False	False	True
es-S0211-57352011000400009-1	SINTOMA	2677	2706	lesiones ocupantes de espacio	85974009	EXACT	False	False	True
es-S0210-48062009000200019-1	SINTOMA	476	519	leucocitos con marcada desviación izquierda	87361006	EXACT	False	False	False
es-S0376-78922008000400008-1	SINTOMA	2867	2879	Leucocitosis	414478003	EXACT	False	False	False
es-S0365-66912007000900016-1	SINTOMA	2073	2124	levantamiento del neuroepitelio yuxtafoveolar nasal	29555009	NARROW	False	False	True
es-S1888-75462015000400006-1	SINTOMA	1739	1765	leve alteración subcondral	118954006	NARROW	False	False	False
es-S1130-05582014000300006-1	SINTOMA	1797	1820	leve déficit al soplido	424650008	NARROW	False	False	True
es-S0210-48062004000500009-1	SINTOMA	184	222	leve disminución del calibre miccional	162128006	EXACT	False	False	False
es-S1137-66272012000300023-1	SINTOMA	238	287	leve disminución del factor VII de la coagulación	37193007	EXACT	False	False	False
es-S0365-66912012000500003-1	SINTOMA	1796	1830	leve engrosamiento esclerocoroideo	247199007	EXACT	False	False	False
es-S0212-71992004001100006-1	SINTOMA	2866	2891	leve hiperproteinorraquia	167735002	NARROW	False	False	False
es-S0210-48062005000400012-1	SINTOMA	816	834	leve hiperuricemia	35885006	EXACT	False	False	False
es-S1888-75462015000400006-1	SINTOMA	177	208	leve limitación de la movilidad	82971005	EXACT	False	False	False
es-S0365-66912006000100008-1	SINTOMA	1033	1047	leve proptosis	18265008	EXACT	False	False	False
es-S0210-48062007000300014-1	SINTOMA	409	426	libido conservada	47949009	EXACT	False	False	False
es-S0365-66912007001200011-1	SINTOMA	1104	1143	limbo nasal de características normales	366014002	NARROW	False	False	True
es-S1137-66272013000100024-1	SINTOMA	201	255	limitación a la movilización pasiva y activa de cadera	102569004	EXACT	False	False	False
es-S1130-05582014000400006-2	SINTOMA	201	232	limitación de la apertura bucal	109639001	EXACT	False	False	False
es-S1134-80462009000500006-1	SINTOMA	1057	1107	limitación de la movilidad de la columna vertebral	840678003	EXACT	False	False	False
es-S0211-57352013000300011-1	SINTOMA	2935	2964	limitación funcional moderada	82971005	EXACT	False	False	False
es-S0212-71992008000700009-1	SINTOMA	274	323	limitación generalizada a la movilidad extrínseca	419326002	NARROW	False	False	True
es-S0210-48062009000200019-1	SINTOMA	2157	2270	linfadenectomía ilio-ceco-apendicular (con diagnóstico intraoperatorio por congelación de ausencia de malignidad)	309309002	NARROW	False	False	False
es-S0213-12852007000100002-1	SINTOMA	496	517	linfonodos del cuello	127086001	EXACT	False	False	False
es-S1137-66272013000100024-1	SINTOMA	1004	1061	líquido articular es positivo para Haemophilus influenzae	167863008	NARROW	False	False	False
es-S0212-16112009000600018-1	SINTOMA	1369	1404	líquido ascítico de aspecto lechoso	52985009	NARROW	False	False	False
es-S0212-71992004001100006-1	SINTOMA	2831	2860	líquido cefalorraquídeo claro	167707001	EXACT	False	False	False
es-S0212-16112010000100017-1	SINTOMA	572	598	líquido de aspecto lechoso	365669006	NARROW	False	False	True
es-S0004-06142008000300012-1	SINTOMA	1638	1712	Líquido libre en pelvis, espacios perihepático, periesplénico y perirrenal	93457003	EXACT	False	False	False
es-S1130-01082005001100017-2	SINTOMA	638	666	líquido libre intraabdominal	93457003	EXACT	False	False	False
es-S0212-16112009000600018-1	SINTOMA	1273	1302	líquido libre intra-abdominal	93457003	EXACT	False	False	False
es-S1130-01082005001100016-1	SINTOMA	850	874	líquido libre peritoneal	93457003	EXACT	False	False	False
es-S1130-01082007000100013-1	SINTOMA	804	828	líquido libre peritoneal	93457003	EXACT	False	False	False
es-S0376-78922016000200011-1	SINTOMA	1112	1144	líquido periprotésico en la mama	237475004	EXACT	False	False	False
es-S0376-78922016000200011-1	SINTOMA	2290	2381	líquido periprotésico evacuado durante la cirugía resultó positivo para células neoplásicas	309307000	NARROW	False	False	False
es-S1130-01082009000400012-1	SINTOMA	235	252	líquido purulento	35013009	EXACT	False	False	False
es-S1137-66272013000100024-1	SINTOMA	743	769	líquido sinovial purulento	167884003	EXACT	False	False	False
es-S1135-76062013000100008-1	SINTOMA	1113	1222	"líquido verde oscuro (bilis y escasos restos hemáticos en forma de ""posos de café""); las paredes del estómago"	414391001	NARROW	False	False	False
es-S1135-76062013000100008-1	SINTOMA	745	786	líquido verde oscuro en orificios nasales	836475004	EXACT	False	False	False
es-S1137-66272011000100013-2	SINTOMA	963	1047	lóbulo superior izquierdo (LSI) con nueva cavitación, observándose material flotante	301863008	NARROW	True	False	False
es-S1137-66272014000200011-1	SINTOMA	1778	1791	LTD un nódulo	237557003	NARROW	True	False	True
es-S0365-66912007000100009-1	SINTOMA	759	776	mácula era normal	301961009	EXACT	False	False	False
es-S0211-69952009000600023-1	SINTOMA	1695	1708	mácula normal	398637008	NARROW	False	False	False
es-S0365-66912007000200009-1	SINTOMA	821	861	mácula y nervio óptico de aspecto normal	301961009	EXACT	False	False	False
es-S1698-69462006000100006-1	SINTOMA	1099	1120	mal descanso nocturno	301345002	EXACT	False	False	False
es-S1130-05582014000400006-2	SINTOMA	524	542	mala higiene bucal	110299009	EXACT	False	False	False
es-S0376-78922011000500012-1	SINTOMA	376	390	mala perfusión	409054008	EXACT	False	False	False
es-S0210-48062007000300014-1	SINTOMA	559	573	mamas normales	290084006	EXACT	False	False	False
es-S0212-71992004001100006-1	SINTOMA	3314	3335	mamografía fue normal	168749009	EXACT	False	False	False
es-S0365-66912007000900016-1	SINTOMA	1294	1357	mancha blanca y pigmento peripapilar temporal superior en el OD	247138002	NARROW	True	False	True
es-S1134-80462015000500005-1	SINTOMA	182	243	mancha hiperpigmentada en la espalda, en la zona dorsal media	49765009	NARROW	False	False	False
es-S0365-66912004000800009-1	SINTOMA	697	727	mancha hipopigmentada en tórax	23267004	NARROW	False	False	False
es-S0365-66912007000900016-1	SINTOMA	1505	1564	manchas blanco-amarillentas distribuidas por polo posterior	247138002	NARROW	False	False	False
es-S0365-66912007000900016-1	SINTOMA	2634	2700	manchas blanco-amarillentas tenues en polo posterior de ambos ojos	247138002	NARROW	False	False	False
es-S0365-66912009001100005-3	SINTOMA	155	189	manchas café con leche diseminadas	201281002	EXACT	False	False	False
es-S1130-63432014000400016-1	SINTOMA	3362	3389	manifestaciones articulares	57676002	EXACT	False	False	False
es-S1130-63432014000400016-1	SINTOMA	2830	2857	manifestaciones articulares	57676002	EXACT	False	False	False
es-S1137-66272015000200019-2	SINTOMA	748	790	maniobra del gancho, se reproduce el dolor	427304006	NARROW	False	False	False
es-S1888-75462015000400006-1	SINTOMA	1015	1076	maniobras de Valleix, Fabere, Lasegue y Bragard son negativas	298690008	EXACT	False	False	False
es-S0211-69952012000500025-1	SINTOMA	641	663	Manos bien perfundidas	366216006	NARROW	False	False	False
es-S0212-71992004000300009-1	SINTOMA	1125	1145	Mantoux fue negativo	268375009	EXACT	False	False	False
es-S1137-66272016000200010-1	SINTOMA	1322	1342	Mantoux fue negativo	268375009	EXACT	False	False	False
S0004-06142007000600012-1	SINTOMA	589	606	Mantoux: Negativa	268375009	EXACT	False	False	False
es-S1130-01082007000400010-1	SINTOMA	749	794	marcadores de hepatitis vírica eran negativos	365595004	NARROW	False	False	False
es-S0004-06142008000400011-2	SINTOMA	346	386	marcadores de tumor testicular negativos	399406009	NARROW	False	False	False
es-S0212-16112009000600018-1	SINTOMA	1639	1688	marcadores tumorales (AFP y HCG) fueron negativos	399406009	EXACT	True	False	True
es-S0210-48062006000200018-1	SINTOMA	676	719	Marcadores tumorales (AFP y ß-HCG) normales	399406009	EXACT	True	False	True
S0004-06142006000500002-3	SINTOMA	2662	2721	marcadores tumorales dentro de los valores de la normalidad	399406009	EXACT	False	False	False
es-S1137-66272016000200010-1	SINTOMA	810	844	marcadores tumorales eran normales	399406009	EXACT	False	False	False
S0004-06142006000500002-2	SINTOMA	1753	1799	marcadores tumorales han permanecido negativos	399406009	EXACT	False	False	False
S0004-06142006000100014-1	SINTOMA	999	1062	marcadores tumorales hepáticos y digestivos resultaron anodinos	399406009	NARROW	False	False	False
es-S0378-48352004001000003-1	SINTOMA	1223	1247	Marcadores VHC negativos	406105002	EXACT	True	False	True
es-S1887-85712014000100005-1	SINTOMA	942	998	marcha con tendencia a la lateropulsión hacia la derecha	22325002	NARROW	False	False	False
es-S1137-66272014000200011-1	SINTOMA	2555	2590	márgenes quirúrgicos estaban libres	310342002	EXACT	False	False	False
es-S0004-06142007000900012-1	SINTOMA	337	367	masa a nivel cortical de riñón	309088003	NARROW	False	False	False
es-S0365-66912006000900010-1	SINTOMA	1548	1635	masa circunferencial de crecimiento endofítico abarcando prácticamente toda la coroides	285652003	NARROW	False	False	False
es-S0004-06142008000400013-1	SINTOMA	545	584	masa compleja en polo inferior de riñón	309088003	NARROW	False	False	False
es-S0365-66912006000900010-1	SINTOMA	687	763	masa con base de 17 mm discretamente hiperintensa en T1 e hipointensa en T2,	300848003	NARROW	False	False	False
es-S1130-01082009000300015-1	SINTOMA	1971	2024	masa de 3 cm en cuerpo-cola de páncreas vascularizada	425810000	NARROW	False	False	False
es-S0210-48062006000900012-2	SINTOMA	118	169	masa de 5 cm en cara lateral izquierda de la vejiga	428090004	NARROW	False	False	False
S0004-06142006000900015-1	SINTOMA	887	926	masa dolorosa en el hipocondrio derecho	84454003	NARROW	False	False	False
es-S1130-01082007000400010-1	SINTOMA	1554	1580	masa en cabeza de páncreas	126860002	EXACT	False	False	False
es-S1130-01082009000900012-1	SINTOMA	148	175	masa en crura diafragmática	300851005	NARROW	False	False	False
es-S1130-01082009000300015-1	SINTOMA	2091	2118	masa en el colon transverso	126842002	EXACT	False	False	False
es-S0210-48062006000400012-1	SINTOMA	1584	1665	masa esférica adenomatosa, localizada en área superior (proximal) del hemiescroto	53929009	NARROW	False	False	False
es-S1130-05582003000600004-2	SINTOMA	1328	1421	masa esférica, que se extendía desde el pilar canino o anterior hasta la apófisis pterigoides	300854002	NARROW	False	False	False
es-S1130-01082009000500007-1	SINTOMA	274	299	masa hipogástrica central	404200001	NARROW	False	False	False
es-S0210-48062009000200019-1	SINTOMA	1840	1919	masa independiente de vejiga, intensamente adherida a asas intestinales y ciego	428090004	NARROW	False	False	False
es-S0212-71992000001200006-1	SINTOMA	1974	1990	masa intra-axial	281229000	NARROW	False	False	False
es-S1130-01082007000700011-1	SINTOMA	313	382	masa mamelonada y estenosante desde los 32 cm a unión esofagogástrica	300287006	NARROW	False	False	False
es-S0210-48062005000300014-1	SINTOMA	399	435	masa palpable a nivel de fosa lumbar	309528005	EXACT	False	False	False
es-S0210-48062009000200019-1	SINTOMA	352	436	masa palpable, dolorosa, de gran tamaño, que ocupa hipogastrio y ambas fosas ilíacas	84454003	NARROW	False	False	False
es-S0210-48062004000500009-1	SINTOMA	838	865	masa parahiliar en el riñón	309088003	NARROW	False	False	False
es-S0210-48062009000600012-1	SINTOMA	2902	2920	masa paravertebral	309532004	NARROW	False	False	False
es-S0376-78922016000200012-1	SINTOMA	426	441	masa parespinal	300862005	NARROW	False	False	True
es-S0365-66912004001000008-1	SINTOMA	1891	1906	masa pigmentada	396556000	EXACT	False	False	False
es-S0365-66912006000900010-1	SINTOMA	424	439	masa pigmentada	396556000	EXACT	False	False	False
es-S0365-66912006000900010-1	SINTOMA	194	235	masa pigmentada en el ángulo iridocorneal	762415003	NARROW	False	False	False
es-S1130-01082009000300015-1	SINTOMA	235	259	masa polipoidea en sigma	428472008	EXACT	False	False	False
es-S0365-66912006000900010-1	SINTOMA	362	394	masa presente en cámara anterior	302217008	NARROW	False	False	False
es-S1137-66272013000100023-1	SINTOMA	1160	1177	masa prevertebral	410730009	NARROW	False	False	False
es-S0378-48352006000300005-1	SINTOMA	2853	2875	masa pulmonar superior	309529002	EXACT	False	False	False
es-S1130-01082009000900012-1	SINTOMA	1199	1302	masa que se encontraba íntimamente adherida a glándula suprarrenal, polo superior del riñón y diafragma	69559004	NARROW	False	False	False
es-S1130-05582003000600004-2	SINTOMA	1056	1148	masa radiolúcida homogénea unilocular de 5 cm de diámetro mayor, que ocupaba todo el maxilar	128234004	NARROW	False	False	False
es-S1130-01082007000400010-1	SINTOMA	1040	1088	masa redondeada hipoecoica en cabeza de páncreas	425810000	NARROW	False	False	False
es-S0365-66912004001000008-1	SINTOMA	918	986	masa redondeada localizada entre la raíz del iris y el cuerpo ciliar	248509009	NARROW	False	False	False
S0004-06142006000900015-1	SINTOMA	1468	1502	masa retroperitoneal paravertebral	69559004	NARROW	False	False	False
es-S0210-48062005000300014-1	SINTOMA	526	576	masa sólida heterogénea en polo inferior del riñón	309088003	NARROW	False	False	False
S0004-06142006000900015-1	SINTOMA	229	317	masa sólida y heterogénea de aproximadamente 6 cm, localizada en polo superior del riñón	309088003	NARROW	False	False	False
S0004-06142006000100010-1	SINTOMA	251	289	masa suprarrenal derecha hipoecogénica	237783006	EXACT	False	False	False
es-S0210-48062006000400012-1	SINTOMA	255	280	masa testicular, indolora	87860000	NARROW	False	False	False
es-S1130-05582003000600004-2	SINTOMA	841	873	masa, se extendía hacia palatino	1196999009	NARROW	False	False	False
S0004-06142006000500002-2	SINTOMA	428	461	masas a nivel de ambos testículos	87860000	EXACT	False	False	False
es-S1137-66272013000100023-1	SINTOMA	1951	1971	material hemorrágico	50960005	EXACT	False	False	False
es-S0376-78922016000200011-1	SINTOMA	1249	1264	material seroso	22641006	EXACT	False	False	False
es-S0211-69952012000700028-1	SINTOMA	982	1004	matidez en mesogastrio	249554000	NARROW	False	False	False
es-S1698-69462006000100003-1	SINTOMA	1030	1065	maxilar inferior desdentado parcial	371084005	NARROW	False	False	False
es-S1698-69462006000100003-1	SINTOMA	1067	1100	maxilar superior desdentado total	128234004	NARROW	False	False	False
es-S0210-48062007000300014-1	SINTOMA	659	672	meato central	249302009	NARROW	False	False	True
es-S0365-66912004001200010-2	SINTOMA	1113	1150	megacariocitos displásicos y atípicos	167939004	NARROW	False	False	True
es-S0365-66912009001100005-3	SINTOMA	382	399	meninges intactas	299729001	NARROW	False	False	False
es-S1698-69462006000100006-1	SINTOMA	873	883	meteorismo	722879009	EXACT	False	False	False
es-S0004-06142008000400013-1	SINTOMA	127	139	metrorragias	44991000119100	EXACT	False	False	True
es-S0210-48062005000400012-1	SINTOMA	449	471	micción en dos tiempos	47252008	NARROW	False	False	False
es-S0210-48062005000400012-1	SINTOMA	388	404	micción nocturna	300470007	NARROW	False	False	True
es-S0210-48062006000700012-1	SINTOMA	1671	1693	micción uretral normal	102834005	EXACT	False	False	False
es-S1137-66272016000200010-1	SINTOMA	1160	1202	micobacterias con tinción de Ziehl Nielsen	830286009	NARROW	False	False	False
es-S1137-66272011000300024-1	SINTOMA	3415	3440	microalbuminuria negativa	167583002	EXACT	False	False	False
es-S1139-76322016000300009-1	SINTOMA	1424	1457	microcalcificaciones testiculares	117261000119108	EXACT	False	False	False
es-S1130-01082008000900017-1	SINTOMA	2007	2041	microcoils próximos al divertículo	82380002	NARROW	False	False	True
es-S0210-48062007000300014-1	SINTOMA	2043	2070	Microdeleciones cromosoma Y	717158001	EXACT	False	False	False
es-S0212-16112013000400053-1	SINTOMA	859	956	micronódulos a nivel de colon transverso y en la región correspondiente al epiplon gastrohepático	425711007	NARROW	False	False	False
es-S1130-01082005001200011-1	SINTOMA	2267	2277	mioclonias	17450006	EXACT	False	False	False
es-S1130-01082005001200011-1	SINTOMA	3911	3921	mioclonias	17450006	EXACT	False	False	False
es-S1130-01082005001200011-1	SINTOMA	4781	4791	mioclonias	17450006	EXACT	False	False	False
es-S1130-01082005001200011-1	SINTOMA	5011	5021	mioclonias	17450006	EXACT	False	False	False
es-S1130-01082005001200011-1	SINTOMA	4175	4218	mioclonias en ambas extremidades inferiores	17450006	NARROW	False	False	False
es-S1130-01082005001200011-1	SINTOMA	2105	2127	mioclonias espontáneas	17450006	EXACT	False	False	False
es-S1130-01082005001200011-1	SINTOMA	4231	4266	mioclonias reflejas en ambos brazos	17450006	NARROW	False	False	False
es-S0365-66912007001200009-1	SINTOMA	1308	1321	miodesospsias	15013002	EXACT	False	False	False
es-S0212-71992005000600008-1	SINTOMA	1357	1378	Moderada leucocitosis	414478003	EXACT	False	False	False
es-S1137-66272012000300024-1	SINTOMA	946	968	moderada trombocitosis	6631009	EXACT	False	False	False
es-S1130-05582014000400006-2	SINTOMA	545	593	moderado aumento del volumen del piso de la boca	116337000	NARROW	False	False	False
es-S1139-76322016000300009-1	SINTOMA	1026	1055	molestias (elevación escrotal	20502007	EXACT	False	False	False
es-S1699-695X2015000200010-1	SINTOMA	1088	1135	molestias a la palpación de la cabeza del radio	298928007	NARROW	False	False	False
es-S1139-76322016000300009-1	SINTOMA	178	203	molestias en el testículo	63901009	EXACT	False	False	False
es-S0212-16112010000100017-1	SINTOMA	348	370	molestias en hemitórax	279084009	EXACT	False	False	False
es-S1130-01082010001100014-1	SINTOMA	62	84	molestias epigástricas	79922009	EXACT	False	False	False
es-S0212-71992004000300009-1	SINTOMA	348	367	molestias faríngeas	267102003	EXACT	False	False	False
es-S1130-01082008000900011-1	SINTOMA	294	313	molestias faríngeas	267102003	EXACT	False	False	False
es-S1130-01082004001200010-1	SINTOMA	88	127	molestias habituales en vacío izquierdo	301368006	EXACT	False	False	False
es-S0004-06142008000300013-1	SINTOMA	567	585	molestias lumbares	40709005	EXACT	False	False	False
es-S0210-48062007001000004-1	SINTOMA	1640	1649	monorquio	87310001	EXACT	False	False	False
es-S0365-66912007000900011-1	SINTOMA	310	354	motilidad intrínseca y extrínseca fue normal	103251002	EXACT	False	False	True
es-S1137-66272013000100024-1	SINTOMA	1770	1800	movilidad completa no dolorosa	160680006	EXACT	False	False	False
es-S1134-80462015000200005-1	SINTOMA	3409	3443	movimiento potencialmente doloroso	425423002	EXACT	False	False	False
es-S1139-76322016000400018-1	SINTOMA	1815	1836	movimientos anormales	225606002	EXACT	False	False	False
es-S1130-01082005001200011-1	SINTOMA	1894	1928	movimientos anormales en su pierna	249968003	EXACT	False	False	False
es-S0376-78922008000400008-1	SINTOMA	211	236	movimientos lateralizados	1231186006	EXACT	False	False	True
es-S0365-66912006000100008-1	SINTOMA	631	687	Movimientos oculares externos, sin hallazgos patológicos	103251002	NARROW	False	False	False
es-S1130-01082005001200011-1	SINTOMA	1974	2041	movimientos oculares y la exploración de pares craneales era normal	103251002	EXACT	False	False	False
es-S1130-01082010000700014-1	SINTOMA	533	572	mucosa de intestino grueso, con erosión	415767003	EXACT	False	False	False
es-S0376-78922008000400008-1	SINTOMA	772	796	mucosa labial enrojecida	249400000	NARROW	False	False	False
es-S1698-44472004000400012-1	SINTOMA	351	377	mucosa oral estaba indemne	1149248007	EXACT	False	False	False
es-S1130-05582003000600004-2	SINTOMA	643	669	mucosa sana, y eritematosa	413254002	EXACT	False	False	False
es-S1130-01082007001200014-1	SINTOMA	113	119	muerta	419099009	EXACT	False	False	False
es-S1139-76322016000400018-1	SINTOMA	1939	1999	muesca en la pared posterior del tercio superior del esófago	912005	NARROW	False	False	True
es-S0212-71992008000700009-1	SINTOMA	1967	2028	múltiples imágenes nodulares en el lóbulo superior del pulmón	445249002	EXACT	False	False	False
es-S0376-78922015000400012-1	SINTOMA	223	274	muñeca izquierda y produciéndose una hiperextensión	298966005	NARROW	False	False	False
es-S1888-75462016000400180-1	SINTOMA	1282	1338	murmullo vesicular conservado en ambos campos pulmonares	48348007	EXACT	False	False	False
es-S0212-71992005000400007-1	SINTOMA	579	608	murmullo vesicular disminuido	58840004	EXACT	False	False	False
es-S1137-66272016000300010-1	SINTOMA	893	918	murmullo vesicular normal	48348007	EXACT	False	False	False
es-S0004-06142008000300012-1	SINTOMA	667	682	Murphy negativo	300353003	EXACT	False	False	False
es-S0212-16112009000600018-1	SINTOMA	2360	2396	Na, K, Cl, Calcio y fósforo normales	166685005	EXACT	False	False	False
es-S1130-01082009000900012-1	SINTOMA	1048	1081	negatividad para células malignas	3391005	EXACT	False	False	False
es-S1130-01082007000400010-1	SINTOMA	2658	2675	negativo para CEA	399406009	NARROW	True	False	True
es-S0213-12852006000600002-1	SINTOMA	109	130	negativos para el VIH	165815009	EXACT	True	False	True
es-S0004-06142007000900012-1	SINTOMA	694	715	neoformación cortical	108369006	NARROW	False	False	True
es-S1134-80462014000500004-1	SINTOMA	3677	3756	neoformación ósea en forma de puente entre escápula izquierda y parrilla costal	61838003	NARROW	False	False	False
es-S1134-80462014000500004-1	SINTOMA	3782	3812	neoformación ósea paracervical	61838003	NARROW	False	False	False
es-S0004-06142007000900012-1	SINTOMA	249	277	neoformación sólida en riñón	309088003	EXACT	False	False	False
es-S1134-80462014000500004-1	SINTOMA	2789	2804	neo-osificación	128419007	NARROW	False	False	True
es-S1887-85712012000400006-1	SINTOMA	778	789	neutrofília	78341006	EXACT	False	False	False
es-S0213-12852006000600002-1	SINTOMA	4544	4556	neutropénica	72885007	EXACT	False	False	False
es-S0210-48062009000200019-1	SINTOMA	598	636	nitritos positivos en la tira reactiva	314137006	EXACT	False	False	False
es-S0210-56912009000800006-3	SINTOMA	1123	1150	nivel de consciencia normal	271591004	EXACT	False	False	False
es-S1130-05582008000400004-1	SINTOMA	1247	1301	niveles elevados de calcio y de parathormona en sangre	166702002	EXACT	False	False	False
es-S1130-05582008000400004-1	SINTOMA	724	787	niveles elevados de parathormona urinaria y de calcio sanguíneo	166702002	EXACT	False	False	False
es-S0212-71992004001100006-1	SINTOMA	4414	4427	nódulo axilar	300863000	EXACT	False	False	False
es-S0212-71992005000600008-1	SINTOMA	2712	2752	Nódulo de 1,4 cm en glándula suprarrenal	237783006	EXACT	False	False	False
es-S0212-71992005000600008-1	SINTOMA	2298	2384	nódulo de 1,4 x 1,6 cm en lóbulo superior derecho, que contacta con la pleura visceral	786838002	NARROW	False	False	False
es-S1137-66272014000200011-1	SINTOMA	1361	1384	nódulo de 2-3 cm en LTD	76917005	NARROW	True	False	True
es-S1130-14732006000400005-1	SINTOMA	2056	2103	nódulo de pequeño tamaño temporal basal derecho	422840005	NARROW	False	False	True
es-S0210-48062004000800009-1	SINTOMA	448	464	nódulo exofítico	27925004	NARROW	False	False	False
es-S0213-12852006000600002-1	SINTOMA	794	842	nódulo no doloroso a nivel del incisivo superior	1163581009	NARROW	False	False	False
es-S1130-14732006000200011-1	SINTOMA	1143	1158	nódulo parietal	118945008	NARROW	False	False	True
es-S1130-05582017000200119-1	SINTOMA	375	391	nódulo parotídeo	315284009	EXACT	False	False	False
es-S0212-71992005000600008-1	SINTOMA	2129	2149	nódulo periumbilical	448569009	EXACT	False	False	False
es-S0376-78922009000100014-1	SINTOMA	1828	1843	nódulo pulmonar	786838002	EXACT	False	False	False
es-S0376-78922009000100014-1	SINTOMA	3981	3996	nódulo pulmonar	786838002	EXACT	False	False	False
es-S0376-78922009000100014-1	SINTOMA	942	1065	nódulo pulmonar de bordes bien delimitados y localización yuxtapleural, situado en el segmento superior del lóbulo inferior	786838002	NARROW	False	False	False
es-S1130-05582017000200119-1	SINTOMA	887	900	nódulo sólido	27925004	EXACT	False	False	False
S0004-06142006000500002-3	SINTOMA	1778	1791	nódulo sólido	27925004	EXACT	False	False	False
S0004-06142007000600014-1	SINTOMA	110	127	nódulo testicular	87860000	EXACT	False	False	False
es-S0004-06142008000400013-1	SINTOMA	731	799	nódulos de 17 y 10 mm dependientes del polo superior del mismo riñón	309088003	NARROW	False	False	False
es-S1130-14732006000200011-1	SINTOMA	83	109	nódulos en región parietal	85974009	NARROW	False	False	False
es-S0004-06142008000300011-1	SINTOMA	1605	1654	normalidad bioquímica de los parámetros tumorales	399406009	EXACT	False	False	False
es-S1888-75462016000400180-1	SINTOMA	1144	1168	normalidad de constantes	72970002	EXACT	False	False	False
es-S0004-06142008000500009-1	SINTOMA	1521	1557	normalidad de la vía urinaria en UIV	275730006	EXACT	True	False	True
es-S0210-48062006000700012-1	SINTOMA	1751	1783	normalidad de la zona prostática	300531004	EXACT	False	False	False
es-S1134-80462015000200005-1	SINTOMA	2192	2228	normalidad en los valores analíticos	442082004	EXACT	False	False	False
es-S0211-69952011000100019-1	SINTOMA	676	716	normalización de la radiografía de tórax	168733007	EXACT	False	False	False
es-S0211-57352011000400009-1	SINTOMA	4428	4473	normalización de niveles plasmáticos de sodio	166692000	EXACT	False	False	False
es-S0210-48062005000300014-1	SINTOMA	1244	1257	normocalcemia	166701009	EXACT	False	False	False
es-S1134-80462015000200005-1	SINTOMA	1549	1561	normocárdico	1148838007	EXACT	False	False	True
S0004-06142006000100014-1	SINTOMA	1748	1774	normofunción contralateral	118228005	NARROW	False	False	False
es-S1130-01082007000400010-1	SINTOMA	422	436	normohidratado	1144674006	EXACT	False	False	False
es-S0213-12852006000600002-1	SINTOMA	4537	4542	obitó	419620001	EXACT	False	False	False
es-S1130-05582003000600004-2	SINTOMA	390	424	obstrucción subjetiva de la narina	232209000	EXACT	False	False	False
es-S0213-12852003000500002-1	SINTOMA	1423	1462	Oclusalmente presentaba mordida cruzada	109495004	EXACT	False	False	False
es-S0004-06142008000300012-1	SINTOMA	1281	1315	oclusión completa de la luz de VCI	470760002	EXACT	True	False	True
es-S1130-14732005000300004-1	SINTOMA	1864	1892	oclusión del flujo vertebral	195182007	EXACT	False	False	False
es-S1130-14732005000300004-1	SINTOMA	1357	1410	ocupación del receso anterolateral del canal raquídeo	76107001	NARROW	False	False	False
es-S0365-66912007000100009-1	SINTOMA	1662	1735	ocupación inespecífica de la fosa pterigopalatina y del vértice orbitario	371436007	NARROW	False	False	True
es-S0211-69952009000600023-1	SINTOMA	2084	2129	OD con alteración de la sensibilidad relativa	373423002	NARROW	True	False	True
es-S1698-44472004000400012-1	SINTOMA	85	136	odontalgia en relación con un tercer molar inferior	27355003	NARROW	False	False	False
es-S1137-66272014000200013-1	SINTOMA	329	355	OI de no percepción de luz	63063006	NARROW	True	False	True
es-S0211-69952009000600023-1	SINTOMA	2179	2224	OI hay una reducción total de la sensibilidad	373423002	EXACT	True	False	True
es-S0365-66912004001000008-1	SINTOMA	250	297	ojo izquierdo no mostraba hallazgos patológicos	301924000	NARROW	False	False	False
es-S0365-66912007000200009-1	SINTOMA	1183	1252	ojo izquierdo presentaba una alteración a nivel del eje azul amarillo	301979008	NARROW	False	False	False
es-S0365-66912007001200011-1	SINTOMA	62	85	ojo rojo doloroso en OI	41652007	EXACT	True	False	False
es-S0365-66912007000200011-1	SINTOMA	227	236	ojo único	92972001	EXACT	False	False	False
es-S0210-56912008000200007-1	SINTOMA	295	307	oligo-anuria	2472002	NARROW	False	False	False
es-S1139-76322016000300015-1	SINTOMA	49	73	ombligo poco cicatrizado	289318004	EXACT	False	False	False
es-S1134-80462005000100007-1	SINTOMA	896	957	ondas Q profundas en las derivaciones precordiales izquierdas	164917005	NARROW	False	False	False
es-S1130-63432014000500008-1	SINTOMA	711	748	ondas T negativas en la cara anterior	704999008	EXACT	False	False	False
es-S0365-66912012000300005-1	SINTOMA	374	422	opacidad incipiente del cristalino en ambos ojos	840576009	EXACT	False	False	False
es-S0210-56912011000200009-1	SINTOMA	917	972	opacidades bilaterales en parche con vidrio deslustrado	1217294009	EXACT	False	False	False
es-S1699-695X2015000200010-1	SINTOMA	1285	1321	oposición del pulgar está conservada	299190001	NARROW	False	False	False
es-S1137-66272016000300010-1	SINTOMA	646	655	Orientada	247663003	EXACT	False	False	False
es-S0210-48062006000700012-1	SINTOMA	1045	1060	orina en vejiga	249585009	NARROW	False	False	False
es-S0212-71992005001100007-1	SINTOMA	1238	1263	orina: Proteínas positivo	167275009	EXACT	False	False	False
es-S1139-76322009000700016-1	SINTOMA	1244	1255	ORL: normal	164177002	EXACT	True	False	True
es-S0365-66912007001000008-1	SINTOMA	2100	2109	ortoforia	246723000	NARROW	False	False	False
es-S1134-80462014000500004-1	SINTOMA	2397	2424	osificaciones heterotópicas	128491006	EXACT	False	False	False
es-S1139-76322013000200009-1	SINTOMA	318	344	otoscopia sin alteraciones	164178007	EXACT	False	False	False
es-S0004-06142008000400013-1	SINTOMA	351	393	ovario derecho de características normales	289847001	EXACT	False	False	False
es-S0211-69952016000600552-1	SINTOMA	1714	1722	oxaluria	367621000119107	EXACT	False	False	False
es-S1698-69462006000100003-1	SINTOMA	1143	1159	paladar profundo	27272007	NARROW	False	False	False
es-S1887-85712016000100005-1	SINTOMA	1244	1251	Palidez	398979000	NARROW	False	False	False
es-S2254-28842014000200009-1	SINTOMA	672	696	palidez cutánea y mucosa	274643008	EXACT	False	False	False
es-S1130-01082008000300010-1	SINTOMA	779	794	palidez de piel	1209208002	NARROW	False	False	False
es-S0004-06142008000300012-1	SINTOMA	428	447	Palidez mucocutánea	274643008	NARROW	False	False	False
es-S0365-66912007000100009-1	SINTOMA	1616	1631	palidez papilar	302200001	EXACT	False	False	False
es-S0211-69952009000600023-1	SINTOMA	1711	1758	papila congestiva con incipiente edema (OI y D)	15930381000119104	EXACT	True	False	True
es-S0365-66912008000700010-1	SINTOMA	501	561	papila del OD aparecía hiperémica y ligeramente sobreelevada	248487006	EXACT	True	False	True
es-S0365-66912007000900011-1	SINTOMA	454	499	papila izquierda que se describió como pálida	302200001	EXACT	False	False	False
es-S0365-66912007000100009-1	SINTOMA	782	819	papila no presentaba edema ni palidez	301961009	NARROW	False	False	False
es-S0212-71992005001100007-1	SINTOMA	2386	2408	paraproteína IgG-Kappa	414764000	EXACT	False	False	False
es-S0212-71992005001100007-1	SINTOMA	2256	2278	Paraproteína IgG-Kappa	414764000	EXACT	False	False	False
es-S1130-01082010000700014-1	SINTOMA	369	398	parásitos en heces: negativos	167596001	EXACT	False	False	False
es-S1135-76062013000100008-1	SINTOMA	1202	1288	paredes del estómago están adelgazadas y con áreas de aspecto hemorrágico en la mucosa	414391001	NARROW	False	False	False
es-S1130-01082007001100010-1	SINTOMA	238	269	parénquima hepático heterogéneo	249565005	NARROW	False	False	False
es-S1130-01082007001100010-2	SINTOMA	336	367	parénquima hepático heterogéneo	249565005	NARROW	False	False	False
es-S1135-76062013000200010-1	SINTOMA	2449	2523	parénquima hepático muy alterado con destrucción de la arquitectura normal	300324004	NARROW	False	False	True
es-S0378-48352006000300005-1	SINTOMA	3212	3250	parénquimas pulmonares bien ventilados	827032003	EXACT	False	False	False
es-S1130-14732005000300004-1	SINTOMA	956	1004	pares craneales están conservados bilateralmente	106150003	NARROW	False	False	False
es-S1887-85712014000100005-1	SINTOMA	768	796	pares craneales son normales	106150003	NARROW	False	False	False
es-S1887-85712014000100005-1	SINTOMA	562	604	paresia del IV par craneal del ojo derecho	20610004	EXACT	False	False	False
es-S1130-05582017000200119-1	SINTOMA	1768	1780	paresia leve	26544005	EXACT	False	False	False
es-S1699-695X2015000200010-1	SINTOMA	123	153	parestesias en todos los dedos	840319006	EXACT	False	False	False
es-S1139-76322015000400012-1	SINTOMA	526	584	parietoccipital izquierda se apreciaba una escara negruzca	87319000	NARROW	False	False	True
es-S1137-66272011000300024-1	SINTOMA	1312	1342	Paroniquia en cuarto dedo mano	444646006	EXACT	False	False	False
es-S0365-66912007000100009-1	SINTOMA	625	654	párpados edematosos a tensión	89091004	EXACT	False	False	False
es-S0211-69952013000200019-2	SINTOMA	675	705	paso de contraste a testículos	249236000	NARROW	False	False	True
es-S0004-06142007000900010-1	SINTOMA	853	901	paso de contraste desde la uretra hasta el recto	249300001	NARROW	False	False	False
es-S0212-71992004001100006-1	SINTOMA	2293	2320	patrón férrico inflamatorio	73511000119101	NARROW	False	False	False
es-S1137-66272011000100013-2	SINTOMA	563	612	patrón intersticial micronodular bilateral difuso	64667001	NARROW	False	False	False
es-S0212-16112010000100017-1	SINTOMA	4391	4403	PCR elevadas	119971000119104	EXACT	True	False	True
es-S0004-06142008000700003-1	SINTOMA	1560	1606	pelotón de gasas adherida a la pared vesical	211649008	NARROW	False	False	False
es-S0376-78922012000400009-1	SINTOMA	454	508	pene de tamaño exagerado dimensión horizontal (grosor)	88673001	EXACT	False	False	False
es-S1134-80462014000300009-1	SINTOMA	881	934	percusión sobre espina iliaca anterosuperior negativa	118244001	NARROW	False	False	False
es-S0212-16112010000600024-1	SINTOMA	320	343	pérdida de 15kg de peso	89362005	EXACT	False	False	False
es-S0212-71992000001200006-1	SINTOMA	520	545	Pérdida de 2-3 Kg de peso	89362005	EXACT	False	False	False
es-S1130-01082007000100009-1	SINTOMA	441	465	pérdida de 25 kg de peso	89362005	EXACT	False	False	False
es-S0210-48062004000200011-1	SINTOMA	219	242	pérdida de 3 kg de peso	89362005	EXACT	False	False	False
es-S1137-66272011000300024-1	SINTOMA	798	823	pérdida de 6,4 kg de peso	89362005	EXACT	False	False	False
es-S1130-01082009000500007-1	SINTOMA	173	196	pérdida de 8 kg de peso	89362005	EXACT	False	False	False
es-S0365-66912012000800005-1	SINTOMA	86	119	pérdida de agudeza visual del ojo	13164000	EXACT	False	False	False
es-S1130-01082005001200011-1	SINTOMA	1852	1875	pérdida de conocimiento	419045004	EXACT	False	False	False
es-S2340-98942015000100005-1	SINTOMA	959	982	pérdida de conocimiento	419045004	EXACT	False	False	False
es-S1699-695X2015000300013-1	SINTOMA	105	156	pérdida de fuerza brusca en los miembros inferiores	102568007	NARROW	False	False	False
es-S1699-695X2015000200010-1	SINTOMA	90	120	pérdida de fuerza en las manos	299042006	EXACT	False	False	False
es-S1135-76062013000200010-1	SINTOMA	1514	1539	pérdida de la consciencia	419045004	EXACT	False	False	False
es-S1130-14732006000400005-1	SINTOMA	117	147	pérdida de memoria de fijación	48167000	NARROW	False	False	False
es-S0212-71992004001100006-1	SINTOMA	1208	1235	pérdida de memoria reciente	48167000	EXACT	False	False	False
es-S0376-78922008000400008-1	SINTOMA	2060	2079	pérdida de pestañas	34887006	EXACT	False	False	False
es-S1888-75462016000400180-1	SINTOMA	1082	1105	pérdida de sensibilidad	33653009	EXACT	False	False	False
es-S0212-71992005000600008-1	SINTOMA	220	249	pérdida de unos 20 kg de peso	89362005	EXACT	False	False	False
es-S0212-71992005000400007-1	SINTOMA	351	388	pérdida de unos 21 kilogramos de peso	89362005	EXACT	False	False	False
es-S1137-66272014000200013-1	SINTOMA	59	98	pérdida de visión de ojo izquierdo (OI)	274571007	EXACT	True	False	False
es-S0365-66912010000700004-1	SINTOMA	586	610	pérdida de visión severa	225581002	EXACT	False	False	False
es-S1130-01082008000300010-1	SINTOMA	1866	1900	pérdida de volumen en lóbulo medio	61448007	NARROW	False	False	False
es-S1699-65852007000300003-1	SINTOMA	2838	2866	pérdida ósea periimplantaria	718067000	EXACT	False	False	True
es-S0211-69952009000600023-1	SINTOMA	1025	1075	pérdida parcial de la visión del OD y total del OI	343051000119108	EXACT	True	False	False
es-S0365-66912007000900016-1	SINTOMA	1062	1109	pérdida visual al nivel de 20/60 OD y 20/30 OI,	193722001	EXACT	True	False	False
es-S0365-66912006000900010-1	SINTOMA	107	142	pérdida visual progresiva en su ojo	225581002	EXACT	False	False	False
es-S0212-16112009000600018-1	SINTOMA	2398	2420	perfil hepático normal	166602006	EXACT	False	False	False
es-S1137-66272011000300024-1	SINTOMA	1551	1573	Perfil hepático normal	166602006	EXACT	False	False	False
es-S1134-80462015000200005-1	SINTOMA	1524	1534	perfundido	1137685003	EXACT	False	False	False
es-S1130-01082007001100010-2	SINTOMA	274	320	peripancreático un vaso colateral muy dilatado	300357002	NARROW	False	False	False
es-S1137-66272016000300010-1	SINTOMA	1045	1065	Peristaltismo normal	28423000	EXACT	False	False	False
es-S1139-76322009000700016-1	SINTOMA	1148	1168	Peristaltismo normal	28423000	EXACT	False	False	False
es-S1130-01082006000900014-1	SINTOMA	2682	2716	permeabilidad de eje esplenoportal	129579005	EXACT	False	False	False
es-S1139-76322016000300015-1	SINTOMA	1926	1949	permeabilidad del uraco	398316009	EXACT	False	False	False
es-S1137-66272013000200023-1	SINTOMA	2536	2597	PET-TAC no objetivándose signos de captación ósea patológica,	408573005	NARROW	True	False	True
es-S0376-78922009000400011-1	SINTOMA	53	114	picadura de raya a nivel de la superficie interna del tobillo	283830007	NARROW	False	False	False
es-S0212-71992005001100007-1	SINTOMA	1146	1176	pico monoclonal en banda gamma	109983007	EXACT	False	False	False
es-S0211-69952012000700028-1	SINTOMA	2105	2123	picos monoclonales	414763006	EXACT	False	False	False
es-S0376-78922008000400008-1	SINTOMA	970	982	piel íntegra	444884003	EXACT	False	False	False
es-S0365-66912004001000008-1	SINTOMA	573	587	PIO era normal	60280003	EXACT	True	False	True
es-S0210-48062006000700012-1	SINTOMA	827	860	piocitos en el sedimento de orina	275765006	EXACT	False	False	False
es-S0210-56912011000200009-1	SINTOMA	345	378	placas blanquecinas en orofaringe	33431000119109	NARROW	False	False	False
es-S0212-71992005000400007-1	SINTOMA	1301	1319	plaquetas gigantes	44687006	EXACT	False	False	False
es-S0212-71992005001100007-1	SINTOMA	2005	2026	Plasmocitosis medular	70958007	EXACT	False	False	False
es-S0365-66912012000500003-1	SINTOMA	1980	2034	pliegues a nivel de la retina interna/EPR/coriocapilar	37480005	EXACT	True	False	True
es-S0365-66912007000900010-1	SINTOMA	1124	1160	pliegues coroideos bien visualizados	231998005	EXACT	False	False	False
es-S0210-48062005000400012-1	SINTOMA	426	444	polaquiuria diurna	31462008	EXACT	False	False	False
es-S0365-66912012000800005-1	SINTOMA	222	260	polo anterior no mostraba alteraciones	418727003	NARROW	False	False	True
S0004-06142006000100010-1	SINTOMA	418	471	polo superior de riñón derecho desplazado hacia abajo	366263008	NARROW	False	False	False
es-S0210-48062004000800009-1	SINTOMA	507	577	polo superior del riñón derecho que presenta áreas sólidas y quísticas	253883006	NARROW	False	False	False
es-S0210-48062009000300013-1	SINTOMA	211	238	Portador de catéter doble J	763659007	EXACT	False	False	False
es-S1130-01082007000400010-1	SINTOMA	2762	2782	positivo para el CEA	445201008	EXACT	True	False	True
es-S0378-48352005000100005-2	SINTOMA	168	205	positivos, al igual que el Herceptest	1162602001	EXACT	False	False	False
es-S1130-01082005001200011-1	SINTOMA	2874	2946	potenciales evocados somato-sensoriales provocaban respuestas aumentadas	277126002	NARROW	False	False	False
es-S0211-69952009000600023-1	SINTOMA	1806	1866	Potenciales evocados visuales en OD y OI de mediana amplitud	277114007	NARROW	True	False	False
es-S0210-48062007000300014-1	SINTOMA	639	657	prepucio retráctil	366289008	EXACT	False	False	False
es-S1699-695X2015000200010-1	SINTOMA	1252	1280	presa-puño-pinza es completa	284272005	NARROW	False	False	True
es-S0211-69952012000500025-1	SINTOMA	1909	1944	presentaba pulsos humeral y cubital	301156006	EXACT	False	False	False
es-S2254-28842014000200009-1	SINTOMA	490	501	presíncopes	427461000	EXACT	False	False	False
es-S0365-66912006000100008-1	SINTOMA	587	629	Presión intraocular normal en los dos ojos	60280003	EXACT	False	False	False
es-S0210-48062007000300014-1	SINTOMA	432	455	problemas eyaculatorios	386790008	EXACT	False	False	False
es-S0210-48062007000300014-1	SINTOMA	370	407	problemas para la erección voluntaria	276364001	EXACT	False	False	False
es-S1130-05582015000400005-1	SINTOMA	1207	1242	problemas relacionados con el habla	310814007	EXACT	False	False	False
S0004-06142006000100010-1	SINTOMA	370	405	proceso expansivo en la suprarrenal	237783006	EXACT	False	False	False
es-S1130-14732006000400005-1	SINTOMA	499	565	proceso expansivo intraaxial córtico-subcortical frontal izquierdo	422840005	NARROW	False	False	True
es-S0210-48062009000200019-1	SINTOMA	977	997	proceso neoformativo	300848003	EXACT	False	False	False
es-S0212-71992008000700009-1	SINTOMA	233	250	profusión del ojo	301919003	EXACT	False	False	True
es-S1130-63432014000500008-1	SINTOMA	755	782	prolongación del espacio QT	111975006	EXACT	False	False	False
es-S1134-80462015000200005-1	SINTOMA	1240	1274	prominencia discal difusa en L4-L5	472979002	NARROW	False	False	False
es-S0365-66912008000700010-1	SINTOMA	112	132	proptosis unilateral	18265008	EXACT	False	False	False
es-S0210-48062009000600012-1	SINTOMA	1127	1149	próstata firboelástica	276386000	EXACT	False	False	False
es-S0210-48062009000400020-1	SINTOMA	865	932	próstata mal delimitada en ambas bases, con aumento de consistencia	276387009	NARROW	False	False	False
S0004-06142007000600012-1	SINTOMA	607	649	Proteinas totales y fraccionadas: Normales	166780008	EXACT	False	False	False
es-S0212-71992005001100007-1	SINTOMA	2311	2341	Proteinuria de cadenas ligeras	17928001	EXACT	False	False	False
es-S1137-66272014000100019-1	SINTOMA	191	281	protrusión redondeada, blanda, y no dolorosa en la cara lateral derecha de la pared rectal	248523006	NARROW	False	False	False
es-S0212-71992004001100006-1	SINTOMA	54	71	protusión frontal	90145001	EXACT	False	False	True
es-S0212-71992004001100006-1	SINTOMA	1328	1353	protusión frontal derecha	90145001	NARROW	False	False	False
es-S0210-48062004000500009-1	SINTOMA	962	995	PSA dentro de los rangos normales	166159005	EXACT	True	False	True
es-S0211-57352011000400009-1	SINTOMA	887	906	PSA elevado-estable	396152005	EXACT	True	False	True
S0004-06142007000600012-1	SINTOMA	704	727	Psoas derecho engrosado	106030000	NARROW	False	False	True
es-S1698-69462006000100003-1	SINTOMA	633	651	puente nasal ancho	249321001	NARROW	False	False	False
es-S1888-75462016000400180-1	SINTOMA	1112	1142	pulsos periféricos conservados	40969002	EXACT	False	False	False
es-S1137-66272011000300024-1	SINTOMA	1105	1135	pulsos periféricos conservados	40969002	EXACT	False	False	False
es-S1137-66272009000500016-1	SINTOMA	2335	2364	punción lumbar también normal	167703002	EXACT	False	False	False
es-S0210-48062006000700012-1	SINTOMA	1264	1328	punción transperineal ecodirigida obteniendo contenido purulento	418844005	NARROW	False	False	True
es-S1137-66272015000200019-2	SINTOMA	661	710	punto más doloroso en la unión de la 10a costilla	298740004	NARROW	False	False	True
es-S0376-78922009000100014-1	SINTOMA	528	543	punto sangrante	43696002	EXACT	False	False	False
es-S0365-66912007000900016-1	SINTOMA	306	384	puntos blancos de 100-200 micras más numerosos en el área temporal a la mácula	247138002	NARROW	False	False	True
es-S1134-80462009000500006-1	SINTOMA	1241	1280	puntos gatillo en la zona paravertebral	134190002	NARROW	False	False	False
es-S1698-69462006000100006-1	SINTOMA	725	804	puntos gatillo en músculos maseteros y esterno-cleido-mastoideos de ambos lados	134190002	NARROW	False	False	False
es-S1135-76062005000100002-1	SINTOMA	700	725	pupila derecha midriática	37125009	EXACT	False	False	False
es-S0211-69952009000600023-1	SINTOMA	1471	1489	Pupilas discóricas	68633000	NARROW	False	False	False
es-S0365-66912008000700010-1	SINTOMA	335	371	pupilas isocóricas y normorreactivas	386666001	EXACT	False	False	False
es-S1134-80462015000200005-1	SINTOMA	1387	1415	pupilas reactivas simétricas	386666001	EXACT	False	False	False
es-S0376-78922007000300006-3	SINTOMA	610	641	pus dentro de la vaina sinovial	302940000	NARROW	False	False	False
es-S0210-48062004000200011-1	SINTOMA	1282	1311	radiografía de abdomen normal	275734002	EXACT	False	False	False
S0004-06142007000200017-1	SINTOMA	1390	1462	Radiografía de tórax, en la que no se apreció ningún hallazgo patológico	168733007	EXACT	False	False	False
es-S0210-48062004000200011-1	SINTOMA	1232	1280	Radiografía de tórax, mínima congestión vascular	15232001	EXACT	False	False	False
es-S0210-48062007001000004-1	SINTOMA	1913	1960	Radiografía de tórax: Sin hallazgos patológicos	168733007	EXACT	False	False	False
es-S1137-66272013000100024-1	SINTOMA	498	531	radiografía ósea sin alteraciones	168500000	NARROW	False	False	True
es-S1130-01082010000200011-1	SINTOMA	736	780	radiografía simple de abdomen que fue normal	168703000	EXACT	False	False	False
es-S1130-14732005000300004-1	SINTOMA	2854	2896	raíces de C2 y C3 derechas quedan indemnes	246595001	NARROW	False	False	False
es-S0376-78922008000400008-1	SINTOMA	1245	1329	rash exantemático instalado en dirección céfalo-caudal máculopapular, no pruriginoso	398600002	NARROW	False	False	False
es-S1698-44472004000400011-1	SINTOMA	1036	1054	reabsorción apical	109588005	EXACT	False	False	False
es-S0365-66912007000900010-1	SINTOMA	672	720	reacción inflamatoria leve en la cámara anterior	246992005	EXACT	False	False	False
es-S0212-71992004001100006-1	SINTOMA	3236	3309	realce meníngeo anormal difuso más prominente en región frontal izquierda	16079691000119105	NARROW	False	False	False
es-S0378-48352004001000003-1	SINTOMA	723	778	reborde costal derecho dolorosa a la palpación profunda	161977000	EXACT	False	False	False
es-S0378-48352005000100005-2	SINTOMA	141	177	receptores hormonales eran positivos	417742002	EXACT	False	False	True
es-S1130-01082008001000008-1	SINTOMA	269	328	recto anterior derecho, muy doloroso y de consistencia dura	28221000119103	NARROW	False	False	False
es-S0211-69952013000200018-1	SINTOMA	3147	3176	recuperación de función renal	81141003	EXACT	False	False	False
es-S0376-78922008000400008-1	SINTOMA	4571	4594	reepitelización corneal	246966003	NARROW	False	False	False
es-S1139-76322016000300009-1	SINTOMA	543	572	Reflejo cremastérico presente	274608007	EXACT	False	False	False
es-S1137-66272011000300024-1	SINTOMA	1182	1218	reflejos osteotendinosos conservados	49051001	EXACT	False	False	False
es-S0365-66912007000100009-1	SINTOMA	1582	1609	reflejos pupilares normales	386665002	EXACT	False	False	False
es-S0365-66912007001000008-1	SINTOMA	2058	2089	reflejos pupilares son normales	386665002	EXACT	False	False	False
es-S1130-05582017000300150-3	SINTOMA	433	476	regeneración ósea espontánea hemimandibular	370549005	NARROW	False	False	False
es-S1130-01082007000100009-1	SINTOMA	634	711	región glútea y perianal múltiples lesiones nodulares con zonas cicatriciales	400037008	NARROW	False	False	False
es-S0210-48062005000700012-1	SINTOMA	799	837	región ilíaca izquierda está empastada	307135001	NARROW	False	False	False
es-S0213-12852013000400006-1	SINTOMA	1002	1068	registro de potenciales vestibulares miogénicos evocados anormales	102962002	NARROW	False	False	False
es-S0210-48062006000900012-2	SINTOMA	1723	1745	residuo post-miccional	54598009	EXACT	False	False	False
es-S1134-80462015000500005-1	SINTOMA	840	914	resonancia magnética nuclear (RMN) de columna completa no mostró anomalías	169082008	NARROW	True	False	False
es-S1139-76322017000100010-1	SINTOMA	823	873	resonancia magnética nuclear [RMN] cerebral normal	416318006	EXACT	True	False	False
es-S0211-69952014000400019-1	SINTOMA	1034	1096	resonancia magnética nuclear cerebral sin hallazgos de interés	416318006	EXACT	False	False	False
es-S0211-57352011000400009-1	SINTOMA	3557	3587	responde a estímulos dolorosos	450847001	EXACT	False	False	False
es-S0376-78922009000400011-1	SINTOMA	927	954	restos del aguijón venenoso	72587008	NARROW	False	False	False
es-S1130-01082009000500007-1	SINTOMA	649	675	restos fecales compactados	75295004	EXACT	False	False	False
es-S1137-66272012000300023-1	SINTOMA	1278	1346	restos hemáticos por todo el trayecto explorado hasta 15 cm de ileon	712510007	NARROW	False	False	False
es-S1137-66272014000200011-1	SINTOMA	3152	3216	restos post-tiroidectomía de localización en la cámara posterior	56823000	NARROW	False	False	True
es-S1698-44472004000200012-1	SINTOMA	841	859	restos radiculares	66569006	EXACT	False	False	False
es-S1698-44472004000200012-1	SINTOMA	1011	1029	restos radiculares	66569006	EXACT	False	False	False
es-S1698-44472004000200012-1	SINTOMA	1264	1292	restos radiculares maxilares	66569006	EXACT	False	False	False
es-S0211-69952009000600023-1	SINTOMA	2132	2174	restricción de la mancha ciega (aumentada)	1151008	NARROW	False	False	True
es-S0376-78922009000300005-1	SINTOMA	3340	3363	restricción del perineo	289875004	EXACT	False	False	False
es-S0365-66912008000700010-1	SINTOMA	240	275	restricción en las ducciones del OD	456161000124109	NARROW	True	False	True
es-S0365-66912007000100009-1	SINTOMA	526	568	restricciones en las supraducciones del OD	419326002	NARROW	True	False	True
es-S1137-66272013000100023-1	SINTOMA	1667	1710	resultado negativo para células neoplásicas	3391005	EXACT	False	False	False
es-S1137-66272010000400007-1	SINTOMA	1071	1136	resultados del laboratorio se encontraban dentro de la normalidad	442082004	NARROW	False	False	False
es-S0365-66912010000700004-1	SINTOMA	968	1001	retención generalizada de fluidos	43498006	EXACT	False	False	False
es-S0365-66912007000100010-1	SINTOMA	2359	2388	retracción palpebral superior	700344004	EXACT	False	False	False
es-S0365-66912007000100010-1	SINTOMA	1149	1200	retracción palpebral superior de 3 mm en ambos ojos	11718531000119109	EXACT	False	False	False
es-S0376-78922011000500012-1	SINTOMA	665	677	riesgo vital	135819008	EXACT	False	False	True
es-S1130-05582003000600004-2	SINTOMA	940	1017	rinoscopia anterior no mostró alteraciones del suelo o de las paredes nasales	164179004	NARROW	False	False	False
es-S0210-48062005000300014-1	SINTOMA	595	621	riñón contralateral normal	249578005	NARROW	False	False	False
es-S0004-06142008000500009-1	SINTOMA	730	755	riñón derecho funcionante	249578005	NARROW	False	False	False
es-S1137-66272011000300024-1	SINTOMA	2369	2389	Riñón derecho normal	300441003	NARROW	False	False	True
S0004-06142006000100014-1	SINTOMA	1477	1520	riñón izquierdo de características normales	300441003	NARROW	False	False	False
es-S0210-48062003000900009-1	SINTOMA	748	785	Riñón izquierdo de inferior captación	249578005	NARROW	False	False	False
es-S0210-48062007001000004-1	SINTOMA	2283	2324	Riñones de morfología y densidad normales	300441003	NARROW	False	False	False
es-S0211-69952013000200018-1	SINTOMA	1772	1801	riñones disminuidos de tamaño	63463003	EXACT	False	False	False
es-S0210-48062005000400012-1	SINTOMA	889	905	riñones normales	300441003	NARROW	False	False	False
es-S1137-66272012000300024-1	SINTOMA	340	386	ritmo deposicional de características normales	55019002	EXACT	False	False	False
es-S0211-69952009000600023-1	SINTOMA	1775	1804	RMN de cerebro y bulbo normal	416318006	EXACT	True	False	True
es-S0211-69952015000500015-2	SINTOMA	458	553	RNA en suero por ultracentrifugación y anticuerpo anti-VHC core de alta sensibilidad, negativos	406105002	EXACT	True	False	True
es-S1887-85712014000100005-1	SINTOMA	857	873	Romberg negativo	298311000	EXACT	False	False	False
es-S1130-01082008000800009-1	SINTOMA	837	870	roncus pulmonar aislado bilateral	24612001	EXACT	False	False	False
es-S1137-66272011000100013-2	SINTOMA	315	347	roncus y crepitantes bilaterales	48409008	EXACT	False	False	False
es-S1137-66272012000300024-1	SINTOMA	540	567	ruidos cardiacos arrítmicos	123824001	NARROW	False	False	False
es-S1137-66272016000300010-1	SINTOMA	777	802	ruidos cardiacos rítmicos	64730000	EXACT	False	False	False
es-S1887-85712012000400006-1	SINTOMA	521	539	ruidos disminuidos	15280003	EXACT	False	False	True
S0004-06142007000600012-1	SINTOMA	650	687	RX de cadera: Ausencia de lesión ósea	168661005	EXACT	True	False	True
es-S1889-836X2015000200005-2	SINTOMA	812	860	Rx de pies que no mostraba hallazgos patológicos	168687005	EXACT	False	False	False
S0004-06142006000500002-3	SINTOMA	1217	1239	Rx de tórax era normal	168733007	EXACT	False	False	False
S0004-06142006000500002-2	SINTOMA	984	1022	Rx de tórax no presentaba alteraciones	168733007	EXACT	False	False	False
es-S1130-14732005000300004-1	SINTOMA	2902	2918	saco dural libre	299729001	NARROW	False	False	True
es-S0210-48062006000400012-1	SINTOMA	525	573	saco escrotal izquierdo dos imágenes redondeadas	53929009	NARROW	False	False	False
es-S1139-76322016000300015-1	SINTOMA	1289	1345	salida abundante de líquido claro del centro del ombligo	35745008	NARROW	False	False	False
es-S0376-78922009000400011-1	SINTOMA	544	581	salida de material purulento y fétido	35013009	EXACT	False	False	False
es-S1887-85712016000100005-1	SINTOMA	2462	2486	sangrado activo arterial	234003006	EXACT	False	False	False
es-S0365-66912007001200009-1	SINTOMA	1094	1120	sangrado activo de la AMIR	93478000	NARROW	True	False	True
es-S0004-06142008000400016-1	SINTOMA	690	710	sangrado con el roce	248251001	NARROW	False	False	False
es-S0376-78922009000100014-1	SINTOMA	79	128	sangrado de una tumoración localizada en el brazo	396560002	NARROW	False	False	True
es-S1130-01082005001100017-2	SINTOMA	614	635	sangrado intratumoral	396560002	EXACT	False	False	False
es-S1137-66272012000300023-1	SINTOMA	2296	2313	sangrado proximal	8573003	EXACT	False	False	False
es-S1135-76062013000200010-1	SINTOMA	749	799	sangrado reciente, que comprime el lóbulo hepático	16763008	EXACT	False	False	False
es-S0365-66912007001000008-1	SINTOMA	862	871	sangrado,	50960005	EXACT	False	False	False
es-S1698-69462006000100003-1	SINTOMA	242	264	sangrados intestinales	712510007	EXACT	False	False	False
es-S1135-76062005000100002-1	SINTOMA	2183	2206	sangre coagulada oscura	75753009	EXACT	False	False	False
es-S1135-76062005000100002-1	SINTOMA	4821	4857	sangre fue negativo para los tóxicos	167008003	EXACT	False	False	False
es-S1137-66272016000200010-1	SINTOMA	211	249	sangre oculta en heces (TSOH) positivo	59614000	EXACT	True	False	False
es-S1134-80462015000200005-1	SINTOMA	1477	1522	saturación de oxígeno dentro de la normalidad	448225001	EXACT	False	False	False
es-S0212-71992004001100006-1	SINTOMA	1475	1498	se palpaban adenopatías	30746006	EXACT	False	False	False
es-S0376-78922008000400008-1	SINTOMA	1173	1213	secreción purulenta de ambas conjuntivas	423243008	EXACT	False	False	False
es-S1130-05582009000600004-1	SINTOMA	907	945	secreción salival se presentaba normal	300269008	EXACT	False	False	False
es-S0365-66912007000900010-1	SINTOMA	828	864	sector nasal de una masa amelanótica	127002001	NARROW	False	False	True
es-S2254-28842014000200009-1	SINTOMA	2760	2766	sedada	17971005	EXACT	False	False	False
es-S1889-836X2015000400006-1	SINTOMA	536	568	sedimento de orina eran normales	167221003	EXACT	False	False	False
es-S0210-48062006000700012-1	SINTOMA	214	234	sedimento patológico	167222005	NARROW	False	False	False
es-S0365-66912012000500003-1	SINTOMA	481	561	segmento anterior en el OD denotaba un enrojecimiento ligero del sector temporal	781682005	NARROW	True	False	True
es-S0210-48062007000300014-1	SINTOMA	1595	1656	semen: Aspecto normal, licuefacción normal, viscosidad normal	167768009	EXACT	False	False	False
es-S1134-80462015000500005-1	SINTOMA	349	384	"sensación de ""descargas eléctricas"""	723316007	EXACT	False	False	False
es-S0211-57352011000400009-1	SINTOMA	2244	2274	sensación de debilidad en MMII	102568007	EXACT	False	False	False
es-S0213-12852003000500002-1	SINTOMA	1062	1088	sensación de falta el aire	49233005	EXACT	False	False	False
es-S0211-57352011000400009-1	SINTOMA	2136	2174	sensación de mareo con giro de objetos	399153001	EXACT	False	False	False
es-S1139-76322013000200009-1	SINTOMA	212	261	sensación de movimiento de objetos a su alrededor	399153001	EXACT	False	False	False
es-S0211-57352011000400009-1	SINTOMA	1671	1700	sensación de muerte inminente	712759008	NARROW	False	False	False
S0004-06142006000500002-2	SINTOMA	103	139	sensación de peso a nivel testicular	63901009	EXACT	False	False	False
es-S1134-80462015000500005-1	SINTOMA	295	313	sensación de picor	78934009	EXACT	False	False	False
es-S0212-16112009000600018-1	SINTOMA	1868	1909	sensación de plenitud postpandrial precoz	442076002	EXACT	False	False	False
es-S1137-66272011000300024-1	SINTOMA	1137	1160	Sensibilidad vibratoria	299932007	EXACT	False	False	False
es-S1137-66272012000100017-1	SINTOMA	2502	2697	sensible a todos los antibióticos testados (ampicilina, amoxicilina-ácido clavulánico, azitromicina, levofloxacino, ciprofloxacino, cefotaxima, cefuroxima, imipenen, cotrimoxazol y tetraciclinas)	168201002	NARROW	False	False	False
es-S0365-66912012000800005-1	SINTOMA	1477	1552	separación de las capas internas de la retina en comunicación con la foseta	302890002	EXACT	False	False	False
es-S0376-78922009000300005-1	SINTOMA	3699	3713	sequedad local	123640000	EXACT	False	False	True
es-S0004-06142008000300013-1	SINTOMA	477	511	Serología de hidatidosis, negativa	365599005	NARROW	False	False	False
es-S0212-71992004000300009-1	SINTOMA	1433	1464	serología positiva para Paperas	105821000119107	EXACT	False	False	False
es-S1137-66272011000100013-2	SINTOMA	1196	1250	serología también fue positiva para Aspergillus flavus	365597007	NARROW	False	False	False
es-S1130-01082008000300010-1	SINTOMA	1178	1201	Serología VIH: negativa	406108000	EXACT	True	False	False
S0004-06142007000600012-1	SINTOMA	555	577	Serología: No reactiva	365590009	NARROW	False	False	False
es-S0378-48352006000300005-1	SINTOMA	1778	1851	serologías víricas y el estudio de autoinmunidad (ANOES) fueron negativos	166165005	NARROW	True	False	False
S0004-06142006000100014-1	SINTOMA	615	650	severo deterioro del estado general	285384003	EXACT	False	False	False
es-S1130-01082005001100016-1	SINTOMA	1091	1114	sibilancias bilaterales	56018004	EXACT	False	False	False
es-S0378-48352006000300005-1	SINTOMA	272	295	sibilantes espiratorios	9763007	EXACT	False	False	False
es-S0212-71992008000700009-1	SINTOMA	1248	1351	sien derecha y del plano torácico anterior se podía apreciar la dilatación de la red venosa superficial	161992004	NARROW	False	False	False
es-S1134-80462005000300004-1	SINTOMA	2692	2727	signo de Lasegue positivo bilateral	298692000	EXACT	False	False	False
es-S0376-78922008000400008-1	SINTOMA	1335	1369	signo de Nikolski positivo en cara	441837004	NARROW	False	False	False
es-S1699-695X2015000200010-1	SINTOMA	1482	1512	signo de Phalen mediano dudoso	21124006	NARROW	False	False	False
es-S0210-48062005000700012-1	SINTOMA	848	872	signo del psoas positivo	77069005	EXACT	False	False	False
es-S1139-76322013000200009-1	SINTOMA	612	630	signos cerebelosos	223176004	EXACT	False	False	True
es-S0212-71992004001100006-1	SINTOMA	1360	1407	signos cutáneos de hipervascularización craneal	247475002	NARROW	False	False	False
es-S0213-12852003000500002-1	SINTOMA	2164	2233	signos de crecimiento y sobrecarga sistólica del ventrículo izquierdo	25488008	EXACT	False	False	True
es-S1137-66272009000500016-1	SINTOMA	2945	2969	signos de edema cerebral	2032001	EXACT	False	False	False
es-S0212-16112007000100015-1	SINTOMA	987	1027	signos indirectos de bajo gasto cardíaco	44088000	EXACT	False	False	False
es-S0365-66912012000500003-1	SINTOMA	2531	2629	signos inflamatorios en la exploración oftalmológica ni en las pruebas tomográficas ni ecográficas	128295000	NARROW	False	False	False
es-S0378-48352006000300005-1	SINTOMA	1119	1175	signos inflamatorios inespecíficos en el árbol bronquial	897306006	NARROW	False	False	False
es-S0212-71992004001100006-1	SINTOMA	3117	3169	signos lesivo-irritativos en área temporal izquierda	276596008	NARROW	False	False	True
es-S0210-48062006000400012-1	SINTOMA	1291	1339	signos vitales dentro de los parámetros normales	72970002	EXACT	False	False	False
es-S0210-48062005000400012-1	SINTOMA	317	352	síntomas de tramo urinario inferior	307541003	EXACT	False	False	False
es-S1889-836X2015000200005-2	SINTOMA	1798	1813	síntomas en pie	699370008	EXACT	False	False	False
es-S1130-05582010000200004-1	SINTOMA	618	670	síntomas inflamatorios en la zona radiada, con dolor	65761003	NARROW	False	False	True
es-S0211-57352013000300011-1	SINTOMA	2726	2774	síntomas psicóticos congruentes y no congruentes	279315008	NARROW	False	False	False
es-S0211-57352013000300011-1	SINTOMA	1189	1238	síntomas psicóticos congruentes y no congruentes,	279315008	NARROW	False	False	False
es-S0210-48062004000500009-1	SINTOMA	52	94	sintomatología de tracto urinario inferior	307541003	EXACT	False	False	False
es-S0211-57352011000400009-1	SINTOMA	1558	1582	sintomatología depresiva	394924000	EXACT	False	False	False
es-S0211-57352011000400009-1	SINTOMA	2487	2511	sintomatología depresiva	394924000	EXACT	False	False	False
es-S0210-48062004000500009-1	SINTOMA	234	259	sintomatología prostática	30041000119101	EXACT	False	False	False
es-S0210-48062009000600012-1	SINTOMA	1016	1041	sintomatología prostática	30041000119101	EXACT	False	False	False
es-S0211-57352013000300011-1	SINTOMA	4499	4532	Sintomatología psicótica positiva	280427006	EXACT	False	False	False
es-S1134-80462014000500004-1	SINTOMA	3297	3324	sintomatología respiratoria	161920001	EXACT	False	False	False
es-S1134-80462015000200005-1	SINTOMA	2729	2754	sintomatología vegetativa	15241006	EXACT	False	False	False
es-S0365-66912012000500003-1	SINTOMA	2180	2205	situación clínica estable	301459008	EXACT	False	False	False
es-S1889-836X2015000200005-2	SINTOMA	3060	3078	sobrecarga del pie	118932009	NARROW	False	False	True
es-S0211-57352013000300011-1	SINTOMA	279	287	sociable	286720003	EXACT	False	False	False
es-S1130-01082007001100010-2	SINTOMA	892	903	sonmolencia	271782001	EXACT	False	False	False
es-S1137-66272016000300010-1	SINTOMA	814	868	soplo sistólico panfocal de predominio en foco aórtico	82184000	EXACT	False	False	False
es-S1138-123X2004000100006-2	SINTOMA	88	103	succión digital	55644006	EXACT	False	False	True
es-S0210-48062004000200011-1	SINTOMA	2469	2485	sudación profusa	52613005	EXACT	False	False	False
es-S0210-48062004000200011-1	SINTOMA	292	308	sudación profusa	52613005	EXACT	False	False	False
es-S0212-71992004000300009-1	SINTOMA	296	323	sudoración nocturna profusa	42984000	EXACT	False	False	False
es-S1699-695X2015000200010-1	SINTOMA	758	798	sudoración y enrojecimiento de las manos	248248008	NARROW	False	False	False
es-S0213-12852006000600002-1	SINTOMA	766	788	sudoraciones nocturnas	42984000	EXACT	False	False	False
es-S0213-12852005000400003-1	SINTOMA	244	268	superficie como ulcerada	56208002	EXACT	False	False	True
es-S0365-66912007001200011-1	SINTOMA	1590	1633	superficie corneal epitelial lisa y regular	246932007	NARROW	False	False	False
es-S0213-12852003000500002-1	SINTOMA	2235	2274	T negativa en II, III, aVF y de V4 a V6	59931005	EXACT	False	False	False
es-S1130-01082007000700011-1	SINTOMA	1471	1475	T3N0	399647000	EXACT	False	False	False
es-S0378-48352005000100005-2	SINTOMA	128	134	T4a N1	53623008	EXACT	False	False	False
es-S1130-14732006000200011-1	SINTOMA	2220	2254	tabla externa adelgazada y elevada	301314001	NARROW	False	False	True
es-S1130-14732006000200011-1	SINTOMA	2060	2135	tabla interna estaba adelgazada, con abalonamiento irregular y defecto óseo	301314001	NARROW	False	False	False
es-S0376-78922011000100010-1	SINTOMA	358	390	TAC abdominal fue también normal	169064005	NARROW	True	False	True
es-S0210-48062006000200018-1	SINTOMA	866	894	TAC abdominal que fue normal	169064005	NARROW	True	False	True
es-S0004-06142008000400011-2	SINTOMA	526	553	TAC abdominal sin hallazgos	169064005	NARROW	True	False	True
es-S1137-66272009000500016-1	SINTOMA	2306	2332	TAC cerebral que es normal	408568004	EXACT	True	False	True
es-S0211-69952016000600552-1	SINTOMA	3460	3517	TAC cerebral sin contraste (sin hallazgos significativos)	408568004	EXACT	True	False	True
es-S1137-66272009000500016-1	SINTOMA	1565	1602	TAC cerebral sin hallazgos reseñables	408568004	EXACT	True	False	True
es-S0210-48062004000200011-1	SINTOMA	3485	3504	TAC cervical normal	169064005	NARROW	True	False	True
es-S0365-66912007000100009-1	SINTOMA	937	990	TAC orbitario urgente en el que aparece engrosamiento	445398008	NARROW	True	False	True
es-S0004-06142009000400011-1	SINTOMA	2565	2664	TAC toracoabdominal, una gammagrafía ósea y una RMN pélvica que no mostraron enfermedad a distancia	408573005	NARROW	True	False	True
es-S0212-71992004001100006-1	SINTOMA	3621	3673	TAC toraco-abdómino-pélvica no encontró alteraciones	169064005	NARROW	True	False	True
es-S0212-71992005000600008-1	SINTOMA	1120	1183	Tacto rectal con una próstata discretamente aumentada de tamaño	275302008	EXACT	False	False	False
es-S1130-01082009000600013-1	SINTOMA	497	544	tacto rectal y la anuscopia resultaron normales	274765004	EXACT	False	False	False
es-S1137-66272016000300010-1	SINTOMA	1067	1115	Tacto rectal: dedil con restos de heces normales	274765004	EXACT	False	False	False
es-S0212-71992005000400007-1	SINTOMA	2147	2169	tamaño hepático normal	300337001	EXACT	False	False	False
es-S1139-76322015000300013-1	SINTOMA	872	896	taquicardia sinusal leve	11092001	EXACT	False	False	False
es-S0210-48062005000300014-1	SINTOMA	2057	2121	TC cerebral que no muestra hallazgos de significación patológica	408568004	EXACT	True	False	True
es-S0376-78922016000200011-1	SINTOMA	2185	2273	tejido mamario enviado como de la cápsula periprotésica resultó negativo para malignidad	3391005	NARROW	False	False	False
es-S0210-48062009000600012-1	SINTOMA	1588	1612	tejido prostático normal	249604002	NARROW	False	False	True
es-S1699-695X2015000300013-1	SINTOMA	902	921	temblor fino distal	42800007	EXACT	False	False	False
es-S1130-01082005001200011-1	SINTOMA	1025	1069	test de absorción de la D-xilosa, fue normal	167203001	EXACT	False	False	False
es-S0365-66912007000900011-1	SINTOMA	1080	1106	test de colores fue normal	827066007	EXACT	False	False	False
es-S0210-48062009000600012-1	SINTOMA	404	430	test del aliento negativos	168379004	EXACT	False	False	False
S0004-06142007000200017-1	SINTOMA	546	584	teste derecho algo aumentado de tamaño	276412008	EXACT	False	False	False
S0004-06142007000200017-1	SINTOMA	996	1087	teste derecho de 49mm x 36mm x 26mm con lesión hipoecoica, de bordes lobulados, heterogénea	87860000	NARROW	False	False	False
S0004-06142007000200017-1	SINTOMA	1179	1267	teste izquierdo de 32mm x 22mm x 20mm hetrogéneo con lesión focal ligeramente hipoecoica	300492006	NARROW	False	False	False
S0004-06142007000200017-1	SINTOMA	512	539	teste izquierdo hipotrófico	17585008	EXACT	False	False	False
es-S0210-48062007001000004-1	SINTOMA	760	782	Teste izquierdo normal	300493001	EXACT	False	False	False
es-S1139-76322016000300009-1	SINTOMA	590	632	testes normoposicionados, normoconformados	300493001	EXACT	False	False	False
es-S0004-06142008000300011-1	SINTOMA	358	403	testicular, indoloro y de consistencia pétrea	87860000	NARROW	False	False	False
S0004-06142006000500002-3	SINTOMA	837	914	testículo derecho con masa de 19 x 23 mm en polo superior con flujo aumentado	87860000	NARROW	False	False	False
S0004-06142007000200017-1	SINTOMA	280	324	testículo derecho con parénquima heterogéneo	249236000	NARROW	False	False	False
es-S0210-48062007001000004-1	SINTOMA	454	512	testículo derecho con tumoración indolora en polo superior	87860000	NARROW	False	False	False
es-S0210-48062007000300014-1	SINTOMA	810	850	testículo derecho de consistencia normal	302031001	EXACT	False	False	False
S0004-06142007000200017-1	SINTOMA	2064	2101	testículo derecho presenta tumoración	87860000	EXACT	False	False	False
es-S0210-48062004000200011-1	SINTOMA	1437	1532	testículo derecho se distingue hasta tres áreas heterogéneas con disminución de la ecogenicidad	249236000	NARROW	False	False	False
S0004-06142007000200017-1	SINTOMA	1799	1827	testículo izquierdo atrófico	17585008	EXACT	False	False	False
es-S0210-48062007000300014-1	SINTOMA	674	716	testículo izquierdo con volumen disminuido	276411001	EXACT	False	False	False
S0004-06142007000200017-1	SINTOMA	220	273	testículo izquierdo hipogénico y disminuido de tamaño	276411001	EXACT	False	False	False
es-S0210-48062004000200011-1	SINTOMA	1409	1435	testículo izquierdo normal	300493001	EXACT	False	False	False
S0004-06142006000500002-3	SINTOMA	1017	1053	testículo izquierdo sin alteraciones	300493001	EXACT	False	False	False
es-S0210-48062006000400012-1	SINTOMA	1554	1570	testículos sanos	300493001	EXACT	False	False	False
es-S0211-69952012000500025-1	SINTOMA	633	639	thrill	271658004	EXACT	False	False	True
es-S1137-66272016000300010-1	SINTOMA	1033	1043	timpanismo	297209005	EXACT	False	False	True
es-S0365-66912007001200011-1	SINTOMA	807	829	tinción con colorantes	392612009	EXACT	False	False	True
es-S1139-76322009000100006-1	SINTOMA	698	714	tiraje subcostal	8453006	EXACT	False	False	False
es-S1699-695X2015000300013-1	SINTOMA	2075	2139	tiroidea, que en nuestro caso mostraba una hipercaptación difusa	441905004	NARROW	False	False	False
es-S1699-695X2015000300013-1	SINTOMA	1023	1051	tiroides de tamaño aumentado	3716002	EXACT	False	False	False
es-S1139-76322009000100006-1	SINTOMA	323	352	toleraba bien la alimentación	1144522003	EXACT	False	False	False
es-S0376-78922008000400008-1	SINTOMA	5273	5312	tolerancia a los alimentos por vía oral	1144522003	NARROW	False	False	False
es-S0212-16112011000300031-1	SINTOMA	2495	2520	tolerancia oral era buena	251387006	NARROW	False	False	False
es-S1130-14732005000200009-1	SINTOMA	452	500	tomografía computarizada (TC) resultó ser normal	169064005	EXACT	True	False	False
es-S1698-69462006000100003-1	SINTOMA	1828	1895	tomografía computarizada de cráneo (TC) que no muestra alteraciones	408568004	EXACT	True	False	False
es-S1138-123X2004000100006-2	SINTOMA	1051	1067	tonicidad labial	366235006	EXACT	False	False	False
es-S1130-01082005001200011-1	SINTOMA	2360	2405	tono y la fuerza muscular estaban conservados	827065006	EXACT	False	False	False
es-S1137-66272013000100023-1	SINTOMA	742	765	tonos apagados rítmicos	123824001	NARROW	False	False	False
es-S0212-71992005000500009-1	SINTOMA	455	513	toracocentesis mostró un líquido espeso de aspecto lechoso	83035003	EXACT	False	False	False
es-S0211-57352011000400009-1	SINTOMA	3281	3302	torpeza a nivel motor	7006003	EXACT	False	False	False
es-S0365-66912004000900009-1	SINTOMA	524	544	tortuosidad vascular	420515004	EXACT	False	False	True
es-S0212-71992000001200006-1	SINTOMA	1290	1309	Toxoplasma positivo	428915008	EXACT	False	False	False
es-S0378-48352006000300005-1	SINTOMA	3276	3312	tracto fibroso residual en el pulmón	51615001	NARROW	False	False	False
es-S1137-66272012000300023-1	SINTOMA	2512	2589	tramos distales de ileon, la presencia de abundantes restos hemáticos frescos	95535005	EXACT	False	False	False
es-S1698-69462006000200016-1	SINTOMA	801	826	transmigración del canino	234947003	NARROW	False	False	True
es-S0211-69952012000500025-1	SINTOMA	1318	1330	trasplantado	737294004	EXACT	False	False	False
es-S0211-69952012000500025-1	SINTOMA	459	471	trasplantado	737294004	EXACT	False	False	False
es-S1887-85712014000100005-1	SINTOMA	1468	1490	trastorno de la marcha	22325002	EXACT	False	False	False
es-S1137-66272016000300010-1	SINTOMA	1337	1361	trastornos de conducción	44808001	EXACT	False	False	True
es-S1134-80462005000300004-1	SINTOMA	904	926	trastornos miccionales	252030006	EXACT	False	False	False
S0004-06142007000600012-1	SINTOMA	221	244	trasudación de la linfa	234104002	EXACT	False	False	False
es-S1888-75462015000400006-1	SINTOMA	1303	1325	Trendelenburg negativo	299316003	EXACT	False	False	False
es-S0004-06142008000300012-1	SINTOMA	2901	2917	tricúspide libre	301111004	EXACT	False	False	True
es-S1887-85712012000400006-1	SINTOMA	1981	2058	trompa de Falopio derecha la cual está adherida a la pared abdominal anterior	15933661000119109	NARROW	False	False	False
es-S0212-71992005000600008-1	SINTOMA	1460	1487	TSH dentro de la normalidad	166336006	EXACT	True	False	True
es-S0210-48062006000700012-1	SINTOMA	585	649	tumefacción en la zona perineal con enrojecimiento y calor local	124734007	NARROW	False	False	False
es-S1130-05582013000400005-1	SINTOMA	157	189	tumoración azulada en fosa nasal	441766009	NARROW	False	False	False
es-S0213-12852006000600002-1	SINTOMA	2024	2040	tumoración bucal	300854002	EXACT	False	False	False
es-S1130-05582012000300005-1	SINTOMA	58	77	tumoración cervical	299703001	EXACT	False	False	False
es-S0004-06142008000400016-1	SINTOMA	1129	1213	tumoración de aspecto macroscópico no infiltrante, asentanda en la mucosa del glande	300515007	NARROW	False	False	False
es-S1130-14732005000300004-1	SINTOMA	761	836	tumoración de características gomosas bien definida en el ángulo mandibular	128233005	NARROW	False	False	False
S0004-06142007000600014-1	SINTOMA	971	1004	tumoración del conducto deferente	126903003	EXACT	False	False	False
es-S1130-01082007000400010-1	SINTOMA	1975	1994	tumoración duodenal	427702008	EXACT	False	False	False
es-S0212-71992008000700009-1	SINTOMA	1396	1478	tumoración dura, adherida y no dolorosa a nivel de la fosa supraclavicular derecha	126636004	EXACT	False	False	False
es-S1130-14732006000200011-1	SINTOMA	538	566	tumoración elástica indolora	125139001	EXACT	False	False	False
es-S1130-05582010000200004-1	SINTOMA	69	119	tumoración en la cara lateral derecha de la lengua	441975003	NARROW	False	False	False
es-S0376-78922012000300010-1	SINTOMA	42	103	tumoración en párpado superior izquierdo recidivada, indolora	248514008	NARROW	False	False	False
es-S0210-48062007001000004-1	SINTOMA	181	204	tumoración en testículo	87860000	EXACT	False	False	False
es-S0210-48062007001000004-1	SINTOMA	641	664	tumoración en testículo	87860000	EXACT	False	False	False
es-S0210-48062005000400012-1	SINTOMA	1741	1843	tumoración epitelial ulcerada infiltrante de todo el espesor de pared hasta tejido adiposo perivesical	428090004	NARROW	False	False	False
es-S1130-05582017000200119-1	SINTOMA	81	118	tumoración indolora a nivel parotídeo	315284009	EXACT	False	False	False
S0004-06142007000200017-1	SINTOMA	117	152	tumoración indolora en su testículo	87860000	EXACT	False	False	False
es-S0210-48062007001000004-1	SINTOMA	1661	1720	tumoración indurada a nivel del polo inferior del epidídimo	300499002	NARROW	False	False	False
es-S1130-05582007000500007-1	SINTOMA	391	412	tumoración mandibular	126634001	EXACT	False	False	False
es-S1130-05582007000500007-1	SINTOMA	159	180	tumoración mandibular	126634001	EXACT	False	False	True
es-S1130-01082004001200010-1	SINTOMA	225	277	tumoración móvil y dolorosa en hipocondrio izquierdo	827121001	EXACT	False	False	False
es-S1698-44472004000200012-1	SINTOMA	114	129	tumoración oral	300854002	EXACT	False	False	False
es-S1130-01082007000400010-1	SINTOMA	2200	2222	tumoración pancreática	425810000	EXACT	False	False	False
S0004-06142007000600014-1	SINTOMA	885	910	tumoración paratesticular	102031000119109	EXACT	False	False	False
es-S1698-44472004000200012-1	SINTOMA	536	587	tumoración pediculada en cresta gingival mandibular	1204256006	NARROW	False	False	False
es-S0210-48062007000700014-1	SINTOMA	361	410	tumoración perineal de localización paracavernosa	300569009	EXACT	False	False	False
es-S1130-14732005000300004-1	SINTOMA	2615	2691	tumoración que erosiona, insufla e invade los macizos articulares de C2 y C3	115239009	NARROW	False	False	False
es-S1139-76322016000300008-1	SINTOMA	888	903	tumoración roja	4147007	NARROW	False	False	False
es-S1130-14732005000300004-1	SINTOMA	309	388	tumoración subcutánea laterocervical derecha a nivel del ángulo de la mandíbula	445456006	NARROW	False	False	False
es-S0210-48062007001000004-1	SINTOMA	822	843	tumoración testicular	87860000	EXACT	False	False	False
S0004-06142006000100014-1	SINTOMA	2734	2754	tumoración urotelial	300857009	EXACT	False	False	False
es-S0365-66912004000800009-1	SINTOMA	1214	1238	tumoraciones palpebrales	248514008	EXACT	False	False	False
es-S0004-06142007000900010-1	SINTOMA	2511	2537	ultrasonido, que es normal	169254007	EXACT	False	False	False
es-S0004-06142008000500009-1	SINTOMA	968	1002	uréter incluido en dicha formación	128073008	NARROW	False	False	False
es-S0376-78922011000100010-1	SINTOMA	326	356	urografía excretora fue normal	168851001	EXACT	False	False	False
es-S0004-06142008000400013-1	SINTOMA	336	348	útero grande	198319004	EXACT	False	False	False
es-S0376-78922009000300005-1	SINTOMA	780	791	vagina seca	31908003	EXACT	False	False	False
es-S1889-836X2015000400006-1	SINTOMA	1238	1309	valores aumentados de glicina (x2), valina (x2), serina (x4) y treonina	35912001	NARROW	False	False	True
es-S1139-76322016000200013-1	SINTOMA	1482	1505	valores de CPK normales	1153487008	EXACT	True	False	True
es-S1698-44472004000400012-1	SINTOMA	2239	2324	valores séricos de alfa-fetoproteina eran, en los controles postoperatorios, normales	166558007	EXACT	False	False	False
es-S0365-66912007000200011-1	SINTOMA	425	455	variación de su agudeza visual	260246004	NARROW	False	False	False
es-S0365-66912007001200011-1	SINTOMA	610	637	vascularización superficial	231911000	EXACT	False	False	True
es-S1130-01082006000900014-1	SINTOMA	2926	2940	vaso sangrante	50960005	EXACT	False	False	False
es-S0376-78922012000400009-1	SINTOMA	954	1011	vasos linfáticos y los ganglios regionales están indemnes	302060005	NARROW	False	False	False
es-S0210-48062005000300014-1	SINTOMA	626	680	vejiga presentó ecos internos compatibles con coágulos	34409000	NARROW	False	False	False
es-S0004-06142008000300012-1	SINTOMA	2185	2223	vena porta y suprahepáticas permeables	860969004	NARROW	False	False	False
S0004-06142006000900015-1	SINTOMA	330	350	vena renal permeable	248727005	NARROW	False	False	False
es-S0212-71992008000700009-1	SINTOMA	1159	1213	vena yugular derecha se mantenía visible e ingurgitada	271653008	EXACT	False	False	False
es-S1130-63432014000500008-1	SINTOMA	1409	1436	ventrículo izquierdo normal	366186008	NARROW	False	False	True
es-S1130-01082010000200011-1	SINTOMA	1982	2016	vesícula biliar aparece distendida	300344005	EXACT	False	False	False
es-S1130-01082009000400015-1	SINTOMA	390	416	vesícula biliar distendida	300344005	EXACT	False	False	False
es-S1130-01082006000900014-1	SINTOMA	864	890	vesícula biliar distendida	300344005	EXACT	False	False	False
es-S1130-01082007000400010-1	SINTOMA	977	1006	vesícula biliar era hidrópica	47312008	EXACT	False	False	False
es-S1130-01082007001200014-1	SINTOMA	391	459	vesícula biliar estaba marcadamente distendida y aumentada de tamaño	300344005	EXACT	False	False	False
es-S1130-01082007000400010-1	SINTOMA	511	541	vesícula biliar, con molestias	102628000	EXACT	False	False	False
es-S1130-01082007001200014-1	SINTOMA	565	613	vesícula estaba engrosada y la mucosa hiperémica	300344005	NARROW	False	False	False
es-S1130-01082005001100016-1	SINTOMA	784	845	Vesícula, cuerpo de páncreas, riñones, bazo y vejiga normales	711376006	NARROW	False	False	False
es-S0376-78922008000400008-1	SINTOMA	1411	1521	vesículas confluentes y esfacelación de éstas en tórax anterior y posterior, mejillas y pabellones auriculares	79893008	NARROW	False	False	False
es-S0211-69952015000500015-2	SINTOMA	411	421	VHC oculto	50711007	EXACT	True	False	True
es-S1130-05582007000500007-1	SINTOMA	292	304	VHC positivo	406104003	EXACT	True	False	True
es-S1139-76322009000700016-1	SINTOMA	1845	1871	vía biliar poco distendida	300339003	NARROW	False	False	False
es-S0210-56912011000200009-1	SINTOMA	1129	1155	VIH por ELISA fue POSITIVO	406109008	EXACT	True	False	True
es-S0213-12852006000600002-1	SINTOMA	127	140	VIH. Positiva	165816005	EXACT	True	False	True
es-S0211-69952014000600016-1	SINTOMA	365	381	viremia negativa	365707003	NARROW	False	False	False
es-S0211-69952014000600016-1	SINTOMA	321	337	viremia negativa	365707003	NARROW	False	False	False
es-S0211-69952014000600016-1	SINTOMA	261	293	viruria (107 copias/ml) para BKV	123729002	NARROW	True	False	False
es-S0211-69952009000600023-1	SINTOMA	2392	2410	visión bulto en OD	246636008	NARROW	True	False	True
es-S0211-69952009000600023-1	SINTOMA	1435	1469	visión con bulto del ojo izquierdo	246636008	NARROW	False	False	False
es-S0365-66912006000100008-1	SINTOMA	1053	1104	visión de la paciente ha disminuido a 0,9 en el ojo	170728008	EXACT	False	False	False
es-S1887-85712014000100005-1	SINTOMA	252	273	visión doble vertical	24982008	NARROW	False	False	False
es-S1130-01082007001100009-1	SINTOMA	1383	1437	volumen rectal máximo tolerable discretamente reducido	249597005	NARROW	False	False	True
es-S0211-69952012000500025-1	SINTOMA	98	138	voluminosa masa pulsátil en el antebrazo	448928006	NARROW	False	False	False
es-S1135-76062013000100008-1	SINTOMA	463	495	vómito verde oscuro en el rostro	71419002	EXACT	False	False	False
es-S1130-01082010000200011-1	SINTOMA	290	310	vómitos alimentarios	300365004	EXACT	False	False	False
es-S0004-06142008000300012-1	SINTOMA	160	176	vómitos biliosos	71419002	EXACT	False	False	False
es-S0212-16112014000300032-1	SINTOMA	1095	1115	vómitos incoercibles	332982000	EXACT	False	False	False
es-S1130-63432014000400016-1	SINTOMA	527	540	VSG aumentada	165468009	EXACT	True	False	True
es-S0212-71992004001100006-1	SINTOMA	2389	2400	VSG elevada	165468009	EXACT	True	False	True
es-S1130-01082007001100009-1	SINTOMA	393	446	zona indurada en la pared lateral izquierda del recto	5964004	NARROW	False	False	False
es-S0212-71992005000600008-1	SINTOMA	903	997	zona periumbilical, donde se aprecia a la inspección y se palpa un nódulo de consistencia dura	448569009	NARROW	False	False	False
es-S1139-76322016000300008-1	SINTOMA	1642	1699	zona superior de la vejiga hacia el ombligo una colección	235993005	NARROW	False	False	False
es-S1137-66272014000200011-1	SINTOMA	1931	1965	zonas mal definidas hipoecogénicas	129741003	NARROW	False	False	False
